STRUCTURE,STRUCTURE_ID,STRUCTURE_NAME,ACTION,FREQ,Frequency of observation,TERRITORIAL_LEVEL,Territorial level,REF_AREA,Reference area,TERRITORIAL_TYPE,Territorial typology,MEASURE,Measure,AGE,Age,SEX,Sex,UNIT_MEASURE,Unit of measure,TIME_PERIOD,Time period,OBS_VALUE,Observation value,COUNTRY,Country,OBS_STATUS,Observation status,UNIT_MULT,Unit multiplier,DECIMALS,Decimals
DATAFLOW,OECD.CFE.EDS:DSD_REG_DEMO@DF_FERTILITY(2.4),Fertility - Regions,I,A,Annual,CTRY,Country,ESP,Spain,_Z,Not applicable,LIVE_BIRTHS,Live births,Y0,0 years,_T,Total,BR,Births,2000,,397632,,ESP,Spain,A,Normal value,0,Units,0,Zero
DATAFLOW,OECD.CFE.EDS:DSD_REG_DEMO@DF_FERTILITY(2.4),Fertility - Regions,I,A,Annual,CTRY,Country,JPN,Japan,_Z,Not applicable,LIVE_BIRTHS,Live births,Y0,0 years,_T,Total,BR,Births,2000,,1190337,,JPN,Japan,A,Normal value,0,Units,0,Zero
DATAFLOW,OECD.CFE.EDS:DSD_REG_DEMO@DF_FERTILITY(2.4),Fertility - Regions,I,A,Annual,CTRY,Country,FRA,France,_Z,Not applicable,LIVE_BIRTHS,Live births,Y0,0 years,_T,Total,BR,Births,2000,,806800,,FRA,France,A,Normal value,0,Units,0,Zero
DATAFLOW,OECD.CFE.EDS:DSD_REG_DEMO@DF_FERTILITY(2.4),Fertility - Regions,I,A,Annual,CTRY,Country,KOR,Korea,_Z,Not applicable,LIVE_BIRTHS,Live births,Y0,0 years,_T,Total,BR,Births,2000,,640089,,KOR,Korea,A,Normal value,0,Units,0,Zero
DATAFLOW,OECD.CFE.EDS:DSD_REG_DEMO@DF_FERTILITY(2.4),Fertility - Regions,I,A,Annual,CTRY,Country,USA,United States,_Z,Not applicable,LIVE_BIRTHS,Live births,Y0,0 years,_T,Total,BR,Births,2000,,4058814,,USA,United States,A,Normal value,0,Units,0,Zero
DATAFLOW,OECD.CFE.EDS:DSD_REG_DEMO@DF_FERTILITY(2.4),Fertility - Regions,I,A,Annual,CTRY,Country,ITA,Italy,_Z,Not applicable,LIVE_BIRTHS,Live births,Y0,0 years,_T,Total,BR,Births,2000,,543144,,ITA,Italy,A,Normal value,0,Units,0,Zero
DATAFLOW,OECD.CFE.EDS:DSD_REG_DEMO@DF_FERTILITY(2.4),Fertility - Regions,I,A,Annual,CTRY,Country,DEU,Germany,_Z,Not applicable,LIVE_BIRTHS,Live births,Y0,0 years,_T,Total,BR,Births,2000,,766999,,DEU,Germany,A,Normal value,0,Units,0,Zero
DATAFLOW,OECD.CFE.EDS:DSD_REG_DEMO@DF_FERTILITY(2.4),Fertility - Regions,I,A,Annual,CTRY,Country,DEU,Germany,_Z,Not applicable,LIVE_BIRTHS,Live births,Y0,0 years,_T,Total,BR,Births,2001,,734475,,DEU,Germany,A,Normal value,0,Units,0,Zero
DATAFLOW,OECD.CFE.EDS:DSD_REG_DEMO@DF_FERTILITY(2.4),Fertility - Regions,I,A,Annual,CTRY,Country,ITA,Italy,_Z,Not applicable,LIVE_BIRTHS,Live births,Y0,0 years,_T,Total,BR,Births,2001,,535282,,ITA,Italy,A,Normal value,0,Units,0,Zero
DATAFLOW,OECD.CFE.EDS:DSD_REG_DEMO@DF_FERTILITY(2.4),Fertility - Regions,I,A,Annual,CTRY,Country,USA,United States,_Z,Not applicable,LIVE_BIRTHS,Live births,Y0,0 years,_T,Total,BR,Births,2001,,4025933,,USA,United States,A,Normal value,0,Units,0,Zero
DATAFLOW,OECD.CFE.EDS:DSD_REG_DEMO@DF_FERTILITY(2.4),Fertility - Regions,I,A,Annual,CTRY,Country,KOR,Korea,_Z,Not applicable,LIVE_BIRTHS,Live births,Y0,0 years,_T,Total,BR,Births,2001,,559934,,KOR,Korea,A,Normal value,0,Units,0,Zero
DATAFLOW,OECD.CFE.EDS:DSD_REG_DEMO@DF_FERTILITY(2.4),Fertility - Regions,I,A,Annual,CTRY,Country,FRA,France,_Z,Not applicable,LIVE_BIRTHS,Live births,Y0,0 years,_T,Total,BR,Births,2001,,802400,,FRA,France,A,Normal value,0,Units,0,Zero
DATAFLOW,OECD.CFE.EDS:DSD_REG_DEMO@DF_FERTILITY(2.4),Fertility - Regions,I,A,Annual,CTRY,Country,ESP,Spain,_Z,Not applicable,LIVE_BIRTHS,Live births,Y0,0 years,_T,Total,BR,Births,2001,,405313,,ESP,Spain,A,Normal value,0,Units,0,Zero
DATAFLOW,OECD.CFE.EDS:DSD_REG_DEMO@DF_FERTILITY(2.4),Fertility - Regions,I,A,Annual,CTRY,Country,ESP,Spain,_Z,Not applicable,LIVE_BIRTHS,Live births,Y0,0 years,_T,Total,BR,Births,2002,,417688,,ESP,Spain,A,Normal value,0,Units,0,Zero
DATAFLOW,OECD.CFE.EDS:DSD_REG_DEMO@DF_FERTILITY(2.4),Fertility - Regions,I,A,Annual,CTRY,Country,FRA,France,_Z,Not applicable,LIVE_BIRTHS,Live births,Y0,0 years,_T,Total,BR,Births,2002,,792025,,FRA,France,A,Normal value,0,Units,0,Zero
DATAFLOW,OECD.CFE.EDS:DSD_REG_DEMO@DF_FERTILITY(2.4),Fertility - Regions,I,A,Annual,CTRY,Country,KOR,Korea,_Z,Not applicable,LIVE_BIRTHS,Live births,Y0,0 years,_T,Total,BR,Births,2002,,496911,,KOR,Korea,A,Normal value,0,Units,0,Zero
DATAFLOW,OECD.CFE.EDS:DSD_REG_DEMO@DF_FERTILITY(2.4),Fertility - Regions,I,A,Annual,CTRY,Country,USA,United States,_Z,Not applicable,LIVE_BIRTHS,Live births,Y0,0 years,_T,Total,BR,Births,2002,,4021726,,USA,United States,A,Normal value,0,Units,0,Zero
DATAFLOW,OECD.CFE.EDS:DSD_REG_DEMO@DF_FERTILITY(2.4),Fertility - Regions,I,A,Annual,CTRY,Country,ITA,Italy,_Z,Not applicable,LIVE_BIRTHS,Live births,Y0,0 years,_T,Total,BR,Births,2002,,538198,,ITA,Italy,A,Normal value,0,Units,0,Zero
DATAFLOW,OECD.CFE.EDS:DSD_REG_DEMO@DF_FERTILITY(2.4),Fertility - Regions,I,A,Annual,CTRY,Country,DEU,Germany,_Z,Not applicable,LIVE_BIRTHS,Live births,Y0,0 years,_T,Total,BR,Births,2002,,719250,,DEU,Germany,A,Normal value,0,Units,0,Zero
DATAFLOW,OECD.CFE.EDS:DSD_REG_DEMO@DF_FERTILITY(2.4),Fertility - Regions,I,A,Annual,CTRY,Country,DEU,Germany,_Z,Not applicable,LIVE_BIRTHS,Live births,Y0,0 years,_T,Total,BR,Births,2003,,706721,,DEU,Germany,A,Normal value,0,Units,0,Zero
DATAFLOW,OECD.CFE.EDS:DSD_REG_DEMO@DF_FERTILITY(2.4),Fertility - Regions,I,A,Annual,CTRY,Country,ITA,Italy,_Z,Not applicable,LIVE_BIRTHS,Live births,Y0,0 years,_T,Total,BR,Births,2003,,544063,,ITA,Italy,A,Normal value,0,Units,0,Zero
DATAFLOW,OECD.CFE.EDS:DSD_REG_DEMO@DF_FERTILITY(2.4),Fertility - Regions,I,A,Annual,CTRY,Country,USA,United States,_Z,Not applicable,LIVE_BIRTHS,Live births,Y0,0 years,_T,Total,BR,Births,2003,,4089950,,USA,United States,A,Normal value,0,Units,0,Zero
DATAFLOW,OECD.CFE.EDS:DSD_REG_DEMO@DF_FERTILITY(2.4),Fertility - Regions,I,A,Annual,CTRY,Country,KOR,Korea,_Z,Not applicable,LIVE_BIRTHS,Live births,Y0,0 years,_T,Total,BR,Births,2003,,495036,,KOR,Korea,A,Normal value,0,Units,0,Zero
DATAFLOW,OECD.CFE.EDS:DSD_REG_DEMO@DF_FERTILITY(2.4),Fertility - Regions,I,A,Annual,CTRY,Country,FRA,France,_Z,Not applicable,LIVE_BIRTHS,Live births,Y0,0 years,_T,Total,BR,Births,2003,,792394,,FRA,France,A,Normal value,0,Units,0,Zero
DATAFLOW,OECD.CFE.EDS:DSD_REG_DEMO@DF_FERTILITY(2.4),Fertility - Regions,I,A,Annual,CTRY,Country,ESP,Spain,_Z,Not applicable,LIVE_BIRTHS,Live births,Y0,0 years,_T,Total,BR,Births,2003,,440531,,ESP,Spain,A,Normal value,0,Units,0,Zero
DATAFLOW,OECD.CFE.EDS:DSD_REG_DEMO@DF_FERTILITY(2.4),Fertility - Regions,I,A,Annual,CTRY,Country,ESP,Spain,_Z,Not applicable,LIVE_BIRTHS,Live births,Y0,0 years,_T,Total,BR,Births,2004,,453172,,ESP,Spain,A,Normal value,0,Units,0,Zero
DATAFLOW,OECD.CFE.EDS:DSD_REG_DEMO@DF_FERTILITY(2.4),Fertility - Regions,I,A,Annual,CTRY,Country,FRA,France,_Z,Not applicable,LIVE_BIRTHS,Live births,Y0,0 years,_T,Total,BR,Births,2004,,798810,,FRA,France,A,Normal value,0,Units,0,Zero
DATAFLOW,OECD.CFE.EDS:DSD_REG_DEMO@DF_FERTILITY(2.4),Fertility - Regions,I,A,Annual,CTRY,Country,KOR,Korea,_Z,Not applicable,LIVE_BIRTHS,Live births,Y0,0 years,_T,Total,BR,Births,2004,,476958,,KOR,Korea,A,Normal value,0,Units,0,Zero
DATAFLOW,OECD.CFE.EDS:DSD_REG_DEMO@DF_FERTILITY(2.4),Fertility - Regions,I,A,Annual,CTRY,Country,USA,United States,_Z,Not applicable,LIVE_BIRTHS,Live births,Y0,0 years,_T,Total,BR,Births,2004,,4112052,,USA,United States,A,Normal value,0,Units,0,Zero
DATAFLOW,OECD.CFE.EDS:DSD_REG_DEMO@DF_FERTILITY(2.4),Fertility - Regions,I,A,Annual,CTRY,Country,ITA,Italy,_Z,Not applicable,LIVE_BIRTHS,Live births,Y0,0 years,_T,Total,BR,Births,2004,,562599,,ITA,Italy,A,Normal value,0,Units,0,Zero
DATAFLOW,OECD.CFE.EDS:DSD_REG_DEMO@DF_FERTILITY(2.4),Fertility - Regions,I,A,Annual,CTRY,Country,DEU,Germany,_Z,Not applicable,LIVE_BIRTHS,Live births,Y0,0 years,_T,Total,BR,Births,2004,,705622,,DEU,Germany,A,Normal value,0,Units,0,Zero
DATAFLOW,OECD.CFE.EDS:DSD_REG_DEMO@DF_FERTILITY(2.4),Fertility - Regions,I,A,Annual,CTRY,Country,DEU,Germany,_Z,Not applicable,LIVE_BIRTHS,Live births,Y0,0 years,_T,Total,BR,Births,2005,,685795,,DEU,Germany,A,Normal value,0,Units,0,Zero
DATAFLOW,OECD.CFE.EDS:DSD_REG_DEMO@DF_FERTILITY(2.4),Fertility - Regions,I,A,Annual,CTRY,Country,ITA,Italy,_Z,Not applicable,LIVE_BIRTHS,Live births,Y0,0 years,_T,Total,BR,Births,2005,,554022,,ITA,Italy,A,Normal value,0,Units,0,Zero
DATAFLOW,OECD.CFE.EDS:DSD_REG_DEMO@DF_FERTILITY(2.4),Fertility - Regions,I,A,Annual,CTRY,Country,USA,United States,_Z,Not applicable,LIVE_BIRTHS,Live births,Y0,0 years,_T,Total,BR,Births,2005,,4138349,,USA,United States,A,Normal value,0,Units,0,Zero
DATAFLOW,OECD.CFE.EDS:DSD_REG_DEMO@DF_FERTILITY(2.4),Fertility - Regions,I,A,Annual,CTRY,Country,KOR,Korea,_Z,Not applicable,LIVE_BIRTHS,Live births,Y0,0 years,_T,Total,BR,Births,2005,,438707,,KOR,Korea,A,Normal value,0,Units,0,Zero
DATAFLOW,OECD.CFE.EDS:DSD_REG_DEMO@DF_FERTILITY(2.4),Fertility - Regions,I,A,Annual,CTRY,Country,FRA,France,_Z,Not applicable,LIVE_BIRTHS,Live births,Y0,0 years,_T,Total,BR,Births,2005,,806221,,FRA,France,A,Normal value,0,Units,0,Zero
DATAFLOW,OECD.CFE.EDS:DSD_REG_DEMO@DF_FERTILITY(2.4),Fertility - Regions,I,A,Annual,CTRY,Country,ESP,Spain,_Z,Not applicable,LIVE_BIRTHS,Live births,Y0,0 years,_T,Total,BR,Births,2005,,464811,,ESP,Spain,A,Normal value,0,Units,0,Zero
DATAFLOW,OECD.CFE.EDS:DSD_REG_DEMO@DF_FERTILITY(2.4),Fertility - Regions,I,A,Annual,CTRY,Country,ESP,Spain,_Z,Not applicable,LIVE_BIRTHS,Live births,Y0,0 years,_T,Total,BR,Births,2006,,481295,,ESP,Spain,A,Normal value,0,Units,0,Zero
DATAFLOW,OECD.CFE.EDS:DSD_REG_DEMO@DF_FERTILITY(2.4),Fertility - Regions,I,A,Annual,CTRY,Country,FRA,France,_Z,Not applicable,LIVE_BIRTHS,Live births,Y0,0 years,_T,Total,BR,Births,2006,,828648,,FRA,France,A,Normal value,0,Units,0,Zero
DATAFLOW,OECD.CFE.EDS:DSD_REG_DEMO@DF_FERTILITY(2.4),Fertility - Regions,I,A,Annual,CTRY,Country,KOR,Korea,_Z,Not applicable,LIVE_BIRTHS,Live births,Y0,0 years,_T,Total,BR,Births,2006,,451759,,KOR,Korea,A,Normal value,0,Units,0,Zero
DATAFLOW,OECD.CFE.EDS:DSD_REG_DEMO@DF_FERTILITY(2.4),Fertility - Regions,I,A,Annual,CTRY,Country,USA,United States,_Z,Not applicable,LIVE_BIRTHS,Live births,Y0,0 years,_T,Total,BR,Births,2006,,4265555,,USA,United States,A,Normal value,0,Units,0,Zero
DATAFLOW,OECD.CFE.EDS:DSD_REG_DEMO@DF_FERTILITY(2.4),Fertility - Regions,I,A,Annual,CTRY,Country,ITA,Italy,_Z,Not applicable,LIVE_BIRTHS,Live births,Y0,0 years,_T,Total,BR,Births,2006,,560010,,ITA,Italy,A,Normal value,0,Units,0,Zero
DATAFLOW,OECD.CFE.EDS:DSD_REG_DEMO@DF_FERTILITY(2.4),Fertility - Regions,I,A,Annual,CTRY,Country,DEU,Germany,_Z,Not applicable,LIVE_BIRTHS,Live births,Y0,0 years,_T,Total,BR,Births,2006,,672724,,DEU,Germany,A,Normal value,0,Units,0,Zero
DATAFLOW,OECD.CFE.EDS:DSD_REG_DEMO@DF_FERTILITY(2.4),Fertility - Regions,I,A,Annual,CTRY,Country,DEU,Germany,_Z,Not applicable,LIVE_BIRTHS,Live births,Y0,0 years,_T,Total,BR,Births,2007,,684862,,DEU,Germany,A,Normal value,0,Units,0,Zero
DATAFLOW,OECD.CFE.EDS:DSD_REG_DEMO@DF_FERTILITY(2.4),Fertility - Regions,I,A,Annual,CTRY,Country,ITA,Italy,_Z,Not applicable,LIVE_BIRTHS,Live births,Y0,0 years,_T,Total,BR,Births,2007,,563933,,ITA,Italy,A,Normal value,0,Units,0,Zero
DATAFLOW,OECD.CFE.EDS:DSD_REG_DEMO@DF_FERTILITY(2.4),Fertility - Regions,I,A,Annual,CTRY,Country,USA,United States,_Z,Not applicable,LIVE_BIRTHS,Live births,Y0,0 years,_T,Total,BR,Births,2007,,4316233,,USA,United States,A,Normal value,0,Units,0,Zero
DATAFLOW,OECD.CFE.EDS:DSD_REG_DEMO@DF_FERTILITY(2.4),Fertility - Regions,I,A,Annual,CTRY,Country,KOR,Korea,_Z,Not applicable,LIVE_BIRTHS,Live births,Y0,0 years,_T,Total,BR,Births,2007,,496822,,KOR,Korea,A,Normal value,0,Units,0,Zero
DATAFLOW,OECD.CFE.EDS:DSD_REG_DEMO@DF_FERTILITY(2.4),Fertility - Regions,I,A,Annual,CTRY,Country,FRA,France,_Z,Not applicable,LIVE_BIRTHS,Live births,Y0,0 years,_T,Total,BR,Births,2007,,817911,,FRA,France,A,Normal value,0,Units,0,Zero
DATAFLOW,OECD.CFE.EDS:DSD_REG_DEMO@DF_FERTILITY(2.4),Fertility - Regions,I,A,Annual,CTRY,Country,ESP,Spain,_Z,Not applicable,LIVE_BIRTHS,Live births,Y0,0 years,_T,Total,BR,Births,2007,,491138,,ESP,Spain,A,Normal value,0,Units,0,Zero
DATAFLOW,OECD.CFE.EDS:DSD_REG_DEMO@DF_FERTILITY(2.4),Fertility - Regions,I,A,Annual,CTRY,Country,ESP,Spain,_Z,Not applicable,LIVE_BIRTHS,Live births,Y0,0 years,_T,Total,BR,Births,2008,,518503,,ESP,Spain,A,Normal value,0,Units,0,Zero
DATAFLOW,OECD.CFE.EDS:DSD_REG_DEMO@DF_FERTILITY(2.4),Fertility - Regions,I,A,Annual,CTRY,Country,FRA,France,_Z,Not applicable,LIVE_BIRTHS,Live births,Y0,0 years,_T,Total,BR,Births,2008,,827712,,FRA,France,A,Normal value,0,Units,0,Zero
DATAFLOW,OECD.CFE.EDS:DSD_REG_DEMO@DF_FERTILITY(2.4),Fertility - Regions,I,A,Annual,CTRY,Country,KOR,Korea,_Z,Not applicable,LIVE_BIRTHS,Live births,Y0,0 years,_T,Total,BR,Births,2008,,465892,,KOR,Korea,A,Normal value,0,Units,0,Zero
DATAFLOW,OECD.CFE.EDS:DSD_REG_DEMO@DF_FERTILITY(2.4),Fertility - Regions,I,A,Annual,CTRY,Country,USA,United States,_Z,Not applicable,LIVE_BIRTHS,Live births,Y0,0 years,_T,Total,BR,Births,2008,,4247694,,USA,United States,A,Normal value,0,Units,0,Zero
DATAFLOW,OECD.CFE.EDS:DSD_REG_DEMO@DF_FERTILITY(2.4),Fertility - Regions,I,A,Annual,CTRY,Country,ITA,Italy,_Z,Not applicable,LIVE_BIRTHS,Live births,Y0,0 years,_T,Total,BR,Births,2008,,576659,,ITA,Italy,A,Normal value,0,Units,0,Zero
DATAFLOW,OECD.CFE.EDS:DSD_REG_DEMO@DF_FERTILITY(2.4),Fertility - Regions,I,A,Annual,CTRY,Country,DEU,Germany,_Z,Not applicable,LIVE_BIRTHS,Live births,Y0,0 years,_T,Total,BR,Births,2008,,682514,,DEU,Germany,A,Normal value,0,Units,0,Zero
DATAFLOW,OECD.CFE.EDS:DSD_REG_DEMO@DF_FERTILITY(2.4),Fertility - Regions,I,A,Annual,CTRY,Country,DEU,Germany,_Z,Not applicable,LIVE_BIRTHS,Live births,Y0,0 years,_T,Total,BR,Births,2009,,665126,,DEU,Germany,A,Normal value,0,Units,0,Zero
DATAFLOW,OECD.CFE.EDS:DSD_REG_DEMO@DF_FERTILITY(2.4),Fertility - Regions,I,A,Annual,CTRY,Country,ITA,Italy,_Z,Not applicable,LIVE_BIRTHS,Live births,Y0,0 years,_T,Total,BR,Births,2009,,568857,,ITA,Italy,A,Normal value,0,Units,0,Zero
DATAFLOW,OECD.CFE.EDS:DSD_REG_DEMO@DF_FERTILITY(2.4),Fertility - Regions,I,A,Annual,CTRY,Country,USA,United States,_Z,Not applicable,LIVE_BIRTHS,Live births,Y0,0 years,_T,Total,BR,Births,2009,,4130665,,USA,United States,A,Normal value,0,Units,0,Zero
DATAFLOW,OECD.CFE.EDS:DSD_REG_DEMO@DF_FERTILITY(2.4),Fertility - Regions,I,A,Annual,CTRY,Country,KOR,Korea,_Z,Not applicable,LIVE_BIRTHS,Live births,Y0,0 years,_T,Total,BR,Births,2009,,444849,,KOR,Korea,A,Normal value,0,Units,0,Zero
DATAFLOW,OECD.CFE.EDS:DSD_REG_DEMO@DF_FERTILITY(2.4),Fertility - Regions,I,A,Annual,CTRY,Country,FRA,France,_Z,Not applicable,LIVE_BIRTHS,Live births,Y0,0 years,_T,Total,BR,Births,2009,,823280,,FRA,France,A,Normal value,0,Units,0,Zero
DATAFLOW,OECD.CFE.EDS:DSD_REG_DEMO@DF_FERTILITY(2.4),Fertility - Regions,I,A,Annual,CTRY,Country,ESP,Spain,_Z,Not applicable,LIVE_BIRTHS,Live births,Y0,0 years,_T,Total,BR,Births,2009,,493717,,ESP,Spain,A,Normal value,0,Units,0,Zero
DATAFLOW,OECD.CFE.EDS:DSD_REG_DEMO@DF_FERTILITY(2.4),Fertility - Regions,I,A,Annual,CTRY,Country,ESP,Spain,_Z,Not applicable,LIVE_BIRTHS,Live births,Y0,0 years,_T,Total,BR,Births,2010,,485252,,ESP,Spain,A,Normal value,0,Units,0,Zero
DATAFLOW,OECD.CFE.EDS:DSD_REG_DEMO@DF_FERTILITY(2.4),Fertility - Regions,I,A,Annual,CTRY,Country,FRA,France,_Z,Not applicable,LIVE_BIRTHS,Live births,Y0,0 years,_T,Total,BR,Births,2010,,831975,,FRA,France,A,Normal value,0,Units,0,Zero
DATAFLOW,OECD.CFE.EDS:DSD_REG_DEMO@DF_FERTILITY(2.4),Fertility - Regions,I,A,Annual,CTRY,Country,KOR,Korea,_Z,Not applicable,LIVE_BIRTHS,Live births,Y0,0 years,_T,Total,BR,Births,2010,,470171,,KOR,Korea,A,Normal value,0,Units,0,Zero
DATAFLOW,OECD.CFE.EDS:DSD_REG_DEMO@DF_FERTILITY(2.4),Fertility - Regions,I,A,Annual,CTRY,Country,USA,United States,_Z,Not applicable,LIVE_BIRTHS,Live births,Y0,0 years,_T,Total,BR,Births,2010,,3999386,,USA,United States,A,Normal value,0,Units,0,Zero
DATAFLOW,OECD.CFE.EDS:DSD_REG_DEMO@DF_FERTILITY(2.4),Fertility - Regions,I,A,Annual,CTRY,Country,ITA,Italy,_Z,Not applicable,LIVE_BIRTHS,Live births,Y0,0 years,_T,Total,BR,Births,2010,,561944,,ITA,Italy,A,Normal value,0,Units,0,Zero
DATAFLOW,OECD.CFE.EDS:DSD_REG_DEMO@DF_FERTILITY(2.4),Fertility - Regions,I,A,Annual,CTRY,Country,DEU,Germany,_Z,Not applicable,LIVE_BIRTHS,Live births,Y0,0 years,_T,Total,BR,Births,2010,,677947,,DEU,Germany,A,Normal value,0,Units,0,Zero
DATAFLOW,OECD.CFE.EDS:DSD_REG_DEMO@DF_FERTILITY(2.4),Fertility - Regions,I,A,Annual,CTRY,Country,DEU,Germany,_Z,Not applicable,LIVE_BIRTHS,Live births,Y0,0 years,_T,Total,BR,Births,2011,,662685,,DEU,Germany,A,Normal value,0,Units,0,Zero
DATAFLOW,OECD.CFE.EDS:DSD_REG_DEMO@DF_FERTILITY(2.4),Fertility - Regions,I,A,Annual,CTRY,Country,ITA,Italy,_Z,Not applicable,LIVE_BIRTHS,Live births,Y0,0 years,_T,Total,BR,Births,2011,,546585,,ITA,Italy,A,Normal value,0,Units,0,Zero
DATAFLOW,OECD.CFE.EDS:DSD_REG_DEMO@DF_FERTILITY(2.4),Fertility - Regions,I,A,Annual,CTRY,Country,USA,United States,_Z,Not applicable,LIVE_BIRTHS,Live births,Y0,0 years,_T,Total,BR,Births,2011,,3953590,,USA,United States,A,Normal value,0,Units,0,Zero
DATAFLOW,OECD.CFE.EDS:DSD_REG_DEMO@DF_FERTILITY(2.4),Fertility - Regions,I,A,Annual,CTRY,Country,KOR,Korea,_Z,Not applicable,LIVE_BIRTHS,Live births,Y0,0 years,_T,Total,BR,Births,2011,,471265,,KOR,Korea,A,Normal value,0,Units,0,Zero
DATAFLOW,OECD.CFE.EDS:DSD_REG_DEMO@DF_FERTILITY(2.4),Fertility - Regions,I,A,Annual,CTRY,Country,FRA,France,_Z,Not applicable,LIVE_BIRTHS,Live births,Y0,0 years,_T,Total,BR,Births,2011,,822480,,FRA,France,A,Normal value,0,Units,0,Zero
DATAFLOW,OECD.CFE.EDS:DSD_REG_DEMO@DF_FERTILITY(2.4),Fertility - Regions,I,A,Annual,CTRY,Country,ESP,Spain,_Z,Not applicable,LIVE_BIRTHS,Live births,Y0,0 years,_T,Total,BR,Births,2011,,470553,,ESP,Spain,A,Normal value,0,Units,0,Zero
DATAFLOW,OECD.CFE.EDS:DSD_REG_DEMO@DF_FERTILITY(2.4),Fertility - Regions,I,A,Annual,CTRY,Country,ESP,Spain,_Z,Not applicable,LIVE_BIRTHS,Live births,Y0,0 years,_T,Total,BR,Births,2012,,453348,,ESP,Spain,A,Normal value,0,Units,0,Zero
DATAFLOW,OECD.CFE.EDS:DSD_REG_DEMO@DF_FERTILITY(2.4),Fertility - Regions,I,A,Annual,CTRY,Country,FRA,France,_Z,Not applicable,LIVE_BIRTHS,Live births,Y0,0 years,_T,Total,BR,Births,2012,,821844,,FRA,France,A,Normal value,0,Units,0,Zero
DATAFLOW,OECD.CFE.EDS:DSD_REG_DEMO@DF_FERTILITY(2.4),Fertility - Regions,I,A,Annual,CTRY,Country,KOR,Korea,_Z,Not applicable,LIVE_BIRTHS,Live births,Y0,0 years,_T,Total,BR,Births,2012,,484550,,KOR,Korea,A,Normal value,0,Units,0,Zero
DATAFLOW,OECD.CFE.EDS:DSD_REG_DEMO@DF_FERTILITY(2.4),Fertility - Regions,I,A,Annual,CTRY,Country,USA,United States,_Z,Not applicable,LIVE_BIRTHS,Live births,Y0,0 years,_T,Total,BR,Births,2012,,3952841,,USA,United States,A,Normal value,0,Units,0,Zero
DATAFLOW,OECD.CFE.EDS:DSD_REG_DEMO@DF_FERTILITY(2.4),Fertility - Regions,I,A,Annual,CTRY,Country,ITA,Italy,_Z,Not applicable,LIVE_BIRTHS,Live births,Y0,0 years,_T,Total,BR,Births,2012,,534186,,ITA,Italy,A,Normal value,0,Units,0,Zero
DATAFLOW,OECD.CFE.EDS:DSD_REG_DEMO@DF_FERTILITY(2.4),Fertility - Regions,I,A,Annual,CTRY,Country,DEU,Germany,_Z,Not applicable,LIVE_BIRTHS,Live births,Y0,0 years,_T,Total,BR,Births,2012,,673544,,DEU,Germany,A,Normal value,0,Units,0,Zero
DATAFLOW,OECD.CFE.EDS:DSD_REG_DEMO@DF_FERTILITY(2.4),Fertility - Regions,I,A,Annual,CTRY,Country,DEU,Germany,_Z,Not applicable,LIVE_BIRTHS,Live births,Y0,0 years,_T,Total,BR,Births,2013,,682069,,DEU,Germany,A,Normal value,0,Units,0,Zero
DATAFLOW,OECD.CFE.EDS:DSD_REG_DEMO@DF_FERTILITY(2.4),Fertility - Regions,I,A,Annual,CTRY,Country,ITA,Italy,_Z,Not applicable,LIVE_BIRTHS,Live births,Y0,0 years,_T,Total,BR,Births,2013,,514308,,ITA,Italy,A,Normal value,0,Units,0,Zero
DATAFLOW,OECD.CFE.EDS:DSD_REG_DEMO@DF_FERTILITY(2.4),Fertility - Regions,I,A,Annual,CTRY,Country,USA,United States,_Z,Not applicable,LIVE_BIRTHS,Live births,Y0,0 years,_T,Total,BR,Births,2013,,3932181,,USA,United States,A,Normal value,0,Units,0,Zero
DATAFLOW,OECD.CFE.EDS:DSD_REG_DEMO@DF_FERTILITY(2.4),Fertility - Regions,I,A,Annual,CTRY,Country,KOR,Korea,_Z,Not applicable,LIVE_BIRTHS,Live births,Y0,0 years,_T,Total,BR,Births,2013,,436455,,KOR,Korea,A,Normal value,0,Units,0,Zero
DATAFLOW,OECD.CFE.EDS:DSD_REG_DEMO@DF_FERTILITY(2.4),Fertility - Regions,I,A,Annual,CTRY,Country,FRA,France,_Z,Not applicable,LIVE_BIRTHS,Live births,Y0,0 years,_T,Total,BR,Births,2013,,812343,,FRA,France,A,Normal value,0,Units,0,Zero
DATAFLOW,OECD.CFE.EDS:DSD_REG_DEMO@DF_FERTILITY(2.4),Fertility - Regions,I,A,Annual,CTRY,Country,ESP,Spain,_Z,Not applicable,LIVE_BIRTHS,Live births,Y0,0 years,_T,Total,BR,Births,2013,,424440,,ESP,Spain,A,Normal value,0,Units,0,Zero
DATAFLOW,OECD.CFE.EDS:DSD_REG_DEMO@DF_FERTILITY(2.4),Fertility - Regions,I,A,Annual,CTRY,Country,ESP,Spain,_Z,Not applicable,LIVE_BIRTHS,Live births,Y0,0 years,_T,Total,BR,Births,2014,,426076,,ESP,Spain,A,Normal value,0,Units,0,Zero
DATAFLOW,OECD.CFE.EDS:DSD_REG_DEMO@DF_FERTILITY(2.4),Fertility - Regions,I,A,Annual,CTRY,Country,FRA,France,_Z,Not applicable,LIVE_BIRTHS,Live births,Y0,0 years,_T,Total,BR,Births,2014,,819328,,FRA,France,A,Normal value,0,Units,0,Zero
DATAFLOW,OECD.CFE.EDS:DSD_REG_DEMO@DF_FERTILITY(2.4),Fertility - Regions,I,A,Annual,CTRY,Country,KOR,Korea,_Z,Not applicable,LIVE_BIRTHS,Live births,Y0,0 years,_T,Total,BR,Births,2014,,435435,,KOR,Korea,A,Normal value,0,Units,0,Zero
DATAFLOW,OECD.CFE.EDS:DSD_REG_DEMO@DF_FERTILITY(2.4),Fertility - Regions,I,A,Annual,CTRY,Country,USA,United States,_Z,Not applicable,LIVE_BIRTHS,Live births,Y0,0 years,_T,Total,BR,Births,2014,,3988076,,USA,United States,A,Normal value,0,Units,0,Zero
DATAFLOW,OECD.CFE.EDS:DSD_REG_DEMO@DF_FERTILITY(2.4),Fertility - Regions,I,A,Annual,CTRY,Country,ITA,Italy,_Z,Not applicable,LIVE_BIRTHS,Live births,Y0,0 years,_T,Total,BR,Births,2014,,502596,,ITA,Italy,A,Normal value,0,Units,0,Zero
DATAFLOW,OECD.CFE.EDS:DSD_REG_DEMO@DF_FERTILITY(2.4),Fertility - Regions,I,A,Annual,CTRY,Country,DEU,Germany,_Z,Not applicable,LIVE_BIRTHS,Live births,Y0,0 years,_T,Total,BR,Births,2014,,714927,,DEU,Germany,A,Normal value,0,Units,0,Zero
DATAFLOW,OECD.CFE.EDS:DSD_REG_DEMO@DF_FERTILITY(2.4),Fertility - Regions,I,A,Annual,CTRY,Country,DEU,Germany,_Z,Not applicable,LIVE_BIRTHS,Live births,Y0,0 years,_T,Total,BR,Births,2015,,737575,,DEU,Germany,A,Normal value,0,Units,0,Zero
DATAFLOW,OECD.CFE.EDS:DSD_REG_DEMO@DF_FERTILITY(2.4),Fertility - Regions,I,A,Annual,CTRY,Country,ITA,Italy,_Z,Not applicable,LIVE_BIRTHS,Live births,Y0,0 years,_T,Total,BR,Births,2015,,485780,,ITA,Italy,A,Normal value,0,Units,0,Zero
DATAFLOW,OECD.CFE.EDS:DSD_REG_DEMO@DF_FERTILITY(2.4),Fertility - Regions,I,A,Annual,CTRY,Country,USA,United States,_Z,Not applicable,LIVE_BIRTHS,Live births,Y0,0 years,_T,Total,BR,Births,2015,,3978497,,USA,United States,A,Normal value,0,Units,0,Zero
DATAFLOW,OECD.CFE.EDS:DSD_REG_DEMO@DF_FERTILITY(2.4),Fertility - Regions,I,A,Annual,CTRY,Country,KOR,Korea,_Z,Not applicable,LIVE_BIRTHS,Live births,Y0,0 years,_T,Total,BR,Births,2015,,438420,,KOR,Korea,A,Normal value,0,Units,0,Zero
DATAFLOW,OECD.CFE.EDS:DSD_REG_DEMO@DF_FERTILITY(2.4),Fertility - Regions,I,A,Annual,CTRY,Country,FRA,France,_Z,Not applicable,LIVE_BIRTHS,Live births,Y0,0 years,_T,Total,BR,Births,2015,,799671,,FRA,France,A,Normal value,0,Units,0,Zero
DATAFLOW,OECD.CFE.EDS:DSD_REG_DEMO@DF_FERTILITY(2.4),Fertility - Regions,I,A,Annual,CTRY,Country,ESP,Spain,_Z,Not applicable,LIVE_BIRTHS,Live births,Y0,0 years,_T,Total,BR,Births,2015,,418432,,ESP,Spain,A,Normal value,0,Units,0,Zero
DATAFLOW,OECD.CFE.EDS:DSD_REG_DEMO@DF_FERTILITY(2.4),Fertility - Regions,I,A,Annual,CTRY,Country,ESP,Spain,_Z,Not applicable,LIVE_BIRTHS,Live births,Y0,0 years,_T,Total,BR,Births,2016,,408734,,ESP,Spain,A,Normal value,0,Units,0,Zero
DATAFLOW,OECD.CFE.EDS:DSD_REG_DEMO@DF_FERTILITY(2.4),Fertility - Regions,I,A,Annual,CTRY,Country,FRA,France,_Z,Not applicable,LIVE_BIRTHS,Live births,Y0,0 years,_T,Total,BR,Births,2016,,784325,,FRA,France,A,Normal value,0,Units,0,Zero
DATAFLOW,OECD.CFE.EDS:DSD_REG_DEMO@DF_FERTILITY(2.4),Fertility - Regions,I,A,Annual,CTRY,Country,KOR,Korea,_Z,Not applicable,LIVE_BIRTHS,Live births,Y0,0 years,_T,Total,BR,Births,2016,,406243,,KOR,Korea,A,Normal value,0,Units,0,Zero
DATAFLOW,OECD.CFE.EDS:DSD_REG_DEMO@DF_FERTILITY(2.4),Fertility - Regions,I,A,Annual,CTRY,Country,USA,United States,_Z,Not applicable,LIVE_BIRTHS,Live births,Y0,0 years,_T,Total,BR,Births,2016,,3945875,,USA,United States,A,Normal value,0,Units,0,Zero
DATAFLOW,OECD.CFE.EDS:DSD_REG_DEMO@DF_FERTILITY(2.4),Fertility - Regions,I,A,Annual,CTRY,Country,ITA,Italy,_Z,Not applicable,LIVE_BIRTHS,Live births,Y0,0 years,_T,Total,BR,Births,2016,,473438,,ITA,Italy,A,Normal value,0,Units,0,Zero
DATAFLOW,OECD.CFE.EDS:DSD_REG_DEMO@DF_FERTILITY(2.4),Fertility - Regions,I,A,Annual,CTRY,Country,DEU,Germany,_Z,Not applicable,LIVE_BIRTHS,Live births,Y0,0 years,_T,Total,BR,Births,2016,,792141,,DEU,Germany,A,Normal value,0,Units,0,Zero
DATAFLOW,OECD.CFE.EDS:DSD_REG_DEMO@DF_FERTILITY(2.4),Fertility - Regions,I,A,Annual,CTRY,Country,DEU,Germany,_Z,Not applicable,LIVE_BIRTHS,Live births,Y0,0 years,_T,Total,BR,Births,2017,,784901,,DEU,Germany,A,Normal value,0,Units,0,Zero
DATAFLOW,OECD.CFE.EDS:DSD_REG_DEMO@DF_FERTILITY(2.4),Fertility - Regions,I,A,Annual,CTRY,Country,ITA,Italy,_Z,Not applicable,LIVE_BIRTHS,Live births,Y0,0 years,_T,Total,BR,Births,2017,,458151,,ITA,Italy,A,Normal value,0,Units,0,Zero
DATAFLOW,OECD.CFE.EDS:DSD_REG_DEMO@DF_FERTILITY(2.4),Fertility - Regions,I,A,Annual,CTRY,Country,USA,United States,_Z,Not applicable,LIVE_BIRTHS,Live births,Y0,0 years,_T,Total,BR,Births,2017,,3855500,,USA,United States,A,Normal value,0,Units,0,Zero
DATAFLOW,OECD.CFE.EDS:DSD_REG_DEMO@DF_FERTILITY(2.4),Fertility - Regions,I,A,Annual,CTRY,Country,KOR,Korea,_Z,Not applicable,LIVE_BIRTHS,Live births,Y0,0 years,_T,Total,BR,Births,2017,,357771,,KOR,Korea,A,Normal value,0,Units,0,Zero
DATAFLOW,OECD.CFE.EDS:DSD_REG_DEMO@DF_FERTILITY(2.4),Fertility - Regions,I,A,Annual,CTRY,Country,FRA,France,_Z,Not applicable,LIVE_BIRTHS,Live births,Y0,0 years,_T,Total,BR,Births,2017,,770045,,FRA,France,A,Normal value,0,Units,0,Zero
DATAFLOW,OECD.CFE.EDS:DSD_REG_DEMO@DF_FERTILITY(2.4),Fertility - Regions,I,A,Annual,CTRY,Country,ESP,Spain,_Z,Not applicable,LIVE_BIRTHS,Live births,Y0,0 years,_T,Total,BR,Births,2017,,391265,,ESP,Spain,A,Normal value,0,Units,0,Zero
DATAFLOW,OECD.CFE.EDS:DSD_REG_DEMO@DF_FERTILITY(2.4),Fertility - Regions,I,A,Annual,CTRY,Country,ESP,Spain,_Z,Not applicable,LIVE_BIRTHS,Live births,Y0,0 years,_T,Total,BR,Births,2018,,370827,,ESP,Spain,A,Normal value,0,Units,0,Zero
DATAFLOW,OECD.CFE.EDS:DSD_REG_DEMO@DF_FERTILITY(2.4),Fertility - Regions,I,A,Annual,CTRY,Country,FRA,France,_Z,Not applicable,LIVE_BIRTHS,Live births,Y0,0 years,_T,Total,BR,Births,2018,,759199,,FRA,France,A,Normal value,0,Units,0,Zero
DATAFLOW,OECD.CFE.EDS:DSD_REG_DEMO@DF_FERTILITY(2.4),Fertility - Regions,I,A,Annual,CTRY,Country,KOR,Korea,_Z,Not applicable,LIVE_BIRTHS,Live births,Y0,0 years,_T,Total,BR,Births,2018,,326822,,KOR,Korea,A,Normal value,0,Units,0,Zero
DATAFLOW,OECD.CFE.EDS:DSD_REG_DEMO@DF_FERTILITY(2.4),Fertility - Regions,I,A,Annual,CTRY,Country,USA,United States,_Z,Not applicable,LIVE_BIRTHS,Live births,Y0,0 years,_T,Total,BR,Births,2018,,3791712,,USA,United States,A,Normal value,0,Units,0,Zero
DATAFLOW,OECD.CFE.EDS:DSD_REG_DEMO@DF_FERTILITY(2.4),Fertility - Regions,I,A,Annual,CTRY,Country,ITA,Italy,_Z,Not applicable,LIVE_BIRTHS,Live births,Y0,0 years,_T,Total,BR,Births,2018,,439747,,ITA,Italy,A,Normal value,0,Units,0,Zero
DATAFLOW,OECD.CFE.EDS:DSD_REG_DEMO@DF_FERTILITY(2.4),Fertility - Regions,I,A,Annual,CTRY,Country,DEU,Germany,_Z,Not applicable,LIVE_BIRTHS,Live births,Y0,0 years,_T,Total,BR,Births,2018,,787523,,DEU,Germany,A,Normal value,0,Units,0,Zero
DATAFLOW,OECD.CFE.EDS:DSD_REG_DEMO@DF_FERTILITY(2.4),Fertility - Regions,I,A,Annual,CTRY,Country,DEU,Germany,_Z,Not applicable,LIVE_BIRTHS,Live births,Y0,0 years,_T,Total,BR,Births,2019,,778090,,DEU,Germany,A,Normal value,0,Units,0,Zero
DATAFLOW,OECD.CFE.EDS:DSD_REG_DEMO@DF_FERTILITY(2.4),Fertility - Regions,I,A,Annual,CTRY,Country,ITA,Italy,_Z,Not applicable,LIVE_BIRTHS,Live births,Y0,0 years,_T,Total,BR,Births,2019,,420084,,ITA,Italy,A,Normal value,0,Units,0,Zero
DATAFLOW,OECD.CFE.EDS:DSD_REG_DEMO@DF_FERTILITY(2.4),Fertility - Regions,I,A,Annual,CTRY,Country,USA,United States,_Z,Not applicable,LIVE_BIRTHS,Live births,Y0,0 years,_T,Total,BR,Births,2019,,3747540,,USA,United States,A,Normal value,0,Units,0,Zero
DATAFLOW,OECD.CFE.EDS:DSD_REG_DEMO@DF_FERTILITY(2.4),Fertility - Regions,I,A,Annual,CTRY,Country,KOR,Korea,_Z,Not applicable,LIVE_BIRTHS,Live births,Y0,0 years,_T,Total,BR,Births,2019,,302676,,KOR,Korea,A,Normal value,0,Units,0,Zero
DATAFLOW,OECD.CFE.EDS:DSD_REG_DEMO@DF_FERTILITY(2.4),Fertility - Regions,I,A,Annual,CTRY,Country,FRA,France,_Z,Not applicable,LIVE_BIRTHS,Live births,Y0,0 years,_T,Total,BR,Births,2019,,754008,,FRA,France,A,Normal value,0,Units,0,Zero
DATAFLOW,OECD.CFE.EDS:DSD_REG_DEMO@DF_FERTILITY(2.4),Fertility - Regions,I,A,Annual,CTRY,Country,ESP,Spain,_Z,Not applicable,LIVE_BIRTHS,Live births,Y0,0 years,_T,Total,BR,Births,2019,,358747,,ESP,Spain,A,Normal value,0,Units,0,Zero
DATAFLOW,OECD.CFE.EDS:DSD_REG_DEMO@DF_FERTILITY(2.4),Fertility - Regions,I,A,Annual,CTRY,Country,ESP,Spain,_Z,Not applicable,LIVE_BIRTHS,Live births,Y0,0 years,_T,Total,BR,Births,2020,,340635,,ESP,Spain,A,Normal value,0,Units,0,Zero
DATAFLOW,OECD.CFE.EDS:DSD_REG_DEMO@DF_FERTILITY(2.4),Fertility - Regions,I,A,Annual,CTRY,Country,FRA,France,_Z,Not applicable,LIVE_BIRTHS,Live births,Y0,0 years,_T,Total,BR,Births,2020,,735775,,FRA,France,A,Normal value,0,Units,0,Zero
DATAFLOW,OECD.CFE.EDS:DSD_REG_DEMO@DF_FERTILITY(2.4),Fertility - Regions,I,A,Annual,CTRY,Country,KOR,Korea,_Z,Not applicable,LIVE_BIRTHS,Live births,Y0,0 years,_T,Total,BR,Births,2020,,272337,,KOR,Korea,A,Normal value,0,Units,0,Zero
DATAFLOW,OECD.CFE.EDS:DSD_REG_DEMO@DF_FERTILITY(2.4),Fertility - Regions,I,A,Annual,CTRY,Country,USA,United States,_Z,Not applicable,LIVE_BIRTHS,Live births,Y0,0 years,_T,Total,BR,Births,2020,,3613647,,USA,United States,A,Normal value,0,Units,0,Zero
DATAFLOW,OECD.CFE.EDS:DSD_REG_DEMO@DF_FERTILITY(2.4),Fertility - Regions,I,A,Annual,CTRY,Country,ITA,Italy,_Z,Not applicable,LIVE_BIRTHS,Live births,Y0,0 years,_T,Total,BR,Births,2020,,404892,,ITA,Italy,A,Normal value,0,Units,0,Zero
DATAFLOW,OECD.CFE.EDS:DSD_REG_DEMO@DF_FERTILITY(2.4),Fertility - Regions,I,A,Annual,CTRY,Country,DEU,Germany,_Z,Not applicable,LIVE_BIRTHS,Live births,Y0,0 years,_T,Total,BR,Births,2020,,773144,,DEU,Germany,A,Normal value,0,Units,0,Zero
DATAFLOW,OECD.CFE.EDS:DSD_REG_DEMO@DF_FERTILITY(2.4),Fertility - Regions,I,A,Annual,CTRY,Country,DEU,Germany,_Z,Not applicable,LIVE_BIRTHS,Live births,Y0,0 years,_T,Total,BR,Births,2021,,795492,,DEU,Germany,A,Normal value,0,Units,0,Zero
DATAFLOW,OECD.CFE.EDS:DSD_REG_DEMO@DF_FERTILITY(2.4),Fertility - Regions,I,A,Annual,CTRY,Country,ITA,Italy,_Z,Not applicable,LIVE_BIRTHS,Live births,Y0,0 years,_T,Total,BR,Births,2021,,400249,,ITA,Italy,A,Normal value,0,Units,0,Zero
DATAFLOW,OECD.CFE.EDS:DSD_REG_DEMO@DF_FERTILITY(2.4),Fertility - Regions,I,A,Annual,CTRY,Country,KOR,Korea,_Z,Not applicable,LIVE_BIRTHS,Live births,Y0,0 years,_T,Total,BR,Births,2021,,260562,,KOR,Korea,A,Normal value,0,Units,0,Zero
DATAFLOW,OECD.CFE.EDS:DSD_REG_DEMO@DF_FERTILITY(2.4),Fertility - Regions,I,A,Annual,CTRY,Country,FRA,France,_Z,Not applicable,LIVE_BIRTHS,Live births,Y0,0 years,_T,Total,BR,Births,2021,,742602,,FRA,France,A,Normal value,0,Units,0,Zero
DATAFLOW,OECD.CFE.EDS:DSD_REG_DEMO@DF_FERTILITY(2.4),Fertility - Regions,I,A,Annual,CTRY,Country,ESP,Spain,_Z,Not applicable,LIVE_BIRTHS,Live births,Y0,0 years,_T,Total,BR,Births,2021,,336823,,ESP,Spain,A,Normal value,0,Units,0,Zero
DATAFLOW,OECD.CFE.EDS:DSD_REG_DEMO@DF_FERTILITY(2.4),Fertility - Regions,I,A,Annual,CTRY,Country,ESP,Spain,_Z,Not applicable,LIVE_BIRTHS,Live births,Y0,0 years,_T,Total,BR,Births,2022,,328704,,ESP,Spain,A,Normal value,0,Units,0,Zero
DATAFLOW,OECD.CFE.EDS:DSD_REG_DEMO@DF_FERTILITY(2.4),Fertility - Regions,I,A,Annual,CTRY,Country,FRA,France,_Z,Not applicable,LIVE_BIRTHS,Live births,Y0,0 years,_T,Total,BR,Births,2022,,726533,,FRA,France,A,Normal value,0,Units,0,Zero
DATAFLOW,OECD.CFE.EDS:DSD_REG_DEMO@DF_FERTILITY(2.4),Fertility - Regions,I,A,Annual,CTRY,Country,KOR,Korea,_Z,Not applicable,LIVE_BIRTHS,Live births,Y0,0 years,_T,Total,BR,Births,2022,,249186,,KOR,Korea,A,Normal value,0,Units,0,Zero
DATAFLOW,OECD.CFE.EDS:DSD_REG_DEMO@DF_FERTILITY(2.4),Fertility - Regions,I,A,Annual,CTRY,Country,ITA,Italy,_Z,Not applicable,LIVE_BIRTHS,Live births,Y0,0 years,_T,Total,BR,Births,2022,,393333,,ITA,Italy,A,Normal value,0,Units,0,Zero
DATAFLOW,OECD.CFE.EDS:DSD_REG_DEMO@DF_FERTILITY(2.4),Fertility - Regions,I,A,Annual,CTRY,Country,DEU,Germany,_Z,Not applicable,LIVE_BIRTHS,Live births,Y0,0 years,_T,Total,BR,Births,2022,,738819,,DEU,Germany,A,Normal value,0,Units,0,Zero
DATAFLOW,OECD.CFE.EDS:DSD_REG_DEMO@DF_FERTILITY(2.4),Fertility - Regions,I,A,Annual,CTRY,Country,DEU,Germany,_Z,Not applicable,LIVE_BIRTHS,Live births,Y0,0 years,_T,Total,BR,Births,2023,,692989,,DEU,Germany,A,Normal value,0,Units,0,Zero
DATAFLOW,OECD.CFE.EDS:DSD_REG_DEMO@DF_FERTILITY(2.4),Fertility - Regions,I,A,Annual,CTRY,Country,ITA,Italy,_Z,Not applicable,LIVE_BIRTHS,Live births,Y0,0 years,_T,Total,BR,Births,2023,,379890,,ITA,Italy,A,Normal value,0,Units,0,Zero
DATAFLOW,OECD.CFE.EDS:DSD_REG_DEMO@DF_FERTILITY(2.4),Fertility - Regions,I,A,Annual,CTRY,Country,FRA,France,_Z,Not applicable,LIVE_BIRTHS,Live births,Y0,0 years,_T,Total,BR,Births,2023,,678333,,FRA,France,A,Normal value,0,Units,0,Zero
DATAFLOW,OECD.CFE.EDS:DSD_REG_DEMO@DF_FERTILITY(2.4),Fertility - Regions,I,A,Annual,CTRY,Country,ESP,Spain,_Z,Not applicable,LIVE_BIRTHS,Live births,Y0,0 years,_T,Total,BR,Births,2023,,319830,,ESP,Spain,A,Normal value,0,Units,0,Zero
DATAFLOW,OECD.CFE.EDS:DSD_REG_DEMO@DF_FERTILITY(2.4),Fertility - Regions,I,A,Annual,CTRY,Country,ESP,Spain,_Z,Not applicable,LIVE_BIRTHS,Live births,Y0,0 years,_T,Total,BR,Births,2024,,317255,,ESP,Spain,A,Normal value,0,Units,0,Zero
DATAFLOW,OECD.CFE.EDS:DSD_REG_DEMO@DF_FERTILITY(2.4),Fertility - Regions,I,A,Annual,CTRY,Country,ESP,Spain,_Z,Not applicable,LIVE_BIRTHS,Live births,Y0,0 years,_T,Total,10P3HB,Per 1 000 inhabitants,2000,,9.825,,ESP,Spain,A,Normal value,0,Units,2,Two
DATAFLOW,OECD.CFE.EDS:DSD_REG_DEMO@DF_FERTILITY(2.4),Fertility - Regions,I,A,Annual,CTRY,Country,USA,United States,_Z,Not applicable,LIVE_BIRTHS,Live births,Y0,0 years,_T,Total,10P3HB,Per 1 000 inhabitants,2000,,14.385,,USA,United States,A,Normal value,0,Units,2,Two
DATAFLOW,OECD.CFE.EDS:DSD_REG_DEMO@DF_FERTILITY(2.4),Fertility - Regions,I,A,Annual,CTRY,Country,ITA,Italy,_Z,Not applicable,LIVE_BIRTHS,Live births,Y0,0 years,_T,Total,10P3HB,Per 1 000 inhabitants,2000,,9.542,,ITA,Italy,A,Normal value,0,Units,2,Two
DATAFLOW,OECD.CFE.EDS:DSD_REG_DEMO@DF_FERTILITY(2.4),Fertility - Regions,I,A,Annual,CTRY,Country,JPN,Japan,_Z,Not applicable,LIVE_BIRTHS,Live births,Y0,0 years,_T,Total,10P3HB,Per 1 000 inhabitants,2000,,9.378,,JPN,Japan,A,Normal value,0,Units,2,Two
DATAFLOW,OECD.CFE.EDS:DSD_REG_DEMO@DF_FERTILITY(2.4),Fertility - Regions,I,A,Annual,CTRY,Country,FRA,France,_Z,Not applicable,LIVE_BIRTHS,Live births,Y0,0 years,_T,Total,10P3HB,Per 1 000 inhabitants,2000,,13.326,,FRA,France,A,Normal value,0,Units,2,Two
DATAFLOW,OECD.CFE.EDS:DSD_REG_DEMO@DF_FERTILITY(2.4),Fertility - Regions,I,A,Annual,CTRY,Country,DEU,Germany,_Z,Not applicable,LIVE_BIRTHS,Live births,Y0,0 years,_T,Total,10P3HB,Per 1 000 inhabitants,2000,,9.335,,DEU,Germany,A,Normal value,0,Units,2,Two
DATAFLOW,OECD.CFE.EDS:DSD_REG_DEMO@DF_FERTILITY(2.4),Fertility - Regions,I,A,Annual,CTRY,Country,KOR,Korea,_Z,Not applicable,LIVE_BIRTHS,Live births,Y0,0 years,_T,Total,10P3HB,Per 1 000 inhabitants,2000,,13.617,,KOR,Korea,A,Normal value,0,Units,2,Two
DATAFLOW,OECD.CFE.EDS:DSD_REG_DEMO@DF_FERTILITY(2.4),Fertility - Regions,I,A,Annual,CTRY,Country,KOR,Korea,_Z,Not applicable,LIVE_BIRTHS,Live births,Y0,0 years,_T,Total,10P3HB,Per 1 000 inhabitants,2001,,11.82,,KOR,Korea,A,Normal value,0,Units,2,Two
DATAFLOW,OECD.CFE.EDS:DSD_REG_DEMO@DF_FERTILITY(2.4),Fertility - Regions,I,A,Annual,CTRY,Country,DEU,Germany,_Z,Not applicable,LIVE_BIRTHS,Live births,Y0,0 years,_T,Total,10P3HB,Per 1 000 inhabitants,2001,,8.929,,DEU,Germany,A,Normal value,0,Units,2,Two
DATAFLOW,OECD.CFE.EDS:DSD_REG_DEMO@DF_FERTILITY(2.4),Fertility - Regions,I,A,Annual,CTRY,Country,FRA,France,_Z,Not applicable,LIVE_BIRTHS,Live births,Y0,0 years,_T,Total,10P3HB,Per 1 000 inhabitants,2001,,13.159,,FRA,France,A,Normal value,0,Units,2,Two
DATAFLOW,OECD.CFE.EDS:DSD_REG_DEMO@DF_FERTILITY(2.4),Fertility - Regions,I,A,Annual,CTRY,Country,JPN,Japan,_Z,Not applicable,LIVE_BIRTHS,Live births,Y0,0 years,_T,Total,10P3HB,Per 1 000 inhabitants,2001,,9.195,,JPN,Japan,A,Normal value,0,Units,2,Two
DATAFLOW,OECD.CFE.EDS:DSD_REG_DEMO@DF_FERTILITY(2.4),Fertility - Regions,I,A,Annual,CTRY,Country,ITA,Italy,_Z,Not applicable,LIVE_BIRTHS,Live births,Y0,0 years,_T,Total,10P3HB,Per 1 000 inhabitants,2001,,9.397,,ITA,Italy,A,Normal value,0,Units,2,Two
DATAFLOW,OECD.CFE.EDS:DSD_REG_DEMO@DF_FERTILITY(2.4),Fertility - Regions,I,A,Annual,CTRY,Country,USA,United States,_Z,Not applicable,LIVE_BIRTHS,Live births,Y0,0 years,_T,Total,10P3HB,Per 1 000 inhabitants,2001,,14.128,,USA,United States,A,Normal value,0,Units,2,Two
DATAFLOW,OECD.CFE.EDS:DSD_REG_DEMO@DF_FERTILITY(2.4),Fertility - Regions,I,A,Annual,CTRY,Country,ESP,Spain,_Z,Not applicable,LIVE_BIRTHS,Live births,Y0,0 years,_T,Total,10P3HB,Per 1 000 inhabitants,2001,,9.967,,ESP,Spain,A,Normal value,0,Units,2,Two
DATAFLOW,OECD.CFE.EDS:DSD_REG_DEMO@DF_FERTILITY(2.4),Fertility - Regions,I,A,Annual,CTRY,Country,ESP,Spain,_Z,Not applicable,LIVE_BIRTHS,Live births,Y0,0 years,_T,Total,10P3HB,Per 1 000 inhabitants,2002,,10.179,,ESP,Spain,A,Normal value,0,Units,2,Two
DATAFLOW,OECD.CFE.EDS:DSD_REG_DEMO@DF_FERTILITY(2.4),Fertility - Regions,I,A,Annual,CTRY,Country,USA,United States,_Z,Not applicable,LIVE_BIRTHS,Live births,Y0,0 years,_T,Total,10P3HB,Per 1 000 inhabitants,2002,,13.983,,USA,United States,A,Normal value,0,Units,2,Two
DATAFLOW,OECD.CFE.EDS:DSD_REG_DEMO@DF_FERTILITY(2.4),Fertility - Regions,I,A,Annual,CTRY,Country,ITA,Italy,_Z,Not applicable,LIVE_BIRTHS,Live births,Y0,0 years,_T,Total,10P3HB,Per 1 000 inhabitants,2002,,9.443,,ITA,Italy,A,Normal value,0,Units,2,Two
DATAFLOW,OECD.CFE.EDS:DSD_REG_DEMO@DF_FERTILITY(2.4),Fertility - Regions,I,A,Annual,CTRY,Country,FRA,France,_Z,Not applicable,LIVE_BIRTHS,Live births,Y0,0 years,_T,Total,10P3HB,Per 1 000 inhabitants,2002,,12.894,,FRA,France,A,Normal value,0,Units,2,Two
DATAFLOW,OECD.CFE.EDS:DSD_REG_DEMO@DF_FERTILITY(2.4),Fertility - Regions,I,A,Annual,CTRY,Country,DEU,Germany,_Z,Not applicable,LIVE_BIRTHS,Live births,Y0,0 years,_T,Total,10P3HB,Per 1 000 inhabitants,2002,,8.724,,DEU,Germany,A,Normal value,0,Units,2,Two
DATAFLOW,OECD.CFE.EDS:DSD_REG_DEMO@DF_FERTILITY(2.4),Fertility - Regions,I,A,Annual,CTRY,Country,KOR,Korea,_Z,Not applicable,LIVE_BIRTHS,Live births,Y0,0 years,_T,Total,10P3HB,Per 1 000 inhabitants,2002,,10.43,,KOR,Korea,A,Normal value,0,Units,2,Two
DATAFLOW,OECD.CFE.EDS:DSD_REG_DEMO@DF_FERTILITY(2.4),Fertility - Regions,I,A,Annual,CTRY,Country,KOR,Korea,_Z,Not applicable,LIVE_BIRTHS,Live births,Y0,0 years,_T,Total,10P3HB,Per 1 000 inhabitants,2003,,10.336,,KOR,Korea,A,Normal value,0,Units,2,Two
DATAFLOW,OECD.CFE.EDS:DSD_REG_DEMO@DF_FERTILITY(2.4),Fertility - Regions,I,A,Annual,CTRY,Country,DEU,Germany,_Z,Not applicable,LIVE_BIRTHS,Live births,Y0,0 years,_T,Total,10P3HB,Per 1 000 inhabitants,2003,,8.563,,DEU,Germany,A,Normal value,0,Units,2,Two
DATAFLOW,OECD.CFE.EDS:DSD_REG_DEMO@DF_FERTILITY(2.4),Fertility - Regions,I,A,Annual,CTRY,Country,FRA,France,_Z,Not applicable,LIVE_BIRTHS,Live births,Y0,0 years,_T,Total,10P3HB,Per 1 000 inhabitants,2003,,12.809,,FRA,France,A,Normal value,0,Units,2,Two
DATAFLOW,OECD.CFE.EDS:DSD_REG_DEMO@DF_FERTILITY(2.4),Fertility - Regions,I,A,Annual,CTRY,Country,ITA,Italy,_Z,Not applicable,LIVE_BIRTHS,Live births,Y0,0 years,_T,Total,10P3HB,Per 1 000 inhabitants,2003,,9.514,,ITA,Italy,A,Normal value,0,Units,2,Two
DATAFLOW,OECD.CFE.EDS:DSD_REG_DEMO@DF_FERTILITY(2.4),Fertility - Regions,I,A,Annual,CTRY,Country,USA,United States,_Z,Not applicable,LIVE_BIRTHS,Live births,Y0,0 years,_T,Total,10P3HB,Per 1 000 inhabitants,2003,,14.098,,USA,United States,A,Normal value,0,Units,2,Two
DATAFLOW,OECD.CFE.EDS:DSD_REG_DEMO@DF_FERTILITY(2.4),Fertility - Regions,I,A,Annual,CTRY,Country,ESP,Spain,_Z,Not applicable,LIVE_BIRTHS,Live births,Y0,0 years,_T,Total,10P3HB,Per 1 000 inhabitants,2003,,10.532,,ESP,Spain,A,Normal value,0,Units,2,Two
DATAFLOW,OECD.CFE.EDS:DSD_REG_DEMO@DF_FERTILITY(2.4),Fertility - Regions,I,A,Annual,CTRY,Country,ESP,Spain,_Z,Not applicable,LIVE_BIRTHS,Live births,Y0,0 years,_T,Total,10P3HB,Per 1 000 inhabitants,2004,,10.651,,ESP,Spain,A,Normal value,0,Units,2,Two
DATAFLOW,OECD.CFE.EDS:DSD_REG_DEMO@DF_FERTILITY(2.4),Fertility - Regions,I,A,Annual,CTRY,Country,USA,United States,_Z,Not applicable,LIVE_BIRTHS,Live births,Y0,0 years,_T,Total,10P3HB,Per 1 000 inhabitants,2004,,14.044,,USA,United States,A,Normal value,0,Units,2,Two
DATAFLOW,OECD.CFE.EDS:DSD_REG_DEMO@DF_FERTILITY(2.4),Fertility - Regions,I,A,Annual,CTRY,Country,ITA,Italy,_Z,Not applicable,LIVE_BIRTHS,Live births,Y0,0 years,_T,Total,10P3HB,Per 1 000 inhabitants,2004,,9.765,,ITA,Italy,A,Normal value,0,Units,2,Two
DATAFLOW,OECD.CFE.EDS:DSD_REG_DEMO@DF_FERTILITY(2.4),Fertility - Regions,I,A,Annual,CTRY,Country,FRA,France,_Z,Not applicable,LIVE_BIRTHS,Live births,Y0,0 years,_T,Total,10P3HB,Per 1 000 inhabitants,2004,,12.824,,FRA,France,A,Normal value,0,Units,2,Two
DATAFLOW,OECD.CFE.EDS:DSD_REG_DEMO@DF_FERTILITY(2.4),Fertility - Regions,I,A,Annual,CTRY,Country,DEU,Germany,_Z,Not applicable,LIVE_BIRTHS,Live births,Y0,0 years,_T,Total,10P3HB,Per 1 000 inhabitants,2004,,8.55,,DEU,Germany,A,Normal value,0,Units,2,Two
DATAFLOW,OECD.CFE.EDS:DSD_REG_DEMO@DF_FERTILITY(2.4),Fertility - Regions,I,A,Annual,CTRY,Country,KOR,Korea,_Z,Not applicable,LIVE_BIRTHS,Live births,Y0,0 years,_T,Total,10P3HB,Per 1 000 inhabitants,2004,,9.92,,KOR,Korea,A,Normal value,0,Units,2,Two
DATAFLOW,OECD.CFE.EDS:DSD_REG_DEMO@DF_FERTILITY(2.4),Fertility - Regions,I,A,Annual,CTRY,Country,KOR,Korea,_Z,Not applicable,LIVE_BIRTHS,Live births,Y0,0 years,_T,Total,10P3HB,Per 1 000 inhabitants,2005,,9.105,,KOR,Korea,A,Normal value,0,Units,2,Two
DATAFLOW,OECD.CFE.EDS:DSD_REG_DEMO@DF_FERTILITY(2.4),Fertility - Regions,I,A,Annual,CTRY,Country,DEU,Germany,_Z,Not applicable,LIVE_BIRTHS,Live births,Y0,0 years,_T,Total,10P3HB,Per 1 000 inhabitants,2005,,8.313,,DEU,Germany,A,Normal value,0,Units,2,Two
DATAFLOW,OECD.CFE.EDS:DSD_REG_DEMO@DF_FERTILITY(2.4),Fertility - Regions,I,A,Annual,CTRY,Country,FRA,France,_Z,Not applicable,LIVE_BIRTHS,Live births,Y0,0 years,_T,Total,10P3HB,Per 1 000 inhabitants,2005,,12.843,,FRA,France,A,Normal value,0,Units,2,Two
DATAFLOW,OECD.CFE.EDS:DSD_REG_DEMO@DF_FERTILITY(2.4),Fertility - Regions,I,A,Annual,CTRY,Country,ITA,Italy,_Z,Not applicable,LIVE_BIRTHS,Live births,Y0,0 years,_T,Total,10P3HB,Per 1 000 inhabitants,2005,,9.545,,ITA,Italy,A,Normal value,0,Units,2,Two
DATAFLOW,OECD.CFE.EDS:DSD_REG_DEMO@DF_FERTILITY(2.4),Fertility - Regions,I,A,Annual,CTRY,Country,USA,United States,_Z,Not applicable,LIVE_BIRTHS,Live births,Y0,0 years,_T,Total,10P3HB,Per 1 000 inhabitants,2005,,14.004,,USA,United States,A,Normal value,0,Units,2,Two
DATAFLOW,OECD.CFE.EDS:DSD_REG_DEMO@DF_FERTILITY(2.4),Fertility - Regions,I,A,Annual,CTRY,Country,ESP,Spain,_Z,Not applicable,LIVE_BIRTHS,Live births,Y0,0 years,_T,Total,10P3HB,Per 1 000 inhabitants,2005,,10.736,,ESP,Spain,A,Normal value,0,Units,2,Two
DATAFLOW,OECD.CFE.EDS:DSD_REG_DEMO@DF_FERTILITY(2.4),Fertility - Regions,I,A,Annual,CTRY,Country,ESP,Spain,_Z,Not applicable,LIVE_BIRTHS,Live births,Y0,0 years,_T,Total,10P3HB,Per 1 000 inhabitants,2006,,10.936,,ESP,Spain,A,Normal value,0,Units,2,Two
DATAFLOW,OECD.CFE.EDS:DSD_REG_DEMO@DF_FERTILITY(2.4),Fertility - Regions,I,A,Annual,CTRY,Country,USA,United States,_Z,Not applicable,LIVE_BIRTHS,Live births,Y0,0 years,_T,Total,10P3HB,Per 1 000 inhabitants,2006,,14.296,,USA,United States,A,Normal value,0,Units,2,Two
DATAFLOW,OECD.CFE.EDS:DSD_REG_DEMO@DF_FERTILITY(2.4),Fertility - Regions,I,A,Annual,CTRY,Country,ITA,Italy,_Z,Not applicable,LIVE_BIRTHS,Live births,Y0,0 years,_T,Total,10P3HB,Per 1 000 inhabitants,2006,,9.607,,ITA,Italy,A,Normal value,0,Units,2,Two
DATAFLOW,OECD.CFE.EDS:DSD_REG_DEMO@DF_FERTILITY(2.4),Fertility - Regions,I,A,Annual,CTRY,Country,FRA,France,_Z,Not applicable,LIVE_BIRTHS,Live births,Y0,0 years,_T,Total,10P3HB,Per 1 000 inhabitants,2006,,13.105,,FRA,France,A,Normal value,0,Units,2,Two
DATAFLOW,OECD.CFE.EDS:DSD_REG_DEMO@DF_FERTILITY(2.4),Fertility - Regions,I,A,Annual,CTRY,Country,DEU,Germany,_Z,Not applicable,LIVE_BIRTHS,Live births,Y0,0 years,_T,Total,10P3HB,Per 1 000 inhabitants,2006,,8.16,,DEU,Germany,A,Normal value,0,Units,2,Two
DATAFLOW,OECD.CFE.EDS:DSD_REG_DEMO@DF_FERTILITY(2.4),Fertility - Regions,I,A,Annual,CTRY,Country,KOR,Korea,_Z,Not applicable,LIVE_BIRTHS,Live births,Y0,0 years,_T,Total,10P3HB,Per 1 000 inhabitants,2006,,9.326,,KOR,Korea,A,Normal value,0,Units,2,Two
DATAFLOW,OECD.CFE.EDS:DSD_REG_DEMO@DF_FERTILITY(2.4),Fertility - Regions,I,A,Annual,CTRY,Country,KOR,Korea,_Z,Not applicable,LIVE_BIRTHS,Live births,Y0,0 years,_T,Total,10P3HB,Per 1 000 inhabitants,2007,,10.205,,KOR,Korea,A,Normal value,0,Units,2,Two
DATAFLOW,OECD.CFE.EDS:DSD_REG_DEMO@DF_FERTILITY(2.4),Fertility - Regions,I,A,Annual,CTRY,Country,DEU,Germany,_Z,Not applicable,LIVE_BIRTHS,Live births,Y0,0 years,_T,Total,10P3HB,Per 1 000 inhabitants,2007,,8.32,,DEU,Germany,A,Normal value,0,Units,2,Two
DATAFLOW,OECD.CFE.EDS:DSD_REG_DEMO@DF_FERTILITY(2.4),Fertility - Regions,I,A,Annual,CTRY,Country,FRA,France,_Z,Not applicable,LIVE_BIRTHS,Live births,Y0,0 years,_T,Total,10P3HB,Per 1 000 inhabitants,2007,,12.851,,FRA,France,A,Normal value,0,Units,2,Two
DATAFLOW,OECD.CFE.EDS:DSD_REG_DEMO@DF_FERTILITY(2.4),Fertility - Regions,I,A,Annual,CTRY,Country,ITA,Italy,_Z,Not applicable,LIVE_BIRTHS,Live births,Y0,0 years,_T,Total,10P3HB,Per 1 000 inhabitants,2007,,9.638,,ITA,Italy,A,Normal value,0,Units,2,Two
DATAFLOW,OECD.CFE.EDS:DSD_REG_DEMO@DF_FERTILITY(2.4),Fertility - Regions,I,A,Annual,CTRY,Country,USA,United States,_Z,Not applicable,LIVE_BIRTHS,Live births,Y0,0 years,_T,Total,10P3HB,Per 1 000 inhabitants,2007,,14.329,,USA,United States,A,Normal value,0,Units,2,Two
DATAFLOW,OECD.CFE.EDS:DSD_REG_DEMO@DF_FERTILITY(2.4),Fertility - Regions,I,A,Annual,CTRY,Country,ESP,Spain,_Z,Not applicable,LIVE_BIRTHS,Live births,Y0,0 years,_T,Total,10P3HB,Per 1 000 inhabitants,2007,,10.967,,ESP,Spain,A,Normal value,0,Units,2,Two
DATAFLOW,OECD.CFE.EDS:DSD_REG_DEMO@DF_FERTILITY(2.4),Fertility - Regions,I,A,Annual,CTRY,Country,ESP,Spain,_Z,Not applicable,LIVE_BIRTHS,Live births,Y0,0 years,_T,Total,10P3HB,Per 1 000 inhabitants,2008,,11.354,,ESP,Spain,A,Normal value,0,Units,2,Two
DATAFLOW,OECD.CFE.EDS:DSD_REG_DEMO@DF_FERTILITY(2.4),Fertility - Regions,I,A,Annual,CTRY,Country,USA,United States,_Z,Not applicable,LIVE_BIRTHS,Live births,Y0,0 years,_T,Total,10P3HB,Per 1 000 inhabitants,2008,,13.968,,USA,United States,A,Normal value,0,Units,2,Two
DATAFLOW,OECD.CFE.EDS:DSD_REG_DEMO@DF_FERTILITY(2.4),Fertility - Regions,I,A,Annual,CTRY,Country,ITA,Italy,_Z,Not applicable,LIVE_BIRTHS,Live births,Y0,0 years,_T,Total,10P3HB,Per 1 000 inhabitants,2008,,9.774,,ITA,Italy,A,Normal value,0,Units,2,Two
DATAFLOW,OECD.CFE.EDS:DSD_REG_DEMO@DF_FERTILITY(2.4),Fertility - Regions,I,A,Annual,CTRY,Country,FRA,France,_Z,Not applicable,LIVE_BIRTHS,Live births,Y0,0 years,_T,Total,10P3HB,Per 1 000 inhabitants,2008,,12.932,,FRA,France,A,Normal value,0,Units,2,Two
DATAFLOW,OECD.CFE.EDS:DSD_REG_DEMO@DF_FERTILITY(2.4),Fertility - Regions,I,A,Annual,CTRY,Country,DEU,Germany,_Z,Not applicable,LIVE_BIRTHS,Live births,Y0,0 years,_T,Total,10P3HB,Per 1 000 inhabitants,2008,,8.301,,DEU,Germany,A,Normal value,0,Units,2,Two
DATAFLOW,OECD.CFE.EDS:DSD_REG_DEMO@DF_FERTILITY(2.4),Fertility - Regions,I,A,Annual,CTRY,Country,KOR,Korea,_Z,Not applicable,LIVE_BIRTHS,Live births,Y0,0 years,_T,Total,10P3HB,Per 1 000 inhabitants,2008,,9.497,,KOR,Korea,A,Normal value,0,Units,2,Two
DATAFLOW,OECD.CFE.EDS:DSD_REG_DEMO@DF_FERTILITY(2.4),Fertility - Regions,I,A,Annual,CTRY,Country,KOR,Korea,_Z,Not applicable,LIVE_BIRTHS,Live births,Y0,0 years,_T,Total,10P3HB,Per 1 000 inhabitants,2009,,9.022,,KOR,Korea,A,Normal value,0,Units,2,Two
DATAFLOW,OECD.CFE.EDS:DSD_REG_DEMO@DF_FERTILITY(2.4),Fertility - Regions,I,A,Annual,CTRY,Country,DEU,Germany,_Z,Not applicable,LIVE_BIRTHS,Live births,Y0,0 years,_T,Total,10P3HB,Per 1 000 inhabitants,2009,,8.111,,DEU,Germany,A,Normal value,0,Units,2,Two
DATAFLOW,OECD.CFE.EDS:DSD_REG_DEMO@DF_FERTILITY(2.4),Fertility - Regions,I,A,Annual,CTRY,Country,FRA,France,_Z,Not applicable,LIVE_BIRTHS,Live births,Y0,0 years,_T,Total,10P3HB,Per 1 000 inhabitants,2009,,12.794,,FRA,France,A,Normal value,0,Units,2,Two
DATAFLOW,OECD.CFE.EDS:DSD_REG_DEMO@DF_FERTILITY(2.4),Fertility - Regions,I,A,Annual,CTRY,Country,ITA,Italy,_Z,Not applicable,LIVE_BIRTHS,Live births,Y0,0 years,_T,Total,10P3HB,Per 1 000 inhabitants,2009,,9.573,,ITA,Italy,A,Normal value,0,Units,2,Two
DATAFLOW,OECD.CFE.EDS:DSD_REG_DEMO@DF_FERTILITY(2.4),Fertility - Regions,I,A,Annual,CTRY,Country,USA,United States,_Z,Not applicable,LIVE_BIRTHS,Live births,Y0,0 years,_T,Total,10P3HB,Per 1 000 inhabitants,2009,,13.465,,USA,United States,A,Normal value,0,Units,2,Two
DATAFLOW,OECD.CFE.EDS:DSD_REG_DEMO@DF_FERTILITY(2.4),Fertility - Regions,I,A,Annual,CTRY,Country,ESP,Spain,_Z,Not applicable,LIVE_BIRTHS,Live births,Y0,0 years,_T,Total,10P3HB,Per 1 000 inhabitants,2009,,10.677,,ESP,Spain,A,Normal value,0,Units,2,Two
DATAFLOW,OECD.CFE.EDS:DSD_REG_DEMO@DF_FERTILITY(2.4),Fertility - Regions,I,A,Annual,CTRY,Country,ESP,Spain,_Z,Not applicable,LIVE_BIRTHS,Live births,Y0,0 years,_T,Total,10P3HB,Per 1 000 inhabitants,2010,,10.439,,ESP,Spain,A,Normal value,0,Units,2,Two
DATAFLOW,OECD.CFE.EDS:DSD_REG_DEMO@DF_FERTILITY(2.4),Fertility - Regions,I,A,Annual,CTRY,Country,USA,United States,_Z,Not applicable,LIVE_BIRTHS,Live births,Y0,0 years,_T,Total,10P3HB,Per 1 000 inhabitants,2010,,12.93,,USA,United States,A,Normal value,0,Units,2,Two
DATAFLOW,OECD.CFE.EDS:DSD_REG_DEMO@DF_FERTILITY(2.4),Fertility - Regions,I,A,Annual,CTRY,Country,ITA,Italy,_Z,Not applicable,LIVE_BIRTHS,Live births,Y0,0 years,_T,Total,10P3HB,Per 1 000 inhabitants,2010,,9.414,,ITA,Italy,A,Normal value,0,Units,2,Two
DATAFLOW,OECD.CFE.EDS:DSD_REG_DEMO@DF_FERTILITY(2.4),Fertility - Regions,I,A,Annual,CTRY,Country,FRA,France,_Z,Not applicable,LIVE_BIRTHS,Live births,Y0,0 years,_T,Total,10P3HB,Per 1 000 inhabitants,2010,,12.867,,FRA,France,A,Normal value,0,Units,2,Two
DATAFLOW,OECD.CFE.EDS:DSD_REG_DEMO@DF_FERTILITY(2.4),Fertility - Regions,I,A,Annual,CTRY,Country,DEU,Germany,_Z,Not applicable,LIVE_BIRTHS,Live births,Y0,0 years,_T,Total,10P3HB,Per 1 000 inhabitants,2010,,8.288,,DEU,Germany,A,Normal value,0,Units,2,Two
DATAFLOW,OECD.CFE.EDS:DSD_REG_DEMO@DF_FERTILITY(2.4),Fertility - Regions,I,A,Annual,CTRY,Country,KOR,Korea,_Z,Not applicable,LIVE_BIRTHS,Live births,Y0,0 years,_T,Total,10P3HB,Per 1 000 inhabitants,2010,,9.488,,KOR,Korea,A,Normal value,0,Units,2,Two
DATAFLOW,OECD.CFE.EDS:DSD_REG_DEMO@DF_FERTILITY(2.4),Fertility - Regions,I,A,Annual,CTRY,Country,KOR,Korea,_Z,Not applicable,LIVE_BIRTHS,Live births,Y0,0 years,_T,Total,10P3HB,Per 1 000 inhabitants,2011,,9.289,,KOR,Korea,A,Normal value,0,Units,2,Two
DATAFLOW,OECD.CFE.EDS:DSD_REG_DEMO@DF_FERTILITY(2.4),Fertility - Regions,I,A,Annual,CTRY,Country,DEU,Germany,_Z,Not applicable,LIVE_BIRTHS,Live births,Y0,0 years,_T,Total,10P3HB,Per 1 000 inhabitants,2011,,8.261,,DEU,Germany,A,Normal value,0,Units,2,Two
DATAFLOW,OECD.CFE.EDS:DSD_REG_DEMO@DF_FERTILITY(2.4),Fertility - Regions,I,A,Annual,CTRY,Country,FRA,France,_Z,Not applicable,LIVE_BIRTHS,Live births,Y0,0 years,_T,Total,10P3HB,Per 1 000 inhabitants,2011,,12.658,,FRA,France,A,Normal value,0,Units,2,Two
DATAFLOW,OECD.CFE.EDS:DSD_REG_DEMO@DF_FERTILITY(2.4),Fertility - Regions,I,A,Annual,CTRY,Country,ITA,Italy,_Z,Not applicable,LIVE_BIRTHS,Live births,Y0,0 years,_T,Total,10P3HB,Per 1 000 inhabitants,2011,,9.118,,ITA,Italy,A,Normal value,0,Units,2,Two
DATAFLOW,OECD.CFE.EDS:DSD_REG_DEMO@DF_FERTILITY(2.4),Fertility - Regions,I,A,Annual,CTRY,Country,USA,United States,_Z,Not applicable,LIVE_BIRTHS,Live births,Y0,0 years,_T,Total,10P3HB,Per 1 000 inhabitants,2011,,12.69,,USA,United States,A,Normal value,0,Units,2,Two
DATAFLOW,OECD.CFE.EDS:DSD_REG_DEMO@DF_FERTILITY(2.4),Fertility - Regions,I,A,Annual,CTRY,Country,ESP,Spain,_Z,Not applicable,LIVE_BIRTHS,Live births,Y0,0 years,_T,Total,10P3HB,Per 1 000 inhabitants,2011,,10.083,,ESP,Spain,A,Normal value,0,Units,2,Two
DATAFLOW,OECD.CFE.EDS:DSD_REG_DEMO@DF_FERTILITY(2.4),Fertility - Regions,I,A,Annual,CTRY,Country,ESP,Spain,_Z,Not applicable,LIVE_BIRTHS,Live births,Y0,0 years,_T,Total,10P3HB,Per 1 000 inhabitants,2012,,9.683,,ESP,Spain,A,Normal value,0,Units,2,Two
DATAFLOW,OECD.CFE.EDS:DSD_REG_DEMO@DF_FERTILITY(2.4),Fertility - Regions,I,A,Annual,CTRY,Country,USA,United States,_Z,Not applicable,LIVE_BIRTHS,Live births,Y0,0 years,_T,Total,10P3HB,Per 1 000 inhabitants,2012,,12.595,,USA,United States,A,Normal value,0,Units,2,Two
DATAFLOW,OECD.CFE.EDS:DSD_REG_DEMO@DF_FERTILITY(2.4),Fertility - Regions,I,A,Annual,CTRY,Country,ITA,Italy,_Z,Not applicable,LIVE_BIRTHS,Live births,Y0,0 years,_T,Total,10P3HB,Per 1 000 inhabitants,2012,,8.888,,ITA,Italy,A,Normal value,0,Units,2,Two
DATAFLOW,OECD.CFE.EDS:DSD_REG_DEMO@DF_FERTILITY(2.4),Fertility - Regions,I,A,Annual,CTRY,Country,FRA,France,_Z,Not applicable,LIVE_BIRTHS,Live births,Y0,0 years,_T,Total,10P3HB,Per 1 000 inhabitants,2012,,12.59,,FRA,France,A,Normal value,0,Units,2,Two
DATAFLOW,OECD.CFE.EDS:DSD_REG_DEMO@DF_FERTILITY(2.4),Fertility - Regions,I,A,Annual,CTRY,Country,DEU,Germany,_Z,Not applicable,LIVE_BIRTHS,Live births,Y0,0 years,_T,Total,10P3HB,Per 1 000 inhabitants,2012,,8.385,,DEU,Germany,A,Normal value,0,Units,2,Two
DATAFLOW,OECD.CFE.EDS:DSD_REG_DEMO@DF_FERTILITY(2.4),Fertility - Regions,I,A,Annual,CTRY,Country,KOR,Korea,_Z,Not applicable,LIVE_BIRTHS,Live births,Y0,0 years,_T,Total,10P3HB,Per 1 000 inhabitants,2012,,9.511,,KOR,Korea,A,Normal value,0,Units,2,Two
DATAFLOW,OECD.CFE.EDS:DSD_REG_DEMO@DF_FERTILITY(2.4),Fertility - Regions,I,A,Annual,CTRY,Country,KOR,Korea,_Z,Not applicable,LIVE_BIRTHS,Live births,Y0,0 years,_T,Total,10P3HB,Per 1 000 inhabitants,2013,,8.534,,KOR,Korea,A,Normal value,0,Units,2,Two
DATAFLOW,OECD.CFE.EDS:DSD_REG_DEMO@DF_FERTILITY(2.4),Fertility - Regions,I,A,Annual,CTRY,Country,DEU,Germany,_Z,Not applicable,LIVE_BIRTHS,Live births,Y0,0 years,_T,Total,10P3HB,Per 1 000 inhabitants,2013,,8.47,,DEU,Germany,A,Normal value,0,Units,2,Two
DATAFLOW,OECD.CFE.EDS:DSD_REG_DEMO@DF_FERTILITY(2.4),Fertility - Regions,I,A,Annual,CTRY,Country,FRA,France,_Z,Not applicable,LIVE_BIRTHS,Live births,Y0,0 years,_T,Total,10P3HB,Per 1 000 inhabitants,2013,,12.383,,FRA,France,A,Normal value,0,Units,2,Two
DATAFLOW,OECD.CFE.EDS:DSD_REG_DEMO@DF_FERTILITY(2.4),Fertility - Regions,I,A,Annual,CTRY,Country,ITA,Italy,_Z,Not applicable,LIVE_BIRTHS,Live births,Y0,0 years,_T,Total,10P3HB,Per 1 000 inhabitants,2013,,8.532,,ITA,Italy,A,Normal value,0,Units,2,Two
DATAFLOW,OECD.CFE.EDS:DSD_REG_DEMO@DF_FERTILITY(2.4),Fertility - Regions,I,A,Annual,CTRY,Country,USA,United States,_Z,Not applicable,LIVE_BIRTHS,Live births,Y0,0 years,_T,Total,10P3HB,Per 1 000 inhabitants,2013,,12.444,,USA,United States,A,Normal value,0,Units,2,Two
DATAFLOW,OECD.CFE.EDS:DSD_REG_DEMO@DF_FERTILITY(2.4),Fertility - Regions,I,A,Annual,CTRY,Country,ESP,Spain,_Z,Not applicable,LIVE_BIRTHS,Live births,Y0,0 years,_T,Total,10P3HB,Per 1 000 inhabitants,2013,,9.086,,ESP,Spain,A,Normal value,0,Units,2,Two
DATAFLOW,OECD.CFE.EDS:DSD_REG_DEMO@DF_FERTILITY(2.4),Fertility - Regions,I,A,Annual,CTRY,Country,ESP,Spain,_Z,Not applicable,LIVE_BIRTHS,Live births,Y0,0 years,_T,Total,10P3HB,Per 1 000 inhabitants,2014,,9.164,,ESP,Spain,A,Normal value,0,Units,2,Two
DATAFLOW,OECD.CFE.EDS:DSD_REG_DEMO@DF_FERTILITY(2.4),Fertility - Regions,I,A,Annual,CTRY,Country,USA,United States,_Z,Not applicable,LIVE_BIRTHS,Live births,Y0,0 years,_T,Total,10P3HB,Per 1 000 inhabitants,2014,,12.529,,USA,United States,A,Normal value,0,Units,2,Two
DATAFLOW,OECD.CFE.EDS:DSD_REG_DEMO@DF_FERTILITY(2.4),Fertility - Regions,I,A,Annual,CTRY,Country,ITA,Italy,_Z,Not applicable,LIVE_BIRTHS,Live births,Y0,0 years,_T,Total,10P3HB,Per 1 000 inhabitants,2014,,8.329,,ITA,Italy,A,Normal value,0,Units,2,Two
DATAFLOW,OECD.CFE.EDS:DSD_REG_DEMO@DF_FERTILITY(2.4),Fertility - Regions,I,A,Annual,CTRY,Country,FRA,France,_Z,Not applicable,LIVE_BIRTHS,Live births,Y0,0 years,_T,Total,10P3HB,Per 1 000 inhabitants,2014,,12.383,,FRA,France,A,Normal value,0,Units,2,Two
DATAFLOW,OECD.CFE.EDS:DSD_REG_DEMO@DF_FERTILITY(2.4),Fertility - Regions,I,A,Annual,CTRY,Country,DEU,Germany,_Z,Not applicable,LIVE_BIRTHS,Live births,Y0,0 years,_T,Total,10P3HB,Per 1 000 inhabitants,2014,,8.852,,DEU,Germany,A,Normal value,0,Units,2,Two
DATAFLOW,OECD.CFE.EDS:DSD_REG_DEMO@DF_FERTILITY(2.4),Fertility - Regions,I,A,Annual,CTRY,Country,KOR,Korea,_Z,Not applicable,LIVE_BIRTHS,Live births,Y0,0 years,_T,Total,10P3HB,Per 1 000 inhabitants,2014,,8.483,,KOR,Korea,A,Normal value,0,Units,2,Two
DATAFLOW,OECD.CFE.EDS:DSD_REG_DEMO@DF_FERTILITY(2.4),Fertility - Regions,I,A,Annual,CTRY,Country,KOR,Korea,_Z,Not applicable,LIVE_BIRTHS,Live births,Y0,0 years,_T,Total,10P3HB,Per 1 000 inhabitants,2015,,8.508,,KOR,Korea,A,Normal value,0,Units,2,Two
DATAFLOW,OECD.CFE.EDS:DSD_REG_DEMO@DF_FERTILITY(2.4),Fertility - Regions,I,A,Annual,CTRY,Country,DEU,Germany,_Z,Not applicable,LIVE_BIRTHS,Live births,Y0,0 years,_T,Total,10P3HB,Per 1 000 inhabitants,2015,,9.084,,DEU,Germany,A,Normal value,0,Units,2,Two
DATAFLOW,OECD.CFE.EDS:DSD_REG_DEMO@DF_FERTILITY(2.4),Fertility - Regions,I,A,Annual,CTRY,Country,FRA,France,_Z,Not applicable,LIVE_BIRTHS,Live births,Y0,0 years,_T,Total,10P3HB,Per 1 000 inhabitants,2015,,12.033,,FRA,France,A,Normal value,0,Units,2,Two
DATAFLOW,OECD.CFE.EDS:DSD_REG_DEMO@DF_FERTILITY(2.4),Fertility - Regions,I,A,Annual,CTRY,Country,JPN,Japan,_Z,Not applicable,LIVE_BIRTHS,Live births,Y0,0 years,_T,Total,10P3HB,Per 1 000 inhabitants,2015,,7.912,,JPN,Japan,A,Normal value,0,Units,2,Two
DATAFLOW,OECD.CFE.EDS:DSD_REG_DEMO@DF_FERTILITY(2.4),Fertility - Regions,I,A,Annual,CTRY,Country,ITA,Italy,_Z,Not applicable,LIVE_BIRTHS,Live births,Y0,0 years,_T,Total,10P3HB,Per 1 000 inhabitants,2015,,8.057,,ITA,Italy,A,Normal value,0,Units,2,Two
DATAFLOW,OECD.CFE.EDS:DSD_REG_DEMO@DF_FERTILITY(2.4),Fertility - Regions,I,A,Annual,CTRY,Country,USA,United States,_Z,Not applicable,LIVE_BIRTHS,Live births,Y0,0 years,_T,Total,10P3HB,Per 1 000 inhabitants,2015,,12.408,,USA,United States,A,Normal value,0,Units,2,Two
DATAFLOW,OECD.CFE.EDS:DSD_REG_DEMO@DF_FERTILITY(2.4),Fertility - Regions,I,A,Annual,CTRY,Country,ESP,Spain,_Z,Not applicable,LIVE_BIRTHS,Live births,Y0,0 years,_T,Total,10P3HB,Per 1 000 inhabitants,2015,,9.013,,ESP,Spain,A,Normal value,0,Units,2,Two
DATAFLOW,OECD.CFE.EDS:DSD_REG_DEMO@DF_FERTILITY(2.4),Fertility - Regions,I,A,Annual,CTRY,Country,ESP,Spain,_Z,Not applicable,LIVE_BIRTHS,Live births,Y0,0 years,_T,Total,10P3HB,Per 1 000 inhabitants,2016,,8.805,,ESP,Spain,A,Normal value,0,Units,2,Two
DATAFLOW,OECD.CFE.EDS:DSD_REG_DEMO@DF_FERTILITY(2.4),Fertility - Regions,I,A,Annual,CTRY,Country,USA,United States,_Z,Not applicable,LIVE_BIRTHS,Live births,Y0,0 years,_T,Total,10P3HB,Per 1 000 inhabitants,2016,,12.219,,USA,United States,A,Normal value,0,Units,2,Two
DATAFLOW,OECD.CFE.EDS:DSD_REG_DEMO@DF_FERTILITY(2.4),Fertility - Regions,I,A,Annual,CTRY,Country,ITA,Italy,_Z,Not applicable,LIVE_BIRTHS,Live births,Y0,0 years,_T,Total,10P3HB,Per 1 000 inhabitants,2016,,7.869,,ITA,Italy,A,Normal value,0,Units,2,Two
DATAFLOW,OECD.CFE.EDS:DSD_REG_DEMO@DF_FERTILITY(2.4),Fertility - Regions,I,A,Annual,CTRY,Country,JPN,Japan,_Z,Not applicable,LIVE_BIRTHS,Live births,Y0,0 years,_T,Total,10P3HB,Per 1 000 inhabitants,2016,,7.692,,JPN,Japan,A,Normal value,0,Units,2,Two
DATAFLOW,OECD.CFE.EDS:DSD_REG_DEMO@DF_FERTILITY(2.4),Fertility - Regions,I,A,Annual,CTRY,Country,FRA,France,_Z,Not applicable,LIVE_BIRTHS,Live births,Y0,0 years,_T,Total,10P3HB,Per 1 000 inhabitants,2016,,11.77,,FRA,France,A,Normal value,0,Units,2,Two
DATAFLOW,OECD.CFE.EDS:DSD_REG_DEMO@DF_FERTILITY(2.4),Fertility - Regions,I,A,Annual,CTRY,Country,DEU,Germany,_Z,Not applicable,LIVE_BIRTHS,Live births,Y0,0 years,_T,Total,10P3HB,Per 1 000 inhabitants,2016,,9.64,,DEU,Germany,A,Normal value,0,Units,2,Two
DATAFLOW,OECD.CFE.EDS:DSD_REG_DEMO@DF_FERTILITY(2.4),Fertility - Regions,I,A,Annual,CTRY,Country,KOR,Korea,_Z,Not applicable,LIVE_BIRTHS,Live births,Y0,0 years,_T,Total,10P3HB,Per 1 000 inhabitants,2016,,7.858,,KOR,Korea,A,Normal value,0,Units,2,Two
DATAFLOW,OECD.CFE.EDS:DSD_REG_DEMO@DF_FERTILITY(2.4),Fertility - Regions,I,A,Annual,CTRY,Country,KOR,Korea,_Z,Not applicable,LIVE_BIRTHS,Live births,Y0,0 years,_T,Total,10P3HB,Per 1 000 inhabitants,2017,,6.91,,KOR,Korea,A,Normal value,0,Units,2,Two
DATAFLOW,OECD.CFE.EDS:DSD_REG_DEMO@DF_FERTILITY(2.4),Fertility - Regions,I,A,Annual,CTRY,Country,DEU,Germany,_Z,Not applicable,LIVE_BIRTHS,Live births,Y0,0 years,_T,Total,10P3HB,Per 1 000 inhabitants,2017,,9.511,,DEU,Germany,A,Normal value,0,Units,2,Two
DATAFLOW,OECD.CFE.EDS:DSD_REG_DEMO@DF_FERTILITY(2.4),Fertility - Regions,I,A,Annual,CTRY,Country,FRA,France,_Z,Not applicable,LIVE_BIRTHS,Live births,Y0,0 years,_T,Total,10P3HB,Per 1 000 inhabitants,2017,,11.526,,FRA,France,A,Normal value,0,Units,2,Two
DATAFLOW,OECD.CFE.EDS:DSD_REG_DEMO@DF_FERTILITY(2.4),Fertility - Regions,I,A,Annual,CTRY,Country,ITA,Italy,_Z,Not applicable,LIVE_BIRTHS,Live births,Y0,0 years,_T,Total,10P3HB,Per 1 000 inhabitants,2017,,7.627,,ITA,Italy,A,Normal value,0,Units,2,Two
DATAFLOW,OECD.CFE.EDS:DSD_REG_DEMO@DF_FERTILITY(2.4),Fertility - Regions,I,A,Annual,CTRY,Country,USA,United States,_Z,Not applicable,LIVE_BIRTHS,Live births,Y0,0 years,_T,Total,10P3HB,Per 1 000 inhabitants,2017,,11.864,,USA,United States,A,Normal value,0,Units,2,Two
DATAFLOW,OECD.CFE.EDS:DSD_REG_DEMO@DF_FERTILITY(2.4),Fertility - Regions,I,A,Annual,CTRY,Country,ESP,Spain,_Z,Not applicable,LIVE_BIRTHS,Live births,Y0,0 years,_T,Total,10P3HB,Per 1 000 inhabitants,2017,,8.415,,ESP,Spain,A,Normal value,0,Units,2,Two
DATAFLOW,OECD.CFE.EDS:DSD_REG_DEMO@DF_FERTILITY(2.4),Fertility - Regions,I,A,Annual,CTRY,Country,ESP,Spain,_Z,Not applicable,LIVE_BIRTHS,Live births,Y0,0 years,_T,Total,10P3HB,Per 1 000 inhabitants,2018,,7.95,,ESP,Spain,A,Normal value,0,Units,2,Two
DATAFLOW,OECD.CFE.EDS:DSD_REG_DEMO@DF_FERTILITY(2.4),Fertility - Regions,I,A,Annual,CTRY,Country,USA,United States,_Z,Not applicable,LIVE_BIRTHS,Live births,Y0,0 years,_T,Total,10P3HB,Per 1 000 inhabitants,2018,,11.607,,USA,United States,A,Normal value,0,Units,2,Two
DATAFLOW,OECD.CFE.EDS:DSD_REG_DEMO@DF_FERTILITY(2.4),Fertility - Regions,I,A,Annual,CTRY,Country,ITA,Italy,_Z,Not applicable,LIVE_BIRTHS,Live births,Y0,0 years,_T,Total,10P3HB,Per 1 000 inhabitants,2018,,7.337,,ITA,Italy,A,Normal value,0,Units,2,Two
DATAFLOW,OECD.CFE.EDS:DSD_REG_DEMO@DF_FERTILITY(2.4),Fertility - Regions,I,A,Annual,CTRY,Country,JPN,Japan,_Z,Not applicable,LIVE_BIRTHS,Live births,Y0,0 years,_T,Total,10P3HB,Per 1 000 inhabitants,2018,,7.246,,JPN,Japan,A,Normal value,0,Units,2,Two
DATAFLOW,OECD.CFE.EDS:DSD_REG_DEMO@DF_FERTILITY(2.4),Fertility - Regions,I,A,Annual,CTRY,Country,FRA,France,_Z,Not applicable,LIVE_BIRTHS,Live births,Y0,0 years,_T,Total,10P3HB,Per 1 000 inhabitants,2018,,11.327,,FRA,France,A,Normal value,0,Units,2,Two
DATAFLOW,OECD.CFE.EDS:DSD_REG_DEMO@DF_FERTILITY(2.4),Fertility - Regions,I,A,Annual,CTRY,Country,DEU,Germany,_Z,Not applicable,LIVE_BIRTHS,Live births,Y0,0 years,_T,Total,10P3HB,Per 1 000 inhabitants,2018,,9.512,,DEU,Germany,A,Normal value,0,Units,2,Two
DATAFLOW,OECD.CFE.EDS:DSD_REG_DEMO@DF_FERTILITY(2.4),Fertility - Regions,I,A,Annual,CTRY,Country,KOR,Korea,_Z,Not applicable,LIVE_BIRTHS,Live births,Y0,0 years,_T,Total,10P3HB,Per 1 000 inhabitants,2018,,6.306,,KOR,Korea,A,Normal value,0,Units,2,Two
DATAFLOW,OECD.CFE.EDS:DSD_REG_DEMO@DF_FERTILITY(2.4),Fertility - Regions,I,A,Annual,CTRY,Country,KOR,Korea,_Z,Not applicable,LIVE_BIRTHS,Live births,Y0,0 years,_T,Total,10P3HB,Per 1 000 inhabitants,2019,,5.838,,KOR,Korea,A,Normal value,0,Units,2,Two
DATAFLOW,OECD.CFE.EDS:DSD_REG_DEMO@DF_FERTILITY(2.4),Fertility - Regions,I,A,Annual,CTRY,Country,DEU,Germany,_Z,Not applicable,LIVE_BIRTHS,Live births,Y0,0 years,_T,Total,10P3HB,Per 1 000 inhabitants,2019,,9.372,,DEU,Germany,A,Normal value,0,Units,2,Two
DATAFLOW,OECD.CFE.EDS:DSD_REG_DEMO@DF_FERTILITY(2.4),Fertility - Regions,I,A,Annual,CTRY,Country,FRA,France,_Z,Not applicable,LIVE_BIRTHS,Live births,Y0,0 years,_T,Total,10P3HB,Per 1 000 inhabitants,2019,,11.205,,FRA,France,A,Normal value,0,Units,2,Two
DATAFLOW,OECD.CFE.EDS:DSD_REG_DEMO@DF_FERTILITY(2.4),Fertility - Regions,I,A,Annual,CTRY,Country,JPN,Japan,_Z,Not applicable,LIVE_BIRTHS,Live births,Y0,0 years,_T,Total,10P3HB,Per 1 000 inhabitants,2019,,6.837,,JPN,Japan,A,Normal value,0,Units,2,Two
DATAFLOW,OECD.CFE.EDS:DSD_REG_DEMO@DF_FERTILITY(2.4),Fertility - Regions,I,A,Annual,CTRY,Country,ITA,Italy,_Z,Not applicable,LIVE_BIRTHS,Live births,Y0,0 years,_T,Total,10P3HB,Per 1 000 inhabitants,2019,,7.023,,ITA,Italy,A,Normal value,0,Units,2,Two
DATAFLOW,OECD.CFE.EDS:DSD_REG_DEMO@DF_FERTILITY(2.4),Fertility - Regions,I,A,Annual,CTRY,Country,USA,United States,_Z,Not applicable,LIVE_BIRTHS,Live births,Y0,0 years,_T,Total,10P3HB,Per 1 000 inhabitants,2019,,11.417,,USA,United States,A,Normal value,0,Units,2,Two
DATAFLOW,OECD.CFE.EDS:DSD_REG_DEMO@DF_FERTILITY(2.4),Fertility - Regions,I,A,Annual,CTRY,Country,ESP,Spain,_Z,Not applicable,LIVE_BIRTHS,Live births,Y0,0 years,_T,Total,10P3HB,Per 1 000 inhabitants,2019,,7.646,,ESP,Spain,A,Normal value,0,Units,2,Two
DATAFLOW,OECD.CFE.EDS:DSD_REG_DEMO@DF_FERTILITY(2.4),Fertility - Regions,I,A,Annual,CTRY,Country,ESP,Spain,_Z,Not applicable,LIVE_BIRTHS,Live births,Y0,0 years,_T,Total,10P3HB,Per 1 000 inhabitants,2020,,7.199,,ESP,Spain,A,Normal value,0,Units,2,Two
DATAFLOW,OECD.CFE.EDS:DSD_REG_DEMO@DF_FERTILITY(2.4),Fertility - Regions,I,A,Annual,CTRY,Country,USA,United States,_Z,Not applicable,LIVE_BIRTHS,Live births,Y0,0 years,_T,Total,10P3HB,Per 1 000 inhabitants,2020,,10.898,,USA,United States,A,Normal value,0,Units,2,Two
DATAFLOW,OECD.CFE.EDS:DSD_REG_DEMO@DF_FERTILITY(2.4),Fertility - Regions,I,A,Annual,CTRY,Country,ITA,Italy,_Z,Not applicable,LIVE_BIRTHS,Live births,Y0,0 years,_T,Total,10P3HB,Per 1 000 inhabitants,2020,,6.789,,ITA,Italy,A,Normal value,0,Units,2,Two
DATAFLOW,OECD.CFE.EDS:DSD_REG_DEMO@DF_FERTILITY(2.4),Fertility - Regions,I,A,Annual,CTRY,Country,FRA,France,_Z,Not applicable,LIVE_BIRTHS,Live births,Y0,0 years,_T,Total,10P3HB,Per 1 000 inhabitants,2020,,10.905,,FRA,France,A,Normal value,0,Units,2,Two
DATAFLOW,OECD.CFE.EDS:DSD_REG_DEMO@DF_FERTILITY(2.4),Fertility - Regions,I,A,Annual,CTRY,Country,DEU,Germany,_Z,Not applicable,LIVE_BIRTHS,Live births,Y0,0 years,_T,Total,10P3HB,Per 1 000 inhabitants,2020,,9.296,,DEU,Germany,A,Normal value,0,Units,2,Two
DATAFLOW,OECD.CFE.EDS:DSD_REG_DEMO@DF_FERTILITY(2.4),Fertility - Regions,I,A,Annual,CTRY,Country,KOR,Korea,_Z,Not applicable,LIVE_BIRTHS,Live births,Y0,0 years,_T,Total,10P3HB,Per 1 000 inhabitants,2020,,5.255,,KOR,Korea,A,Normal value,0,Units,2,Two
DATAFLOW,OECD.CFE.EDS:DSD_REG_DEMO@DF_FERTILITY(2.4),Fertility - Regions,I,A,Annual,CTRY,Country,KOR,Korea,_Z,Not applicable,LIVE_BIRTHS,Live births,Y0,0 years,_T,Total,10P3HB,Per 1 000 inhabitants,2021,,5.046,,KOR,Korea,A,Normal value,0,Units,2,Two
DATAFLOW,OECD.CFE.EDS:DSD_REG_DEMO@DF_FERTILITY(2.4),Fertility - Regions,I,A,Annual,CTRY,Country,DEU,Germany,_Z,Not applicable,LIVE_BIRTHS,Live births,Y0,0 years,_T,Total,10P3HB,Per 1 000 inhabitants,2021,,9.566,,DEU,Germany,A,Normal value,0,Units,2,Two
DATAFLOW,OECD.CFE.EDS:DSD_REG_DEMO@DF_FERTILITY(2.4),Fertility - Regions,I,A,Annual,CTRY,Country,FRA,France,_Z,Not applicable,LIVE_BIRTHS,Live births,Y0,0 years,_T,Total,10P3HB,Per 1 000 inhabitants,2021,,10.964,,FRA,France,A,Normal value,0,Units,2,Two
DATAFLOW,OECD.CFE.EDS:DSD_REG_DEMO@DF_FERTILITY(2.4),Fertility - Regions,I,A,Annual,CTRY,Country,JPN,Japan,_Z,Not applicable,LIVE_BIRTHS,Live births,Y0,0 years,_T,Total,10P3HB,Per 1 000 inhabitants,2021,,6.467,,JPN,Japan,A,Normal value,0,Units,2,Two
DATAFLOW,OECD.CFE.EDS:DSD_REG_DEMO@DF_FERTILITY(2.4),Fertility - Regions,I,A,Annual,CTRY,Country,ITA,Italy,_Z,Not applicable,LIVE_BIRTHS,Live births,Y0,0 years,_T,Total,10P3HB,Per 1 000 inhabitants,2021,,6.757,,ITA,Italy,A,Normal value,0,Units,2,Two
DATAFLOW,OECD.CFE.EDS:DSD_REG_DEMO@DF_FERTILITY(2.4),Fertility - Regions,I,A,Annual,CTRY,Country,ESP,Spain,_Z,Not applicable,LIVE_BIRTHS,Live births,Y0,0 years,_T,Total,10P3HB,Per 1 000 inhabitants,2021,,7.106,,ESP,Spain,A,Normal value,0,Units,2,Two
DATAFLOW,OECD.CFE.EDS:DSD_REG_DEMO@DF_FERTILITY(2.4),Fertility - Regions,I,A,Annual,CTRY,Country,ESP,Spain,_Z,Not applicable,LIVE_BIRTHS,Live births,Y0,0 years,_T,Total,10P3HB,Per 1 000 inhabitants,2022,,6.922,,ESP,Spain,A,Normal value,0,Units,2,Two
DATAFLOW,OECD.CFE.EDS:DSD_REG_DEMO@DF_FERTILITY(2.4),Fertility - Regions,I,A,Annual,CTRY,Country,ITA,Italy,_Z,Not applicable,LIVE_BIRTHS,Live births,Y0,0 years,_T,Total,10P3HB,Per 1 000 inhabitants,2022,,6.663,,ITA,Italy,A,Normal value,0,Units,2,Two
DATAFLOW,OECD.CFE.EDS:DSD_REG_DEMO@DF_FERTILITY(2.4),Fertility - Regions,I,A,Annual,CTRY,Country,JPN,Japan,_Z,Not applicable,LIVE_BIRTHS,Live births,Y0,0 years,_T,Total,10P3HB,Per 1 000 inhabitants,2022,,6.169,,JPN,Japan,A,Normal value,0,Units,2,Two
DATAFLOW,OECD.CFE.EDS:DSD_REG_DEMO@DF_FERTILITY(2.4),Fertility - Regions,I,A,Annual,CTRY,Country,FRA,France,_Z,Not applicable,LIVE_BIRTHS,Live births,Y0,0 years,_T,Total,10P3HB,Per 1 000 inhabitants,2022,,10.67,,FRA,France,A,Normal value,0,Units,2,Two
DATAFLOW,OECD.CFE.EDS:DSD_REG_DEMO@DF_FERTILITY(2.4),Fertility - Regions,I,A,Annual,CTRY,Country,DEU,Germany,_Z,Not applicable,LIVE_BIRTHS,Live births,Y0,0 years,_T,Total,10P3HB,Per 1 000 inhabitants,2022,,8.876,,DEU,Germany,A,Normal value,0,Units,2,Two
DATAFLOW,OECD.CFE.EDS:DSD_REG_DEMO@DF_FERTILITY(2.4),Fertility - Regions,I,A,Annual,CTRY,Country,KOR,Korea,_Z,Not applicable,LIVE_BIRTHS,Live births,Y0,0 years,_T,Total,10P3HB,Per 1 000 inhabitants,2022,,4.844,,KOR,Korea,A,Normal value,0,Units,2,Two
DATAFLOW,OECD.CFE.EDS:DSD_REG_DEMO@DF_FERTILITY(2.4),Fertility - Regions,I,A,Annual,CTRY,Country,DEU,Germany,_Z,Not applicable,LIVE_BIRTHS,Live births,Y0,0 years,_T,Total,10P3HB,Per 1 000 inhabitants,2023,,8.337,,DEU,Germany,A,Normal value,0,Units,2,Two
DATAFLOW,OECD.CFE.EDS:DSD_REG_DEMO@DF_FERTILITY(2.4),Fertility - Regions,I,A,Annual,CTRY,Country,FRA,France,_Z,Not applicable,LIVE_BIRTHS,Live births,Y0,0 years,_T,Total,10P3HB,Per 1 000 inhabitants,2023,,9.935,,FRA,France,A,Normal value,0,Units,2,Two
DATAFLOW,OECD.CFE.EDS:DSD_REG_DEMO@DF_FERTILITY(2.4),Fertility - Regions,I,A,Annual,CTRY,Country,ITA,Italy,_Z,Not applicable,LIVE_BIRTHS,Live births,Y0,0 years,_T,Total,10P3HB,Per 1 000 inhabitants,2023,,6.439,,ITA,Italy,A,Normal value,0,Units,2,Two
DATAFLOW,OECD.CFE.EDS:DSD_REG_DEMO@DF_FERTILITY(2.4),Fertility - Regions,I,A,Annual,CTRY,Country,ESP,Spain,_Z,Not applicable,LIVE_BIRTHS,Live births,Y0,0 years,_T,Total,10P3HB,Per 1 000 inhabitants,2023,,6.651,,ESP,Spain,A,Normal value,0,Units,2,Two
DATAFLOW,OECD.CFE.EDS:DSD_REG_DEMO@DF_FERTILITY(2.4),Fertility - Regions,I,A,Annual,CTRY,Country,ESP,Spain,_Z,Not applicable,LIVE_BIRTHS,Live births,Y0,0 years,_T,Total,10P3HB,Per 1 000 inhabitants,2024,,6.525,,ESP,Spain,A,Normal value,0,Units,2,Two
DATAFLOW,OECD.CFE.EDS:DSD_REG_DEMO@DF_FERTILITY(2.4),Fertility - Regions,I,A,Annual,CTRY,Country,DEU,Germany,_Z,Not applicable,FERT_RATIO,Fertility rate,Y40T44,From 40 to 44 years,F,Female,BR_L_W,Live births per woman,2000,,0.02435,,DEU,Germany,A,Normal value,0,Units,2,Two
DATAFLOW,OECD.CFE.EDS:DSD_REG_DEMO@DF_FERTILITY(2.4),Fertility - Regions,I,A,Annual,CTRY,Country,ITA,Italy,_Z,Not applicable,FERT_RATIO,Fertility rate,Y40T44,From 40 to 44 years,F,Female,BR_L_W,Live births per woman,2000,,0.038259999999999995,,ITA,Italy,A,Normal value,0,Units,2,Two
DATAFLOW,OECD.CFE.EDS:DSD_REG_DEMO@DF_FERTILITY(2.4),Fertility - Regions,I,A,Annual,CTRY,Country,FRA,France,_Z,Not applicable,FERT_RATIO,Fertility rate,Y40T44,From 40 to 44 years,F,Female,BR_L_W,Live births per woman,2000,,0.04431,,FRA,France,A,Normal value,0,Units,2,Two
DATAFLOW,OECD.CFE.EDS:DSD_REG_DEMO@DF_FERTILITY(2.4),Fertility - Regions,I,A,Annual,CTRY,Country,ESP,Spain,_Z,Not applicable,FERT_RATIO,Fertility rate,Y40T44,From 40 to 44 years,F,Female,BR_L_W,Live births per woman,2000,,0.03244,,ESP,Spain,A,Normal value,0,Units,2,Two
DATAFLOW,OECD.CFE.EDS:DSD_REG_DEMO@DF_FERTILITY(2.4),Fertility - Regions,I,A,Annual,CTRY,Country,ESP,Spain,_Z,Not applicable,FERT_RATIO,Fertility rate,Y40T44,From 40 to 44 years,F,Female,BR_L_W,Live births per woman,2001,,0.035179999999999996,,ESP,Spain,A,Normal value,0,Units,2,Two
DATAFLOW,OECD.CFE.EDS:DSD_REG_DEMO@DF_FERTILITY(2.4),Fertility - Regions,I,A,Annual,CTRY,Country,FRA,France,_Z,Not applicable,FERT_RATIO,Fertility rate,Y40T44,From 40 to 44 years,F,Female,BR_L_W,Live births per woman,2001,,0.04596,,FRA,France,A,Normal value,0,Units,2,Two
DATAFLOW,OECD.CFE.EDS:DSD_REG_DEMO@DF_FERTILITY(2.4),Fertility - Regions,I,A,Annual,CTRY,Country,ITA,Italy,_Z,Not applicable,FERT_RATIO,Fertility rate,Y40T44,From 40 to 44 years,F,Female,BR_L_W,Live births per woman,2001,,0.04011,,ITA,Italy,A,Normal value,0,Units,2,Two
DATAFLOW,OECD.CFE.EDS:DSD_REG_DEMO@DF_FERTILITY(2.4),Fertility - Regions,I,A,Annual,CTRY,Country,DEU,Germany,_Z,Not applicable,FERT_RATIO,Fertility rate,Y40T44,From 40 to 44 years,F,Female,BR_L_W,Live births per woman,2001,,0.024360000000000003,,DEU,Germany,A,Normal value,0,Units,2,Two
DATAFLOW,OECD.CFE.EDS:DSD_REG_DEMO@DF_FERTILITY(2.4),Fertility - Regions,I,A,Annual,CTRY,Country,DEU,Germany,_Z,Not applicable,FERT_RATIO,Fertility rate,Y40T44,From 40 to 44 years,F,Female,BR_L_W,Live births per woman,2002,,0.025869999999999994,,DEU,Germany,A,Normal value,0,Units,2,Two
DATAFLOW,OECD.CFE.EDS:DSD_REG_DEMO@DF_FERTILITY(2.4),Fertility - Regions,I,A,Annual,CTRY,Country,ITA,Italy,_Z,Not applicable,FERT_RATIO,Fertility rate,Y40T44,From 40 to 44 years,F,Female,BR_L_W,Live births per woman,2002,,0.042749999999999996,,ITA,Italy,A,Normal value,0,Units,2,Two
DATAFLOW,OECD.CFE.EDS:DSD_REG_DEMO@DF_FERTILITY(2.4),Fertility - Regions,I,A,Annual,CTRY,Country,FRA,France,_Z,Not applicable,FERT_RATIO,Fertility rate,Y40T44,From 40 to 44 years,F,Female,BR_L_W,Live births per woman,2002,,0.04674,,FRA,France,A,Normal value,0,Units,2,Two
DATAFLOW,OECD.CFE.EDS:DSD_REG_DEMO@DF_FERTILITY(2.4),Fertility - Regions,I,A,Annual,CTRY,Country,ESP,Spain,_Z,Not applicable,FERT_RATIO,Fertility rate,Y40T44,From 40 to 44 years,F,Female,BR_L_W,Live births per woman,2002,,0.03741,,ESP,Spain,A,Normal value,0,Units,2,Two
DATAFLOW,OECD.CFE.EDS:DSD_REG_DEMO@DF_FERTILITY(2.4),Fertility - Regions,I,A,Annual,CTRY,Country,ESP,Spain,_Z,Not applicable,FERT_RATIO,Fertility rate,Y40T44,From 40 to 44 years,F,Female,BR_L_W,Live births per woman,2003,,0.04067,,ESP,Spain,A,Normal value,0,Units,2,Two
DATAFLOW,OECD.CFE.EDS:DSD_REG_DEMO@DF_FERTILITY(2.4),Fertility - Regions,I,A,Annual,CTRY,Country,FRA,France,_Z,Not applicable,FERT_RATIO,Fertility rate,Y40T44,From 40 to 44 years,F,Female,BR_L_W,Live births per woman,2003,,0.048620000000000003,,FRA,France,A,Normal value,0,Units,2,Two
DATAFLOW,OECD.CFE.EDS:DSD_REG_DEMO@DF_FERTILITY(2.4),Fertility - Regions,I,A,Annual,CTRY,Country,ITA,Italy,_Z,Not applicable,FERT_RATIO,Fertility rate,Y40T44,From 40 to 44 years,F,Female,BR_L_W,Live births per woman,2003,,0.04614,,ITA,Italy,A,Normal value,0,Units,2,Two
DATAFLOW,OECD.CFE.EDS:DSD_REG_DEMO@DF_FERTILITY(2.4),Fertility - Regions,I,A,Annual,CTRY,Country,DEU,Germany,_Z,Not applicable,FERT_RATIO,Fertility rate,Y40T44,From 40 to 44 years,F,Female,BR_L_W,Live births per woman,2003,,0.026820000000000004,,DEU,Germany,A,Normal value,0,Units,2,Two
DATAFLOW,OECD.CFE.EDS:DSD_REG_DEMO@DF_FERTILITY(2.4),Fertility - Regions,I,A,Annual,CTRY,Country,DEU,Germany,_Z,Not applicable,FERT_RATIO,Fertility rate,Y40T44,From 40 to 44 years,F,Female,BR_L_W,Live births per woman,2004,,0.028560000000000002,,DEU,Germany,A,Normal value,0,Units,2,Two
DATAFLOW,OECD.CFE.EDS:DSD_REG_DEMO@DF_FERTILITY(2.4),Fertility - Regions,I,A,Annual,CTRY,Country,ITA,Italy,_Z,Not applicable,FERT_RATIO,Fertility rate,Y40T44,From 40 to 44 years,F,Female,BR_L_W,Live births per woman,2004,,0.049409999999999996,,ITA,Italy,A,Normal value,0,Units,2,Two
DATAFLOW,OECD.CFE.EDS:DSD_REG_DEMO@DF_FERTILITY(2.4),Fertility - Regions,I,A,Annual,CTRY,Country,FRA,France,_Z,Not applicable,FERT_RATIO,Fertility rate,Y40T44,From 40 to 44 years,F,Female,BR_L_W,Live births per woman,2004,,0.05047,,FRA,France,A,Normal value,0,Units,2,Two
DATAFLOW,OECD.CFE.EDS:DSD_REG_DEMO@DF_FERTILITY(2.4),Fertility - Regions,I,A,Annual,CTRY,Country,ESP,Spain,_Z,Not applicable,FERT_RATIO,Fertility rate,Y40T44,From 40 to 44 years,F,Female,BR_L_W,Live births per woman,2004,,0.042789999999999995,,ESP,Spain,A,Normal value,0,Units,2,Two
DATAFLOW,OECD.CFE.EDS:DSD_REG_DEMO@DF_FERTILITY(2.4),Fertility - Regions,I,A,Annual,CTRY,Country,ESP,Spain,_Z,Not applicable,FERT_RATIO,Fertility rate,Y40T44,From 40 to 44 years,F,Female,BR_L_W,Live births per woman,2005,,0.0455,,ESP,Spain,A,Normal value,0,Units,2,Two
DATAFLOW,OECD.CFE.EDS:DSD_REG_DEMO@DF_FERTILITY(2.4),Fertility - Regions,I,A,Annual,CTRY,Country,FRA,France,_Z,Not applicable,FERT_RATIO,Fertility rate,Y40T44,From 40 to 44 years,F,Female,BR_L_W,Live births per woman,2005,,0.05326999999999999,,FRA,France,A,Normal value,0,Units,2,Two
DATAFLOW,OECD.CFE.EDS:DSD_REG_DEMO@DF_FERTILITY(2.4),Fertility - Regions,I,A,Annual,CTRY,Country,ITA,Italy,_Z,Not applicable,FERT_RATIO,Fertility rate,Y40T44,From 40 to 44 years,F,Female,BR_L_W,Live births per woman,2005,,0.052360000000000004,,ITA,Italy,A,Normal value,0,Units,2,Two
DATAFLOW,OECD.CFE.EDS:DSD_REG_DEMO@DF_FERTILITY(2.4),Fertility - Regions,I,A,Annual,CTRY,Country,DEU,Germany,_Z,Not applicable,FERT_RATIO,Fertility rate,Y40T44,From 40 to 44 years,F,Female,BR_L_W,Live births per woman,2005,,0.030469999999999997,,DEU,Germany,A,Normal value,0,Units,2,Two
DATAFLOW,OECD.CFE.EDS:DSD_REG_DEMO@DF_FERTILITY(2.4),Fertility - Regions,I,A,Annual,CTRY,Country,DEU,Germany,_Z,Not applicable,FERT_RATIO,Fertility rate,Y40T44,From 40 to 44 years,F,Female,BR_L_W,Live births per woman,2006,,0.033,,DEU,Germany,A,Normal value,0,Units,2,Two
DATAFLOW,OECD.CFE.EDS:DSD_REG_DEMO@DF_FERTILITY(2.4),Fertility - Regions,I,A,Annual,CTRY,Country,ITA,Italy,_Z,Not applicable,FERT_RATIO,Fertility rate,Y40T44,From 40 to 44 years,F,Female,BR_L_W,Live births per woman,2006,,0.056060000000000006,,ITA,Italy,A,Normal value,0,Units,2,Two
DATAFLOW,OECD.CFE.EDS:DSD_REG_DEMO@DF_FERTILITY(2.4),Fertility - Regions,I,A,Annual,CTRY,Country,FRA,France,_Z,Not applicable,FERT_RATIO,Fertility rate,Y40T44,From 40 to 44 years,F,Female,BR_L_W,Live births per woman,2006,,0.05531,,FRA,France,A,Normal value,0,Units,2,Two
DATAFLOW,OECD.CFE.EDS:DSD_REG_DEMO@DF_FERTILITY(2.4),Fertility - Regions,I,A,Annual,CTRY,Country,ESP,Spain,_Z,Not applicable,FERT_RATIO,Fertility rate,Y40T44,From 40 to 44 years,F,Female,BR_L_W,Live births per woman,2006,,0.04861,,ESP,Spain,A,Normal value,0,Units,2,Two
DATAFLOW,OECD.CFE.EDS:DSD_REG_DEMO@DF_FERTILITY(2.4),Fertility - Regions,I,A,Annual,CTRY,Country,ESP,Spain,_Z,Not applicable,FERT_RATIO,Fertility rate,Y40T44,From 40 to 44 years,F,Female,BR_L_W,Live births per woman,2007,,0.05112,,ESP,Spain,A,Normal value,0,Units,2,Two
DATAFLOW,OECD.CFE.EDS:DSD_REG_DEMO@DF_FERTILITY(2.4),Fertility - Regions,I,A,Annual,CTRY,Country,FRA,France,_Z,Not applicable,FERT_RATIO,Fertility rate,Y40T44,From 40 to 44 years,F,Female,BR_L_W,Live births per woman,2007,,0.05713000000000001,,FRA,France,A,Normal value,0,Units,2,Two
DATAFLOW,OECD.CFE.EDS:DSD_REG_DEMO@DF_FERTILITY(2.4),Fertility - Regions,I,A,Annual,CTRY,Country,ITA,Italy,_Z,Not applicable,FERT_RATIO,Fertility rate,Y40T44,From 40 to 44 years,F,Female,BR_L_W,Live births per woman,2007,,0.06010999999999999,,ITA,Italy,A,Normal value,0,Units,2,Two
DATAFLOW,OECD.CFE.EDS:DSD_REG_DEMO@DF_FERTILITY(2.4),Fertility - Regions,I,A,Annual,CTRY,Country,DEU,Germany,_Z,Not applicable,FERT_RATIO,Fertility rate,Y40T44,From 40 to 44 years,F,Female,BR_L_W,Live births per woman,2007,,0.03585,,DEU,Germany,A,Normal value,0,Units,2,Two
DATAFLOW,OECD.CFE.EDS:DSD_REG_DEMO@DF_FERTILITY(2.4),Fertility - Regions,I,A,Annual,CTRY,Country,DEU,Germany,_Z,Not applicable,FERT_RATIO,Fertility rate,Y40T44,From 40 to 44 years,F,Female,BR_L_W,Live births per woman,2008,,0.0391,,DEU,Germany,A,Normal value,0,Units,2,Two
DATAFLOW,OECD.CFE.EDS:DSD_REG_DEMO@DF_FERTILITY(2.4),Fertility - Regions,I,A,Annual,CTRY,Country,ITA,Italy,_Z,Not applicable,FERT_RATIO,Fertility rate,Y40T44,From 40 to 44 years,F,Female,BR_L_W,Live births per woman,2008,,0.06412999999999999,,ITA,Italy,A,Normal value,0,Units,2,Two
DATAFLOW,OECD.CFE.EDS:DSD_REG_DEMO@DF_FERTILITY(2.4),Fertility - Regions,I,A,Annual,CTRY,Country,FRA,France,_Z,Not applicable,FERT_RATIO,Fertility rate,Y40T44,From 40 to 44 years,F,Female,BR_L_W,Live births per woman,2008,,0.05911,,FRA,France,A,Normal value,0,Units,2,Two
DATAFLOW,OECD.CFE.EDS:DSD_REG_DEMO@DF_FERTILITY(2.4),Fertility - Regions,I,A,Annual,CTRY,Country,ESP,Spain,_Z,Not applicable,FERT_RATIO,Fertility rate,Y40T44,From 40 to 44 years,F,Female,BR_L_W,Live births per woman,2008,,0.05631,,ESP,Spain,A,Normal value,0,Units,2,Two
DATAFLOW,OECD.CFE.EDS:DSD_REG_DEMO@DF_FERTILITY(2.4),Fertility - Regions,I,A,Annual,CTRY,Country,JPN,Japan,_Z,Not applicable,FERT_RATIO,Fertility rate,Y40T44,From 40 to 44 years,F,Female,BR_L_W,Live births per woman,2009,,0.03587,,JPN,Japan,A,Normal value,0,Units,2,Two
DATAFLOW,OECD.CFE.EDS:DSD_REG_DEMO@DF_FERTILITY(2.4),Fertility - Regions,I,A,Annual,CTRY,Country,ESP,Spain,_Z,Not applicable,FERT_RATIO,Fertility rate,Y40T44,From 40 to 44 years,F,Female,BR_L_W,Live births per woman,2009,,0.05775,,ESP,Spain,A,Normal value,0,Units,2,Two
DATAFLOW,OECD.CFE.EDS:DSD_REG_DEMO@DF_FERTILITY(2.4),Fertility - Regions,I,A,Annual,CTRY,Country,FRA,France,_Z,Not applicable,FERT_RATIO,Fertility rate,Y40T44,From 40 to 44 years,F,Female,BR_L_W,Live births per woman,2009,,0.060059999999999995,,FRA,France,A,Normal value,0,Units,2,Two
DATAFLOW,OECD.CFE.EDS:DSD_REG_DEMO@DF_FERTILITY(2.4),Fertility - Regions,I,A,Annual,CTRY,Country,ITA,Italy,_Z,Not applicable,FERT_RATIO,Fertility rate,Y40T44,From 40 to 44 years,F,Female,BR_L_W,Live births per woman,2009,,0.06776,,ITA,Italy,A,Normal value,0,Units,2,Two
DATAFLOW,OECD.CFE.EDS:DSD_REG_DEMO@DF_FERTILITY(2.4),Fertility - Regions,I,A,Annual,CTRY,Country,DEU,Germany,_Z,Not applicable,FERT_RATIO,Fertility rate,Y40T44,From 40 to 44 years,F,Female,BR_L_W,Live births per woman,2009,,0.04068000000000001,,DEU,Germany,A,Normal value,0,Units,2,Two
DATAFLOW,OECD.CFE.EDS:DSD_REG_DEMO@DF_FERTILITY(2.4),Fertility - Regions,I,A,Annual,CTRY,Country,DEU,Germany,_Z,Not applicable,FERT_RATIO,Fertility rate,Y40T44,From 40 to 44 years,F,Female,BR_L_W,Live births per woman,2010,,0.043230000000000005,,DEU,Germany,A,Normal value,0,Units,2,Two
DATAFLOW,OECD.CFE.EDS:DSD_REG_DEMO@DF_FERTILITY(2.4),Fertility - Regions,I,A,Annual,CTRY,Country,ITA,Italy,_Z,Not applicable,FERT_RATIO,Fertility rate,Y40T44,From 40 to 44 years,F,Female,BR_L_W,Live births per woman,2010,,0.07042999999999999,,ITA,Italy,A,Normal value,0,Units,2,Two
DATAFLOW,OECD.CFE.EDS:DSD_REG_DEMO@DF_FERTILITY(2.4),Fertility - Regions,I,A,Annual,CTRY,Country,FRA,France,_Z,Not applicable,FERT_RATIO,Fertility rate,Y40T44,From 40 to 44 years,F,Female,BR_L_W,Live births per woman,2010,,0.062079999999999996,,FRA,France,A,Normal value,0,Units,2,Two
DATAFLOW,OECD.CFE.EDS:DSD_REG_DEMO@DF_FERTILITY(2.4),Fertility - Regions,I,A,Annual,CTRY,Country,ESP,Spain,_Z,Not applicable,FERT_RATIO,Fertility rate,Y40T44,From 40 to 44 years,F,Female,BR_L_W,Live births per woman,2010,,0.06117,,ESP,Spain,A,Normal value,0,Units,2,Two
DATAFLOW,OECD.CFE.EDS:DSD_REG_DEMO@DF_FERTILITY(2.4),Fertility - Regions,I,A,Annual,CTRY,Country,JPN,Japan,_Z,Not applicable,FERT_RATIO,Fertility rate,Y40T44,From 40 to 44 years,F,Female,BR_L_W,Live births per woman,2010,,0.03986,,JPN,Japan,A,Normal value,0,Units,2,Two
DATAFLOW,OECD.CFE.EDS:DSD_REG_DEMO@DF_FERTILITY(2.4),Fertility - Regions,I,A,Annual,CTRY,Country,JPN,Japan,_Z,Not applicable,FERT_RATIO,Fertility rate,Y40T44,From 40 to 44 years,F,Female,BR_L_W,Live births per woman,2011,,0.04059,,JPN,Japan,A,Normal value,0,Units,2,Two
DATAFLOW,OECD.CFE.EDS:DSD_REG_DEMO@DF_FERTILITY(2.4),Fertility - Regions,I,A,Annual,CTRY,Country,ESP,Spain,_Z,Not applicable,FERT_RATIO,Fertility rate,Y40T44,From 40 to 44 years,F,Female,BR_L_W,Live births per woman,2011,,0.06506,,ESP,Spain,A,Normal value,0,Units,2,Two
DATAFLOW,OECD.CFE.EDS:DSD_REG_DEMO@DF_FERTILITY(2.4),Fertility - Regions,I,A,Annual,CTRY,Country,FRA,France,_Z,Not applicable,FERT_RATIO,Fertility rate,Y40T44,From 40 to 44 years,F,Female,BR_L_W,Live births per woman,2011,,0.06480000000000001,,FRA,France,A,Normal value,0,Units,2,Two
DATAFLOW,OECD.CFE.EDS:DSD_REG_DEMO@DF_FERTILITY(2.4),Fertility - Regions,I,A,Annual,CTRY,Country,ITA,Italy,_Z,Not applicable,FERT_RATIO,Fertility rate,Y40T44,From 40 to 44 years,F,Female,BR_L_W,Live births per woman,2011,,0.0735,,ITA,Italy,A,Normal value,0,Units,2,Two
DATAFLOW,OECD.CFE.EDS:DSD_REG_DEMO@DF_FERTILITY(2.4),Fertility - Regions,I,A,Annual,CTRY,Country,DEU,Germany,_Z,Not applicable,FERT_RATIO,Fertility rate,Y40T44,From 40 to 44 years,F,Female,BR_L_W,Live births per woman,2011,,0.04462,,DEU,Germany,A,Normal value,0,Units,2,Two
DATAFLOW,OECD.CFE.EDS:DSD_REG_DEMO@DF_FERTILITY(2.4),Fertility - Regions,I,A,Annual,CTRY,Country,DEU,Germany,_Z,Not applicable,FERT_RATIO,Fertility rate,Y40T44,From 40 to 44 years,F,Female,BR_L_W,Live births per woman,2012,,0.04794,,DEU,Germany,A,Normal value,0,Units,2,Two
DATAFLOW,OECD.CFE.EDS:DSD_REG_DEMO@DF_FERTILITY(2.4),Fertility - Regions,I,A,Annual,CTRY,Country,ITA,Italy,_Z,Not applicable,FERT_RATIO,Fertility rate,Y40T44,From 40 to 44 years,F,Female,BR_L_W,Live births per woman,2012,,0.07574,,ITA,Italy,A,Normal value,0,Units,2,Two
DATAFLOW,OECD.CFE.EDS:DSD_REG_DEMO@DF_FERTILITY(2.4),Fertility - Regions,I,A,Annual,CTRY,Country,FRA,France,_Z,Not applicable,FERT_RATIO,Fertility rate,Y40T44,From 40 to 44 years,F,Female,BR_L_W,Live births per woman,2012,,0.06528,,FRA,France,A,Normal value,0,Units,2,Two
DATAFLOW,OECD.CFE.EDS:DSD_REG_DEMO@DF_FERTILITY(2.4),Fertility - Regions,I,A,Annual,CTRY,Country,ESP,Spain,_Z,Not applicable,FERT_RATIO,Fertility rate,Y40T44,From 40 to 44 years,F,Female,BR_L_W,Live births per woman,2012,,0.06977,,ESP,Spain,A,Normal value,0,Units,2,Two
DATAFLOW,OECD.CFE.EDS:DSD_REG_DEMO@DF_FERTILITY(2.4),Fertility - Regions,I,A,Annual,CTRY,Country,JPN,Japan,_Z,Not applicable,FERT_RATIO,Fertility rate,Y40T44,From 40 to 44 years,F,Female,BR_L_W,Live births per woman,2012,,0.04488,,JPN,Japan,A,Normal value,0,Units,2,Two
DATAFLOW,OECD.CFE.EDS:DSD_REG_DEMO@DF_FERTILITY(2.4),Fertility - Regions,I,A,Annual,CTRY,Country,JPN,Japan,_Z,Not applicable,FERT_RATIO,Fertility rate,Y40T44,From 40 to 44 years,F,Female,BR_L_W,Live births per woman,2013,,0.04873,,JPN,Japan,A,Normal value,0,Units,2,Two
DATAFLOW,OECD.CFE.EDS:DSD_REG_DEMO@DF_FERTILITY(2.4),Fertility - Regions,I,A,Annual,CTRY,Country,ESP,Spain,_Z,Not applicable,FERT_RATIO,Fertility rate,Y40T44,From 40 to 44 years,F,Female,BR_L_W,Live births per woman,2013,,0.07150999999999999,,ESP,Spain,A,Normal value,0,Units,2,Two
DATAFLOW,OECD.CFE.EDS:DSD_REG_DEMO@DF_FERTILITY(2.4),Fertility - Regions,I,A,Annual,CTRY,Country,FRA,France,_Z,Not applicable,FERT_RATIO,Fertility rate,Y40T44,From 40 to 44 years,F,Female,BR_L_W,Live births per woman,2013,,0.06775,,FRA,France,A,Normal value,0,Units,2,Two
DATAFLOW,OECD.CFE.EDS:DSD_REG_DEMO@DF_FERTILITY(2.4),Fertility - Regions,I,A,Annual,CTRY,Country,ITA,Italy,_Z,Not applicable,FERT_RATIO,Fertility rate,Y40T44,From 40 to 44 years,F,Female,BR_L_W,Live births per woman,2013,,0.07653000000000001,,ITA,Italy,A,Normal value,0,Units,2,Two
DATAFLOW,OECD.CFE.EDS:DSD_REG_DEMO@DF_FERTILITY(2.4),Fertility - Regions,I,A,Annual,CTRY,Country,DEU,Germany,_Z,Not applicable,FERT_RATIO,Fertility rate,Y40T44,From 40 to 44 years,F,Female,BR_L_W,Live births per woman,2013,,0.05076,,DEU,Germany,A,Normal value,0,Units,2,Two
DATAFLOW,OECD.CFE.EDS:DSD_REG_DEMO@DF_FERTILITY(2.4),Fertility - Regions,I,A,Annual,CTRY,Country,DEU,Germany,_Z,Not applicable,FERT_RATIO,Fertility rate,Y40T44,From 40 to 44 years,F,Female,BR_L_W,Live births per woman,2014,,0.05552000000000001,,DEU,Germany,A,Normal value,0,Units,2,Two
DATAFLOW,OECD.CFE.EDS:DSD_REG_DEMO@DF_FERTILITY(2.4),Fertility - Regions,I,A,Annual,CTRY,Country,ITA,Italy,_Z,Not applicable,FERT_RATIO,Fertility rate,Y40T44,From 40 to 44 years,F,Female,BR_L_W,Live births per woman,2014,,0.07569,,ITA,Italy,A,Normal value,0,Units,2,Two
DATAFLOW,OECD.CFE.EDS:DSD_REG_DEMO@DF_FERTILITY(2.4),Fertility - Regions,I,A,Annual,CTRY,Country,FRA,France,_Z,Not applicable,FERT_RATIO,Fertility rate,Y40T44,From 40 to 44 years,F,Female,BR_L_W,Live births per woman,2014,,0.07101,,FRA,France,A,Normal value,0,Units,2,Two
DATAFLOW,OECD.CFE.EDS:DSD_REG_DEMO@DF_FERTILITY(2.4),Fertility - Regions,I,A,Annual,CTRY,Country,ESP,Spain,_Z,Not applicable,FERT_RATIO,Fertility rate,Y40T44,From 40 to 44 years,F,Female,BR_L_W,Live births per woman,2014,,0.07517000000000001,,ESP,Spain,A,Normal value,0,Units,2,Two
DATAFLOW,OECD.CFE.EDS:DSD_REG_DEMO@DF_FERTILITY(2.4),Fertility - Regions,I,A,Annual,CTRY,Country,JPN,Japan,_Z,Not applicable,FERT_RATIO,Fertility rate,Y40T44,From 40 to 44 years,F,Female,BR_L_W,Live births per woman,2014,,0.05126000000000001,,JPN,Japan,A,Normal value,0,Units,2,Two
DATAFLOW,OECD.CFE.EDS:DSD_REG_DEMO@DF_FERTILITY(2.4),Fertility - Regions,I,A,Annual,CTRY,Country,JPN,Japan,_Z,Not applicable,FERT_RATIO,Fertility rate,Y40T44,From 40 to 44 years,F,Female,BR_L_W,Live births per woman,2015,,0.05496000000000001,,JPN,Japan,A,Normal value,0,Units,2,Two
DATAFLOW,OECD.CFE.EDS:DSD_REG_DEMO@DF_FERTILITY(2.4),Fertility - Regions,I,A,Annual,CTRY,Country,ESP,Spain,_Z,Not applicable,FERT_RATIO,Fertility rate,Y40T44,From 40 to 44 years,F,Female,BR_L_W,Live births per woman,2015,,0.07871,,ESP,Spain,A,Normal value,0,Units,2,Two
DATAFLOW,OECD.CFE.EDS:DSD_REG_DEMO@DF_FERTILITY(2.4),Fertility - Regions,I,A,Annual,CTRY,Country,FRA,France,_Z,Not applicable,FERT_RATIO,Fertility rate,Y40T44,From 40 to 44 years,F,Female,BR_L_W,Live births per woman,2015,,0.07127000000000001,,FRA,France,A,Normal value,0,Units,2,Two
DATAFLOW,OECD.CFE.EDS:DSD_REG_DEMO@DF_FERTILITY(2.4),Fertility - Regions,I,A,Annual,CTRY,Country,ITA,Italy,_Z,Not applicable,FERT_RATIO,Fertility rate,Y40T44,From 40 to 44 years,F,Female,BR_L_W,Live births per woman,2015,,0.07737,,ITA,Italy,A,Normal value,0,Units,2,Two
DATAFLOW,OECD.CFE.EDS:DSD_REG_DEMO@DF_FERTILITY(2.4),Fertility - Regions,I,A,Annual,CTRY,Country,DEU,Germany,_Z,Not applicable,FERT_RATIO,Fertility rate,Y40T44,From 40 to 44 years,F,Female,BR_L_W,Live births per woman,2015,,0.05804999999999999,,DEU,Germany,A,Normal value,0,Units,2,Two
DATAFLOW,OECD.CFE.EDS:DSD_REG_DEMO@DF_FERTILITY(2.4),Fertility - Regions,I,A,Annual,CTRY,Country,DEU,Germany,_Z,Not applicable,FERT_RATIO,Fertility rate,Y40T44,From 40 to 44 years,F,Female,BR_L_W,Live births per woman,2016,,0.06257,,DEU,Germany,A,Normal value,0,Units,2,Two
DATAFLOW,OECD.CFE.EDS:DSD_REG_DEMO@DF_FERTILITY(2.4),Fertility - Regions,I,A,Annual,CTRY,Country,ITA,Italy,_Z,Not applicable,FERT_RATIO,Fertility rate,Y40T44,From 40 to 44 years,F,Female,BR_L_W,Live births per woman,2016,,0.0791,,ITA,Italy,A,Normal value,0,Units,2,Two
DATAFLOW,OECD.CFE.EDS:DSD_REG_DEMO@DF_FERTILITY(2.4),Fertility - Regions,I,A,Annual,CTRY,Country,FRA,France,_Z,Not applicable,FERT_RATIO,Fertility rate,Y40T44,From 40 to 44 years,F,Female,BR_L_W,Live births per woman,2016,,0.07329,,FRA,France,A,Normal value,0,Units,2,Two
DATAFLOW,OECD.CFE.EDS:DSD_REG_DEMO@DF_FERTILITY(2.4),Fertility - Regions,I,A,Annual,CTRY,Country,ESP,Spain,_Z,Not applicable,FERT_RATIO,Fertility rate,Y40T44,From 40 to 44 years,F,Female,BR_L_W,Live births per woman,2016,,0.08147,,ESP,Spain,A,Normal value,0,Units,2,Two
DATAFLOW,OECD.CFE.EDS:DSD_REG_DEMO@DF_FERTILITY(2.4),Fertility - Regions,I,A,Annual,CTRY,Country,JPN,Japan,_Z,Not applicable,FERT_RATIO,Fertility rate,Y40T44,From 40 to 44 years,F,Female,BR_L_W,Live births per woman,2016,,0.05583,,JPN,Japan,A,Normal value,0,Units,2,Two
DATAFLOW,OECD.CFE.EDS:DSD_REG_DEMO@DF_FERTILITY(2.4),Fertility - Regions,I,A,Annual,CTRY,Country,JPN,Japan,_Z,Not applicable,FERT_RATIO,Fertility rate,Y40T44,From 40 to 44 years,F,Female,BR_L_W,Live births per woman,2017,,0.05597,,JPN,Japan,A,Normal value,0,Units,2,Two
DATAFLOW,OECD.CFE.EDS:DSD_REG_DEMO@DF_FERTILITY(2.4),Fertility - Regions,I,A,Annual,CTRY,Country,ESP,Spain,_Z,Not applicable,FERT_RATIO,Fertility rate,Y40T44,From 40 to 44 years,F,Female,BR_L_W,Live births per woman,2017,,0.08339,,ESP,Spain,A,Normal value,0,Units,2,Two
DATAFLOW,OECD.CFE.EDS:DSD_REG_DEMO@DF_FERTILITY(2.4),Fertility - Regions,I,A,Annual,CTRY,Country,FRA,France,_Z,Not applicable,FERT_RATIO,Fertility rate,Y40T44,From 40 to 44 years,F,Female,BR_L_W,Live births per woman,2017,,0.07562999999999999,,FRA,France,A,Normal value,0,Units,2,Two
DATAFLOW,OECD.CFE.EDS:DSD_REG_DEMO@DF_FERTILITY(2.4),Fertility - Regions,I,A,Annual,CTRY,Country,ITA,Italy,_Z,Not applicable,FERT_RATIO,Fertility rate,Y40T44,From 40 to 44 years,F,Female,BR_L_W,Live births per woman,2017,,0.08054,,ITA,Italy,A,Normal value,0,Units,2,Two
DATAFLOW,OECD.CFE.EDS:DSD_REG_DEMO@DF_FERTILITY(2.4),Fertility - Regions,I,A,Annual,CTRY,Country,DEU,Germany,_Z,Not applicable,FERT_RATIO,Fertility rate,Y40T44,From 40 to 44 years,F,Female,BR_L_W,Live births per woman,2017,,0.06373000000000001,,DEU,Germany,A,Normal value,0,Units,2,Two
DATAFLOW,OECD.CFE.EDS:DSD_REG_DEMO@DF_FERTILITY(2.4),Fertility - Regions,I,A,Annual,CTRY,Country,DEU,Germany,_Z,Not applicable,FERT_RATIO,Fertility rate,Y40T44,From 40 to 44 years,F,Female,BR_L_W,Live births per woman,2018,,0.06670999999999999,,DEU,Germany,A,Normal value,0,Units,2,Two
DATAFLOW,OECD.CFE.EDS:DSD_REG_DEMO@DF_FERTILITY(2.4),Fertility - Regions,I,A,Annual,CTRY,Country,ITA,Italy,_Z,Not applicable,FERT_RATIO,Fertility rate,Y40T44,From 40 to 44 years,F,Female,BR_L_W,Live births per woman,2018,,0.08106999999999999,,ITA,Italy,A,Normal value,0,Units,2,Two
DATAFLOW,OECD.CFE.EDS:DSD_REG_DEMO@DF_FERTILITY(2.4),Fertility - Regions,I,A,Annual,CTRY,Country,FRA,France,_Z,Not applicable,FERT_RATIO,Fertility rate,Y40T44,From 40 to 44 years,F,Female,BR_L_W,Live births per woman,2018,,0.07765000000000001,,FRA,France,A,Normal value,0,Units,2,Two
DATAFLOW,OECD.CFE.EDS:DSD_REG_DEMO@DF_FERTILITY(2.4),Fertility - Regions,I,A,Annual,CTRY,Country,ESP,Spain,_Z,Not applicable,FERT_RATIO,Fertility rate,Y40T44,From 40 to 44 years,F,Female,BR_L_W,Live births per woman,2018,,0.08472,,ESP,Spain,A,Normal value,0,Units,2,Two
DATAFLOW,OECD.CFE.EDS:DSD_REG_DEMO@DF_FERTILITY(2.4),Fertility - Regions,I,A,Annual,CTRY,Country,JPN,Japan,_Z,Not applicable,FERT_RATIO,Fertility rate,Y40T44,From 40 to 44 years,F,Female,BR_L_W,Live births per woman,2018,,0.05716,,JPN,Japan,A,Normal value,0,Units,2,Two
DATAFLOW,OECD.CFE.EDS:DSD_REG_DEMO@DF_FERTILITY(2.4),Fertility - Regions,I,A,Annual,CTRY,Country,JPN,Japan,_Z,Not applicable,FERT_RATIO,Fertility rate,Y40T44,From 40 to 44 years,F,Female,BR_L_W,Live births per woman,2019,,0.05719,,JPN,Japan,A,Normal value,0,Units,2,Two
DATAFLOW,OECD.CFE.EDS:DSD_REG_DEMO@DF_FERTILITY(2.4),Fertility - Regions,I,A,Annual,CTRY,Country,ESP,Spain,_Z,Not applicable,FERT_RATIO,Fertility rate,Y40T44,From 40 to 44 years,F,Female,BR_L_W,Live births per woman,2019,,0.084,,ESP,Spain,A,Normal value,0,Units,2,Two
DATAFLOW,OECD.CFE.EDS:DSD_REG_DEMO@DF_FERTILITY(2.4),Fertility - Regions,I,A,Annual,CTRY,Country,FRA,France,_Z,Not applicable,FERT_RATIO,Fertility rate,Y40T44,From 40 to 44 years,F,Female,BR_L_W,Live births per woman,2019,,0.07930000000000001,,FRA,France,A,Normal value,0,Units,2,Two
DATAFLOW,OECD.CFE.EDS:DSD_REG_DEMO@DF_FERTILITY(2.4),Fertility - Regions,I,A,Annual,CTRY,Country,ITA,Italy,_Z,Not applicable,FERT_RATIO,Fertility rate,Y40T44,From 40 to 44 years,F,Female,BR_L_W,Live births per woman,2019,,0.08054,,ITA,Italy,A,Normal value,0,Units,2,Two
DATAFLOW,OECD.CFE.EDS:DSD_REG_DEMO@DF_FERTILITY(2.4),Fertility - Regions,I,A,Annual,CTRY,Country,DEU,Germany,_Z,Not applicable,FERT_RATIO,Fertility rate,Y40T44,From 40 to 44 years,F,Female,BR_L_W,Live births per woman,2019,,0.06699999999999999,,DEU,Germany,A,Normal value,0,Units,2,Two
DATAFLOW,OECD.CFE.EDS:DSD_REG_DEMO@DF_FERTILITY(2.4),Fertility - Regions,I,A,Annual,CTRY,Country,DEU,Germany,_Z,Not applicable,FERT_RATIO,Fertility rate,Y40T44,From 40 to 44 years,F,Female,BR_L_W,Live births per woman,2020,,0.06755,,DEU,Germany,A,Normal value,0,Units,2,Two
DATAFLOW,OECD.CFE.EDS:DSD_REG_DEMO@DF_FERTILITY(2.4),Fertility - Regions,I,A,Annual,CTRY,Country,ITA,Italy,_Z,Not applicable,FERT_RATIO,Fertility rate,Y40T44,From 40 to 44 years,F,Female,BR_L_W,Live births per woman,2020,,0.07985,,ITA,Italy,A,Normal value,0,Units,2,Two
DATAFLOW,OECD.CFE.EDS:DSD_REG_DEMO@DF_FERTILITY(2.4),Fertility - Regions,I,A,Annual,CTRY,Country,FRA,France,_Z,Not applicable,FERT_RATIO,Fertility rate,Y40T44,From 40 to 44 years,F,Female,BR_L_W,Live births per woman,2020,,0.07869999999999999,,FRA,France,A,Normal value,0,Units,2,Two
DATAFLOW,OECD.CFE.EDS:DSD_REG_DEMO@DF_FERTILITY(2.4),Fertility - Regions,I,A,Annual,CTRY,Country,ESP,Spain,_Z,Not applicable,FERT_RATIO,Fertility rate,Y40T44,From 40 to 44 years,F,Female,BR_L_W,Live births per woman,2020,,0.08312,,ESP,Spain,A,Normal value,0,Units,2,Two
DATAFLOW,OECD.CFE.EDS:DSD_REG_DEMO@DF_FERTILITY(2.4),Fertility - Regions,I,A,Annual,CTRY,Country,JPN,Japan,_Z,Not applicable,FERT_RATIO,Fertility rate,Y40T44,From 40 to 44 years,F,Female,BR_L_W,Live births per woman,2020,,0.05732,,JPN,Japan,A,Normal value,0,Units,2,Two
DATAFLOW,OECD.CFE.EDS:DSD_REG_DEMO@DF_FERTILITY(2.4),Fertility - Regions,I,A,Annual,CTRY,Country,JPN,Japan,_Z,Not applicable,FERT_RATIO,Fertility rate,Y40T44,From 40 to 44 years,F,Female,BR_L_W,Live births per woman,2021,,0.06021,,JPN,Japan,A,Normal value,0,Units,2,Two
DATAFLOW,OECD.CFE.EDS:DSD_REG_DEMO@DF_FERTILITY(2.4),Fertility - Regions,I,A,Annual,CTRY,Country,ESP,Spain,_Z,Not applicable,FERT_RATIO,Fertility rate,Y40T44,From 40 to 44 years,F,Female,BR_L_W,Live births per woman,2021,,0.08782,,ESP,Spain,A,Normal value,0,Units,2,Two
DATAFLOW,OECD.CFE.EDS:DSD_REG_DEMO@DF_FERTILITY(2.4),Fertility - Regions,I,A,Annual,CTRY,Country,FRA,France,_Z,Not applicable,FERT_RATIO,Fertility rate,Y40T44,From 40 to 44 years,F,Female,BR_L_W,Live births per woman,2021,,0.08074,,FRA,France,A,Normal value,0,Units,2,Two
DATAFLOW,OECD.CFE.EDS:DSD_REG_DEMO@DF_FERTILITY(2.4),Fertility - Regions,I,A,Annual,CTRY,Country,ITA,Italy,_Z,Not applicable,FERT_RATIO,Fertility rate,Y40T44,From 40 to 44 years,F,Female,BR_L_W,Live births per woman,2021,,0.08221,,ITA,Italy,A,Normal value,0,Units,2,Two
DATAFLOW,OECD.CFE.EDS:DSD_REG_DEMO@DF_FERTILITY(2.4),Fertility - Regions,I,A,Annual,CTRY,Country,DEU,Germany,_Z,Not applicable,FERT_RATIO,Fertility rate,Y40T44,From 40 to 44 years,F,Female,BR_L_W,Live births per woman,2022,,0.06684,,DEU,Germany,A,Normal value,0,Units,2,Two
DATAFLOW,OECD.CFE.EDS:DSD_REG_DEMO@DF_FERTILITY(2.4),Fertility - Regions,I,A,Annual,CTRY,Country,ITA,Italy,_Z,Not applicable,FERT_RATIO,Fertility rate,Y40T44,From 40 to 44 years,F,Female,BR_L_W,Live births per woman,2022,,0.08334,,ITA,Italy,A,Normal value,0,Units,2,Two
DATAFLOW,OECD.CFE.EDS:DSD_REG_DEMO@DF_FERTILITY(2.4),Fertility - Regions,I,A,Annual,CTRY,Country,FRA,France,_Z,Not applicable,FERT_RATIO,Fertility rate,Y40T44,From 40 to 44 years,F,Female,BR_L_W,Live births per woman,2022,,0.08149,,FRA,France,A,Normal value,0,Units,2,Two
DATAFLOW,OECD.CFE.EDS:DSD_REG_DEMO@DF_FERTILITY(2.4),Fertility - Regions,I,A,Annual,CTRY,Country,ESP,Spain,_Z,Not applicable,FERT_RATIO,Fertility rate,Y40T44,From 40 to 44 years,F,Female,BR_L_W,Live births per woman,2022,,0.08894,,ESP,Spain,A,Normal value,0,Units,2,Two
DATAFLOW,OECD.CFE.EDS:DSD_REG_DEMO@DF_FERTILITY(2.4),Fertility - Regions,I,A,Annual,CTRY,Country,ESP,Spain,_Z,Not applicable,FERT_RATIO,Fertility rate,Y45T49,From 45 to 49 years,F,Female,BR_L_W,Live births per woman,2000,,0.0016099999999999999,,ESP,Spain,A,Normal value,0,Units,2,Two
DATAFLOW,OECD.CFE.EDS:DSD_REG_DEMO@DF_FERTILITY(2.4),Fertility - Regions,I,A,Annual,CTRY,Country,ITA,Italy,_Z,Not applicable,FERT_RATIO,Fertility rate,Y45T49,From 45 to 49 years,F,Female,BR_L_W,Live births per woman,2000,,0.0019,,ITA,Italy,A,Normal value,0,Units,2,Two
DATAFLOW,OECD.CFE.EDS:DSD_REG_DEMO@DF_FERTILITY(2.4),Fertility - Regions,I,A,Annual,CTRY,Country,DEU,Germany,_Z,Not applicable,FERT_RATIO,Fertility rate,Y45T49,From 45 to 49 years,F,Female,BR_L_W,Live births per woman,2000,,0.00085,,DEU,Germany,A,Normal value,0,Units,2,Two
DATAFLOW,OECD.CFE.EDS:DSD_REG_DEMO@DF_FERTILITY(2.4),Fertility - Regions,I,A,Annual,CTRY,Country,FRA,France,_Z,Not applicable,FERT_RATIO,Fertility rate,Y45T49,From 45 to 49 years,F,Female,BR_L_W,Live births per woman,2000,,0.0015800000000000002,,FRA,France,A,Normal value,0,Units,2,Two
DATAFLOW,OECD.CFE.EDS:DSD_REG_DEMO@DF_FERTILITY(2.4),Fertility - Regions,I,A,Annual,CTRY,Country,KOR,Korea,_Z,Not applicable,FERT_RATIO,Fertility rate,Y45T49,From 45 to 49 years,F,Female,BR_L_W,Live births per woman,2000,,0.001,,KOR,Korea,A,Normal value,0,Units,2,Two
DATAFLOW,OECD.CFE.EDS:DSD_REG_DEMO@DF_FERTILITY(2.4),Fertility - Regions,I,A,Annual,CTRY,Country,KOR,Korea,_Z,Not applicable,FERT_RATIO,Fertility rate,Y45T49,From 45 to 49 years,F,Female,BR_L_W,Live births per woman,2001,,0.001,,KOR,Korea,A,Normal value,0,Units,2,Two
DATAFLOW,OECD.CFE.EDS:DSD_REG_DEMO@DF_FERTILITY(2.4),Fertility - Regions,I,A,Annual,CTRY,Country,FRA,France,_Z,Not applicable,FERT_RATIO,Fertility rate,Y45T49,From 45 to 49 years,F,Female,BR_L_W,Live births per woman,2001,,0.0018400000000000003,,FRA,France,A,Normal value,0,Units,2,Two
DATAFLOW,OECD.CFE.EDS:DSD_REG_DEMO@DF_FERTILITY(2.4),Fertility - Regions,I,A,Annual,CTRY,Country,DEU,Germany,_Z,Not applicable,FERT_RATIO,Fertility rate,Y45T49,From 45 to 49 years,F,Female,BR_L_W,Live births per woman,2001,,0.0009300000000000002,,DEU,Germany,A,Normal value,0,Units,2,Two
DATAFLOW,OECD.CFE.EDS:DSD_REG_DEMO@DF_FERTILITY(2.4),Fertility - Regions,I,A,Annual,CTRY,Country,ITA,Italy,_Z,Not applicable,FERT_RATIO,Fertility rate,Y45T49,From 45 to 49 years,F,Female,BR_L_W,Live births per woman,2001,,0.00201,,ITA,Italy,A,Normal value,0,Units,2,Two
DATAFLOW,OECD.CFE.EDS:DSD_REG_DEMO@DF_FERTILITY(2.4),Fertility - Regions,I,A,Annual,CTRY,Country,ESP,Spain,_Z,Not applicable,FERT_RATIO,Fertility rate,Y45T49,From 45 to 49 years,F,Female,BR_L_W,Live births per woman,2001,,0.0017900000000000004,,ESP,Spain,A,Normal value,0,Units,2,Two
DATAFLOW,OECD.CFE.EDS:DSD_REG_DEMO@DF_FERTILITY(2.4),Fertility - Regions,I,A,Annual,CTRY,Country,ESP,Spain,_Z,Not applicable,FERT_RATIO,Fertility rate,Y45T49,From 45 to 49 years,F,Female,BR_L_W,Live births per woman,2002,,0.0019,,ESP,Spain,A,Normal value,0,Units,2,Two
DATAFLOW,OECD.CFE.EDS:DSD_REG_DEMO@DF_FERTILITY(2.4),Fertility - Regions,I,A,Annual,CTRY,Country,ITA,Italy,_Z,Not applicable,FERT_RATIO,Fertility rate,Y45T49,From 45 to 49 years,F,Female,BR_L_W,Live births per woman,2002,,0.0017400000000000002,,ITA,Italy,A,Normal value,0,Units,2,Two
DATAFLOW,OECD.CFE.EDS:DSD_REG_DEMO@DF_FERTILITY(2.4),Fertility - Regions,I,A,Annual,CTRY,Country,DEU,Germany,_Z,Not applicable,FERT_RATIO,Fertility rate,Y45T49,From 45 to 49 years,F,Female,BR_L_W,Live births per woman,2002,,0.0009400000000000001,,DEU,Germany,A,Normal value,0,Units,2,Two
DATAFLOW,OECD.CFE.EDS:DSD_REG_DEMO@DF_FERTILITY(2.4),Fertility - Regions,I,A,Annual,CTRY,Country,FRA,France,_Z,Not applicable,FERT_RATIO,Fertility rate,Y45T49,From 45 to 49 years,F,Female,BR_L_W,Live births per woman,2002,,0.00194,,FRA,France,A,Normal value,0,Units,2,Two
DATAFLOW,OECD.CFE.EDS:DSD_REG_DEMO@DF_FERTILITY(2.4),Fertility - Regions,I,A,Annual,CTRY,Country,KOR,Korea,_Z,Not applicable,FERT_RATIO,Fertility rate,Y45T49,From 45 to 49 years,F,Female,BR_L_W,Live births per woman,2002,,0.001,,KOR,Korea,A,Normal value,0,Units,2,Two
DATAFLOW,OECD.CFE.EDS:DSD_REG_DEMO@DF_FERTILITY(2.4),Fertility - Regions,I,A,Annual,CTRY,Country,KOR,Korea,_Z,Not applicable,FERT_RATIO,Fertility rate,Y45T49,From 45 to 49 years,F,Female,BR_L_W,Live births per woman,2003,,0.001,,KOR,Korea,A,Normal value,0,Units,2,Two
DATAFLOW,OECD.CFE.EDS:DSD_REG_DEMO@DF_FERTILITY(2.4),Fertility - Regions,I,A,Annual,CTRY,Country,FRA,France,_Z,Not applicable,FERT_RATIO,Fertility rate,Y45T49,From 45 to 49 years,F,Female,BR_L_W,Live births per woman,2003,,0.00209,,FRA,France,A,Normal value,0,Units,2,Two
DATAFLOW,OECD.CFE.EDS:DSD_REG_DEMO@DF_FERTILITY(2.4),Fertility - Regions,I,A,Annual,CTRY,Country,DEU,Germany,_Z,Not applicable,FERT_RATIO,Fertility rate,Y45T49,From 45 to 49 years,F,Female,BR_L_W,Live births per woman,2003,,0.0010299999999999999,,DEU,Germany,A,Normal value,0,Units,2,Two
DATAFLOW,OECD.CFE.EDS:DSD_REG_DEMO@DF_FERTILITY(2.4),Fertility - Regions,I,A,Annual,CTRY,Country,ITA,Italy,_Z,Not applicable,FERT_RATIO,Fertility rate,Y45T49,From 45 to 49 years,F,Female,BR_L_W,Live births per woman,2003,,0.00215,,ITA,Italy,A,Normal value,0,Units,2,Two
DATAFLOW,OECD.CFE.EDS:DSD_REG_DEMO@DF_FERTILITY(2.4),Fertility - Regions,I,A,Annual,CTRY,Country,ESP,Spain,_Z,Not applicable,FERT_RATIO,Fertility rate,Y45T49,From 45 to 49 years,F,Female,BR_L_W,Live births per woman,2003,,0.00204,,ESP,Spain,A,Normal value,0,Units,2,Two
DATAFLOW,OECD.CFE.EDS:DSD_REG_DEMO@DF_FERTILITY(2.4),Fertility - Regions,I,A,Annual,CTRY,Country,ESP,Spain,_Z,Not applicable,FERT_RATIO,Fertility rate,Y45T49,From 45 to 49 years,F,Female,BR_L_W,Live births per woman,2004,,0.00209,,ESP,Spain,A,Normal value,0,Units,2,Two
DATAFLOW,OECD.CFE.EDS:DSD_REG_DEMO@DF_FERTILITY(2.4),Fertility - Regions,I,A,Annual,CTRY,Country,ITA,Italy,_Z,Not applicable,FERT_RATIO,Fertility rate,Y45T49,From 45 to 49 years,F,Female,BR_L_W,Live births per woman,2004,,0.00212,,ITA,Italy,A,Normal value,0,Units,2,Two
DATAFLOW,OECD.CFE.EDS:DSD_REG_DEMO@DF_FERTILITY(2.4),Fertility - Regions,I,A,Annual,CTRY,Country,DEU,Germany,_Z,Not applicable,FERT_RATIO,Fertility rate,Y45T49,From 45 to 49 years,F,Female,BR_L_W,Live births per woman,2004,,0.00111,,DEU,Germany,A,Normal value,0,Units,2,Two
DATAFLOW,OECD.CFE.EDS:DSD_REG_DEMO@DF_FERTILITY(2.4),Fertility - Regions,I,A,Annual,CTRY,Country,FRA,France,_Z,Not applicable,FERT_RATIO,Fertility rate,Y45T49,From 45 to 49 years,F,Female,BR_L_W,Live births per woman,2004,,0.0023699999999999997,,FRA,France,A,Normal value,0,Units,2,Two
DATAFLOW,OECD.CFE.EDS:DSD_REG_DEMO@DF_FERTILITY(2.4),Fertility - Regions,I,A,Annual,CTRY,Country,KOR,Korea,_Z,Not applicable,FERT_RATIO,Fertility rate,Y45T49,From 45 to 49 years,F,Female,BR_L_W,Live births per woman,2004,,0.001,,KOR,Korea,A,Normal value,0,Units,2,Two
DATAFLOW,OECD.CFE.EDS:DSD_REG_DEMO@DF_FERTILITY(2.4),Fertility - Regions,I,A,Annual,CTRY,Country,KOR,Korea,_Z,Not applicable,FERT_RATIO,Fertility rate,Y45T49,From 45 to 49 years,F,Female,BR_L_W,Live births per woman,2005,,0.001,,KOR,Korea,A,Normal value,0,Units,2,Two
DATAFLOW,OECD.CFE.EDS:DSD_REG_DEMO@DF_FERTILITY(2.4),Fertility - Regions,I,A,Annual,CTRY,Country,FRA,France,_Z,Not applicable,FERT_RATIO,Fertility rate,Y45T49,From 45 to 49 years,F,Female,BR_L_W,Live births per woman,2005,,0.0025700000000000002,,FRA,France,A,Normal value,0,Units,2,Two
DATAFLOW,OECD.CFE.EDS:DSD_REG_DEMO@DF_FERTILITY(2.4),Fertility - Regions,I,A,Annual,CTRY,Country,DEU,Germany,_Z,Not applicable,FERT_RATIO,Fertility rate,Y45T49,From 45 to 49 years,F,Female,BR_L_W,Live births per woman,2005,,0.00117,,DEU,Germany,A,Normal value,0,Units,2,Two
DATAFLOW,OECD.CFE.EDS:DSD_REG_DEMO@DF_FERTILITY(2.4),Fertility - Regions,I,A,Annual,CTRY,Country,ITA,Italy,_Z,Not applicable,FERT_RATIO,Fertility rate,Y45T49,From 45 to 49 years,F,Female,BR_L_W,Live births per woman,2005,,0.00222,,ITA,Italy,A,Normal value,0,Units,2,Two
DATAFLOW,OECD.CFE.EDS:DSD_REG_DEMO@DF_FERTILITY(2.4),Fertility - Regions,I,A,Annual,CTRY,Country,ESP,Spain,_Z,Not applicable,FERT_RATIO,Fertility rate,Y45T49,From 45 to 49 years,F,Female,BR_L_W,Live births per woman,2005,,0.00234,,ESP,Spain,A,Normal value,0,Units,2,Two
DATAFLOW,OECD.CFE.EDS:DSD_REG_DEMO@DF_FERTILITY(2.4),Fertility - Regions,I,A,Annual,CTRY,Country,ESP,Spain,_Z,Not applicable,FERT_RATIO,Fertility rate,Y45T49,From 45 to 49 years,F,Female,BR_L_W,Live births per woman,2006,,0.00324,,ESP,Spain,A,Normal value,0,Units,2,Two
DATAFLOW,OECD.CFE.EDS:DSD_REG_DEMO@DF_FERTILITY(2.4),Fertility - Regions,I,A,Annual,CTRY,Country,ITA,Italy,_Z,Not applicable,FERT_RATIO,Fertility rate,Y45T49,From 45 to 49 years,F,Female,BR_L_W,Live births per woman,2006,,0.00252,,ITA,Italy,A,Normal value,0,Units,2,Two
DATAFLOW,OECD.CFE.EDS:DSD_REG_DEMO@DF_FERTILITY(2.4),Fertility - Regions,I,A,Annual,CTRY,Country,DEU,Germany,_Z,Not applicable,FERT_RATIO,Fertility rate,Y45T49,From 45 to 49 years,F,Female,BR_L_W,Live births per woman,2006,,0.00125,,DEU,Germany,A,Normal value,0,Units,2,Two
DATAFLOW,OECD.CFE.EDS:DSD_REG_DEMO@DF_FERTILITY(2.4),Fertility - Regions,I,A,Annual,CTRY,Country,FRA,France,_Z,Not applicable,FERT_RATIO,Fertility rate,Y45T49,From 45 to 49 years,F,Female,BR_L_W,Live births per woman,2006,,0.00255,,FRA,France,A,Normal value,0,Units,2,Two
DATAFLOW,OECD.CFE.EDS:DSD_REG_DEMO@DF_FERTILITY(2.4),Fertility - Regions,I,A,Annual,CTRY,Country,KOR,Korea,_Z,Not applicable,FERT_RATIO,Fertility rate,Y45T49,From 45 to 49 years,F,Female,BR_L_W,Live births per woman,2006,,0.001,,KOR,Korea,A,Normal value,0,Units,2,Two
DATAFLOW,OECD.CFE.EDS:DSD_REG_DEMO@DF_FERTILITY(2.4),Fertility - Regions,I,A,Annual,CTRY,Country,KOR,Korea,_Z,Not applicable,FERT_RATIO,Fertility rate,Y45T49,From 45 to 49 years,F,Female,BR_L_W,Live births per woman,2007,,0.001,,KOR,Korea,A,Normal value,0,Units,2,Two
DATAFLOW,OECD.CFE.EDS:DSD_REG_DEMO@DF_FERTILITY(2.4),Fertility - Regions,I,A,Annual,CTRY,Country,FRA,France,_Z,Not applicable,FERT_RATIO,Fertility rate,Y45T49,From 45 to 49 years,F,Female,BR_L_W,Live births per woman,2007,,0.0026599999999999996,,FRA,France,A,Normal value,0,Units,2,Two
DATAFLOW,OECD.CFE.EDS:DSD_REG_DEMO@DF_FERTILITY(2.4),Fertility - Regions,I,A,Annual,CTRY,Country,DEU,Germany,_Z,Not applicable,FERT_RATIO,Fertility rate,Y45T49,From 45 to 49 years,F,Female,BR_L_W,Live births per woman,2007,,0.0013900000000000002,,DEU,Germany,A,Normal value,0,Units,2,Two
DATAFLOW,OECD.CFE.EDS:DSD_REG_DEMO@DF_FERTILITY(2.4),Fertility - Regions,I,A,Annual,CTRY,Country,ITA,Italy,_Z,Not applicable,FERT_RATIO,Fertility rate,Y45T49,From 45 to 49 years,F,Female,BR_L_W,Live births per woman,2007,,0.0029800000000000004,,ITA,Italy,A,Normal value,0,Units,2,Two
DATAFLOW,OECD.CFE.EDS:DSD_REG_DEMO@DF_FERTILITY(2.4),Fertility - Regions,I,A,Annual,CTRY,Country,ESP,Spain,_Z,Not applicable,FERT_RATIO,Fertility rate,Y45T49,From 45 to 49 years,F,Female,BR_L_W,Live births per woman,2007,,0.0036100000000000004,,ESP,Spain,A,Normal value,0,Units,2,Two
DATAFLOW,OECD.CFE.EDS:DSD_REG_DEMO@DF_FERTILITY(2.4),Fertility - Regions,I,A,Annual,CTRY,Country,ESP,Spain,_Z,Not applicable,FERT_RATIO,Fertility rate,Y45T49,From 45 to 49 years,F,Female,BR_L_W,Live births per woman,2008,,0.0036600000000000005,,ESP,Spain,A,Normal value,0,Units,2,Two
DATAFLOW,OECD.CFE.EDS:DSD_REG_DEMO@DF_FERTILITY(2.4),Fertility - Regions,I,A,Annual,CTRY,Country,ITA,Italy,_Z,Not applicable,FERT_RATIO,Fertility rate,Y45T49,From 45 to 49 years,F,Female,BR_L_W,Live births per woman,2008,,0.0033400000000000005,,ITA,Italy,A,Normal value,0,Units,2,Two
DATAFLOW,OECD.CFE.EDS:DSD_REG_DEMO@DF_FERTILITY(2.4),Fertility - Regions,I,A,Annual,CTRY,Country,DEU,Germany,_Z,Not applicable,FERT_RATIO,Fertility rate,Y45T49,From 45 to 49 years,F,Female,BR_L_W,Live births per woman,2008,,0.0015199999999999999,,DEU,Germany,A,Normal value,0,Units,2,Two
DATAFLOW,OECD.CFE.EDS:DSD_REG_DEMO@DF_FERTILITY(2.4),Fertility - Regions,I,A,Annual,CTRY,Country,FRA,France,_Z,Not applicable,FERT_RATIO,Fertility rate,Y45T49,From 45 to 49 years,F,Female,BR_L_W,Live births per woman,2008,,0.00298,,FRA,France,A,Normal value,0,Units,2,Two
DATAFLOW,OECD.CFE.EDS:DSD_REG_DEMO@DF_FERTILITY(2.4),Fertility - Regions,I,A,Annual,CTRY,Country,KOR,Korea,_Z,Not applicable,FERT_RATIO,Fertility rate,Y45T49,From 45 to 49 years,F,Female,BR_L_W,Live births per woman,2008,,0.001,,KOR,Korea,A,Normal value,0,Units,2,Two
DATAFLOW,OECD.CFE.EDS:DSD_REG_DEMO@DF_FERTILITY(2.4),Fertility - Regions,I,A,Annual,CTRY,Country,JPN,Japan,_Z,Not applicable,FERT_RATIO,Fertility rate,Y45T49,From 45 to 49 years,F,Female,BR_L_W,Live births per woman,2009,,0.0008999999999999999,,JPN,Japan,A,Normal value,0,Units,2,Two
DATAFLOW,OECD.CFE.EDS:DSD_REG_DEMO@DF_FERTILITY(2.4),Fertility - Regions,I,A,Annual,CTRY,Country,KOR,Korea,_Z,Not applicable,FERT_RATIO,Fertility rate,Y45T49,From 45 to 49 years,F,Female,BR_L_W,Live births per woman,2009,,0.001,,KOR,Korea,A,Normal value,0,Units,2,Two
DATAFLOW,OECD.CFE.EDS:DSD_REG_DEMO@DF_FERTILITY(2.4),Fertility - Regions,I,A,Annual,CTRY,Country,FRA,France,_Z,Not applicable,FERT_RATIO,Fertility rate,Y45T49,From 45 to 49 years,F,Female,BR_L_W,Live births per woman,2009,,0.003,,FRA,France,A,Normal value,0,Units,2,Two
DATAFLOW,OECD.CFE.EDS:DSD_REG_DEMO@DF_FERTILITY(2.4),Fertility - Regions,I,A,Annual,CTRY,Country,DEU,Germany,_Z,Not applicable,FERT_RATIO,Fertility rate,Y45T49,From 45 to 49 years,F,Female,BR_L_W,Live births per woman,2009,,0.0016400000000000002,,DEU,Germany,A,Normal value,0,Units,2,Two
DATAFLOW,OECD.CFE.EDS:DSD_REG_DEMO@DF_FERTILITY(2.4),Fertility - Regions,I,A,Annual,CTRY,Country,ITA,Italy,_Z,Not applicable,FERT_RATIO,Fertility rate,Y45T49,From 45 to 49 years,F,Female,BR_L_W,Live births per woman,2009,,0.0039000000000000007,,ITA,Italy,A,Normal value,0,Units,2,Two
DATAFLOW,OECD.CFE.EDS:DSD_REG_DEMO@DF_FERTILITY(2.4),Fertility - Regions,I,A,Annual,CTRY,Country,ESP,Spain,_Z,Not applicable,FERT_RATIO,Fertility rate,Y45T49,From 45 to 49 years,F,Female,BR_L_W,Live births per woman,2009,,0.00428,,ESP,Spain,A,Normal value,0,Units,2,Two
DATAFLOW,OECD.CFE.EDS:DSD_REG_DEMO@DF_FERTILITY(2.4),Fertility - Regions,I,A,Annual,CTRY,Country,ESP,Spain,_Z,Not applicable,FERT_RATIO,Fertility rate,Y45T49,From 45 to 49 years,F,Female,BR_L_W,Live births per woman,2010,,0.00431,,ESP,Spain,A,Normal value,0,Units,2,Two
DATAFLOW,OECD.CFE.EDS:DSD_REG_DEMO@DF_FERTILITY(2.4),Fertility - Regions,I,A,Annual,CTRY,Country,ITA,Italy,_Z,Not applicable,FERT_RATIO,Fertility rate,Y45T49,From 45 to 49 years,F,Female,BR_L_W,Live births per woman,2010,,0.00411,,ITA,Italy,A,Normal value,0,Units,2,Two
DATAFLOW,OECD.CFE.EDS:DSD_REG_DEMO@DF_FERTILITY(2.4),Fertility - Regions,I,A,Annual,CTRY,Country,DEU,Germany,_Z,Not applicable,FERT_RATIO,Fertility rate,Y45T49,From 45 to 49 years,F,Female,BR_L_W,Live births per woman,2010,,0.0017900000000000001,,DEU,Germany,A,Normal value,0,Units,2,Two
DATAFLOW,OECD.CFE.EDS:DSD_REG_DEMO@DF_FERTILITY(2.4),Fertility - Regions,I,A,Annual,CTRY,Country,FRA,France,_Z,Not applicable,FERT_RATIO,Fertility rate,Y45T49,From 45 to 49 years,F,Female,BR_L_W,Live births per woman,2010,,0.00345,,FRA,France,A,Normal value,0,Units,2,Two
DATAFLOW,OECD.CFE.EDS:DSD_REG_DEMO@DF_FERTILITY(2.4),Fertility - Regions,I,A,Annual,CTRY,Country,KOR,Korea,_Z,Not applicable,FERT_RATIO,Fertility rate,Y45T49,From 45 to 49 years,F,Female,BR_L_W,Live births per woman,2010,,0.001,,KOR,Korea,A,Normal value,0,Units,2,Two
DATAFLOW,OECD.CFE.EDS:DSD_REG_DEMO@DF_FERTILITY(2.4),Fertility - Regions,I,A,Annual,CTRY,Country,JPN,Japan,_Z,Not applicable,FERT_RATIO,Fertility rate,Y45T49,From 45 to 49 years,F,Female,BR_L_W,Live births per woman,2010,,0.00099,,JPN,Japan,A,Normal value,0,Units,2,Two
DATAFLOW,OECD.CFE.EDS:DSD_REG_DEMO@DF_FERTILITY(2.4),Fertility - Regions,I,A,Annual,CTRY,Country,JPN,Japan,_Z,Not applicable,FERT_RATIO,Fertility rate,Y45T49,From 45 to 49 years,F,Female,BR_L_W,Live births per woman,2011,,0.00106,,JPN,Japan,A,Normal value,0,Units,2,Two
DATAFLOW,OECD.CFE.EDS:DSD_REG_DEMO@DF_FERTILITY(2.4),Fertility - Regions,I,A,Annual,CTRY,Country,KOR,Korea,_Z,Not applicable,FERT_RATIO,Fertility rate,Y45T49,From 45 to 49 years,F,Female,BR_L_W,Live births per woman,2011,,0.001,,KOR,Korea,A,Normal value,0,Units,2,Two
DATAFLOW,OECD.CFE.EDS:DSD_REG_DEMO@DF_FERTILITY(2.4),Fertility - Regions,I,A,Annual,CTRY,Country,FRA,France,_Z,Not applicable,FERT_RATIO,Fertility rate,Y45T49,From 45 to 49 years,F,Female,BR_L_W,Live births per woman,2011,,0.0034200000000000003,,FRA,France,A,Normal value,0,Units,2,Two
DATAFLOW,OECD.CFE.EDS:DSD_REG_DEMO@DF_FERTILITY(2.4),Fertility - Regions,I,A,Annual,CTRY,Country,DEU,Germany,_Z,Not applicable,FERT_RATIO,Fertility rate,Y45T49,From 45 to 49 years,F,Female,BR_L_W,Live births per woman,2011,,0.0018200000000000002,,DEU,Germany,A,Normal value,0,Units,2,Two
DATAFLOW,OECD.CFE.EDS:DSD_REG_DEMO@DF_FERTILITY(2.4),Fertility - Regions,I,A,Annual,CTRY,Country,ITA,Italy,_Z,Not applicable,FERT_RATIO,Fertility rate,Y45T49,From 45 to 49 years,F,Female,BR_L_W,Live births per woman,2011,,0.004920000000000001,,ITA,Italy,A,Normal value,0,Units,2,Two
DATAFLOW,OECD.CFE.EDS:DSD_REG_DEMO@DF_FERTILITY(2.4),Fertility - Regions,I,A,Annual,CTRY,Country,ESP,Spain,_Z,Not applicable,FERT_RATIO,Fertility rate,Y45T49,From 45 to 49 years,F,Female,BR_L_W,Live births per woman,2011,,0.00411,,ESP,Spain,A,Normal value,0,Units,2,Two
DATAFLOW,OECD.CFE.EDS:DSD_REG_DEMO@DF_FERTILITY(2.4),Fertility - Regions,I,A,Annual,CTRY,Country,ESP,Spain,_Z,Not applicable,FERT_RATIO,Fertility rate,Y45T49,From 45 to 49 years,F,Female,BR_L_W,Live births per woman,2012,,0.00453,,ESP,Spain,A,Normal value,0,Units,2,Two
DATAFLOW,OECD.CFE.EDS:DSD_REG_DEMO@DF_FERTILITY(2.4),Fertility - Regions,I,A,Annual,CTRY,Country,ITA,Italy,_Z,Not applicable,FERT_RATIO,Fertility rate,Y45T49,From 45 to 49 years,F,Female,BR_L_W,Live births per woman,2012,,0.005350000000000001,,ITA,Italy,A,Normal value,0,Units,2,Two
DATAFLOW,OECD.CFE.EDS:DSD_REG_DEMO@DF_FERTILITY(2.4),Fertility - Regions,I,A,Annual,CTRY,Country,DEU,Germany,_Z,Not applicable,FERT_RATIO,Fertility rate,Y45T49,From 45 to 49 years,F,Female,BR_L_W,Live births per woman,2012,,0.00205,,DEU,Germany,A,Normal value,0,Units,2,Two
DATAFLOW,OECD.CFE.EDS:DSD_REG_DEMO@DF_FERTILITY(2.4),Fertility - Regions,I,A,Annual,CTRY,Country,FRA,France,_Z,Not applicable,FERT_RATIO,Fertility rate,Y45T49,From 45 to 49 years,F,Female,BR_L_W,Live births per woman,2012,,0.00363,,FRA,France,A,Normal value,0,Units,2,Two
DATAFLOW,OECD.CFE.EDS:DSD_REG_DEMO@DF_FERTILITY(2.4),Fertility - Regions,I,A,Annual,CTRY,Country,KOR,Korea,_Z,Not applicable,FERT_RATIO,Fertility rate,Y45T49,From 45 to 49 years,F,Female,BR_L_W,Live births per woman,2012,,0.001,,KOR,Korea,A,Normal value,0,Units,2,Two
DATAFLOW,OECD.CFE.EDS:DSD_REG_DEMO@DF_FERTILITY(2.4),Fertility - Regions,I,A,Annual,CTRY,Country,JPN,Japan,_Z,Not applicable,FERT_RATIO,Fertility rate,Y45T49,From 45 to 49 years,F,Female,BR_L_W,Live births per woman,2012,,0.00118,,JPN,Japan,A,Normal value,0,Units,2,Two
DATAFLOW,OECD.CFE.EDS:DSD_REG_DEMO@DF_FERTILITY(2.4),Fertility - Regions,I,A,Annual,CTRY,Country,JPN,Japan,_Z,Not applicable,FERT_RATIO,Fertility rate,Y45T49,From 45 to 49 years,F,Female,BR_L_W,Live births per woman,2013,,0.00134,,JPN,Japan,A,Normal value,0,Units,2,Two
DATAFLOW,OECD.CFE.EDS:DSD_REG_DEMO@DF_FERTILITY(2.4),Fertility - Regions,I,A,Annual,CTRY,Country,KOR,Korea,_Z,Not applicable,FERT_RATIO,Fertility rate,Y45T49,From 45 to 49 years,F,Female,BR_L_W,Live births per woman,2013,,0.0005,,KOR,Korea,A,Normal value,0,Units,2,Two
DATAFLOW,OECD.CFE.EDS:DSD_REG_DEMO@DF_FERTILITY(2.4),Fertility - Regions,I,A,Annual,CTRY,Country,FRA,France,_Z,Not applicable,FERT_RATIO,Fertility rate,Y45T49,From 45 to 49 years,F,Female,BR_L_W,Live births per woman,2013,,0.0037899999999999995,,FRA,France,A,Normal value,0,Units,2,Two
DATAFLOW,OECD.CFE.EDS:DSD_REG_DEMO@DF_FERTILITY(2.4),Fertility - Regions,I,A,Annual,CTRY,Country,DEU,Germany,_Z,Not applicable,FERT_RATIO,Fertility rate,Y45T49,From 45 to 49 years,F,Female,BR_L_W,Live births per woman,2013,,0.00214,,DEU,Germany,A,Normal value,0,Units,2,Two
DATAFLOW,OECD.CFE.EDS:DSD_REG_DEMO@DF_FERTILITY(2.4),Fertility - Regions,I,A,Annual,CTRY,Country,ITA,Italy,_Z,Not applicable,FERT_RATIO,Fertility rate,Y45T49,From 45 to 49 years,F,Female,BR_L_W,Live births per woman,2013,,0.005579999999999999,,ITA,Italy,A,Normal value,0,Units,2,Two
DATAFLOW,OECD.CFE.EDS:DSD_REG_DEMO@DF_FERTILITY(2.4),Fertility - Regions,I,A,Annual,CTRY,Country,ESP,Spain,_Z,Not applicable,FERT_RATIO,Fertility rate,Y45T49,From 45 to 49 years,F,Female,BR_L_W,Live births per woman,2013,,0.004539999999999999,,ESP,Spain,A,Normal value,0,Units,2,Two
DATAFLOW,OECD.CFE.EDS:DSD_REG_DEMO@DF_FERTILITY(2.4),Fertility - Regions,I,A,Annual,CTRY,Country,ESP,Spain,_Z,Not applicable,FERT_RATIO,Fertility rate,Y45T49,From 45 to 49 years,F,Female,BR_L_W,Live births per woman,2014,,0.0052899999999999996,,ESP,Spain,A,Normal value,0,Units,2,Two
DATAFLOW,OECD.CFE.EDS:DSD_REG_DEMO@DF_FERTILITY(2.4),Fertility - Regions,I,A,Annual,CTRY,Country,ITA,Italy,_Z,Not applicable,FERT_RATIO,Fertility rate,Y45T49,From 45 to 49 years,F,Female,BR_L_W,Live births per woman,2014,,0.00575,,ITA,Italy,A,Normal value,0,Units,2,Two
DATAFLOW,OECD.CFE.EDS:DSD_REG_DEMO@DF_FERTILITY(2.4),Fertility - Regions,I,A,Annual,CTRY,Country,DEU,Germany,_Z,Not applicable,FERT_RATIO,Fertility rate,Y45T49,From 45 to 49 years,F,Female,BR_L_W,Live births per woman,2014,,0.0022999999999999995,,DEU,Germany,A,Normal value,0,Units,2,Two
DATAFLOW,OECD.CFE.EDS:DSD_REG_DEMO@DF_FERTILITY(2.4),Fertility - Regions,I,A,Annual,CTRY,Country,FRA,France,_Z,Not applicable,FERT_RATIO,Fertility rate,Y45T49,From 45 to 49 years,F,Female,BR_L_W,Live births per woman,2014,,0.0041199999999999995,,FRA,France,A,Normal value,0,Units,2,Two
DATAFLOW,OECD.CFE.EDS:DSD_REG_DEMO@DF_FERTILITY(2.4),Fertility - Regions,I,A,Annual,CTRY,Country,KOR,Korea,_Z,Not applicable,FERT_RATIO,Fertility rate,Y45T49,From 45 to 49 years,F,Female,BR_L_W,Live births per woman,2014,,0.0005,,KOR,Korea,A,Normal value,0,Units,2,Two
DATAFLOW,OECD.CFE.EDS:DSD_REG_DEMO@DF_FERTILITY(2.4),Fertility - Regions,I,A,Annual,CTRY,Country,JPN,Japan,_Z,Not applicable,FERT_RATIO,Fertility rate,Y45T49,From 45 to 49 years,F,Female,BR_L_W,Live births per woman,2014,,0.00149,,JPN,Japan,A,Normal value,0,Units,2,Two
DATAFLOW,OECD.CFE.EDS:DSD_REG_DEMO@DF_FERTILITY(2.4),Fertility - Regions,I,A,Annual,CTRY,Country,JPN,Japan,_Z,Not applicable,FERT_RATIO,Fertility rate,Y45T49,From 45 to 49 years,F,Female,BR_L_W,Live births per woman,2015,,0.0015300000000000001,,JPN,Japan,A,Normal value,0,Units,2,Two
DATAFLOW,OECD.CFE.EDS:DSD_REG_DEMO@DF_FERTILITY(2.4),Fertility - Regions,I,A,Annual,CTRY,Country,KOR,Korea,_Z,Not applicable,FERT_RATIO,Fertility rate,Y45T49,From 45 to 49 years,F,Female,BR_L_W,Live births per woman,2015,,0.001,,KOR,Korea,A,Normal value,0,Units,2,Two
DATAFLOW,OECD.CFE.EDS:DSD_REG_DEMO@DF_FERTILITY(2.4),Fertility - Regions,I,A,Annual,CTRY,Country,FRA,France,_Z,Not applicable,FERT_RATIO,Fertility rate,Y45T49,From 45 to 49 years,F,Female,BR_L_W,Live births per woman,2015,,0.00422,,FRA,France,A,Normal value,0,Units,2,Two
DATAFLOW,OECD.CFE.EDS:DSD_REG_DEMO@DF_FERTILITY(2.4),Fertility - Regions,I,A,Annual,CTRY,Country,DEU,Germany,_Z,Not applicable,FERT_RATIO,Fertility rate,Y45T49,From 45 to 49 years,F,Female,BR_L_W,Live births per woman,2015,,0.0025599999999999998,,DEU,Germany,A,Normal value,0,Units,2,Two
DATAFLOW,OECD.CFE.EDS:DSD_REG_DEMO@DF_FERTILITY(2.4),Fertility - Regions,I,A,Annual,CTRY,Country,ITA,Italy,_Z,Not applicable,FERT_RATIO,Fertility rate,Y45T49,From 45 to 49 years,F,Female,BR_L_W,Live births per woman,2015,,0.005889999999999999,,ITA,Italy,A,Normal value,0,Units,2,Two
DATAFLOW,OECD.CFE.EDS:DSD_REG_DEMO@DF_FERTILITY(2.4),Fertility - Regions,I,A,Annual,CTRY,Country,ESP,Spain,_Z,Not applicable,FERT_RATIO,Fertility rate,Y45T49,From 45 to 49 years,F,Female,BR_L_W,Live births per woman,2015,,0.005510000000000001,,ESP,Spain,A,Normal value,0,Units,2,Two
DATAFLOW,OECD.CFE.EDS:DSD_REG_DEMO@DF_FERTILITY(2.4),Fertility - Regions,I,A,Annual,CTRY,Country,ESP,Spain,_Z,Not applicable,FERT_RATIO,Fertility rate,Y45T49,From 45 to 49 years,F,Female,BR_L_W,Live births per woman,2016,,0.00641,,ESP,Spain,A,Normal value,0,Units,2,Two
DATAFLOW,OECD.CFE.EDS:DSD_REG_DEMO@DF_FERTILITY(2.4),Fertility - Regions,I,A,Annual,CTRY,Country,ITA,Italy,_Z,Not applicable,FERT_RATIO,Fertility rate,Y45T49,From 45 to 49 years,F,Female,BR_L_W,Live births per woman,2016,,0.00652,,ITA,Italy,A,Normal value,0,Units,2,Two
DATAFLOW,OECD.CFE.EDS:DSD_REG_DEMO@DF_FERTILITY(2.4),Fertility - Regions,I,A,Annual,CTRY,Country,DEU,Germany,_Z,Not applicable,FERT_RATIO,Fertility rate,Y45T49,From 45 to 49 years,F,Female,BR_L_W,Live births per woman,2016,,0.0029000000000000002,,DEU,Germany,A,Normal value,0,Units,2,Two
DATAFLOW,OECD.CFE.EDS:DSD_REG_DEMO@DF_FERTILITY(2.4),Fertility - Regions,I,A,Annual,CTRY,Country,FRA,France,_Z,Not applicable,FERT_RATIO,Fertility rate,Y45T49,From 45 to 49 years,F,Female,BR_L_W,Live births per woman,2016,,0.004130000000000001,,FRA,France,A,Normal value,0,Units,2,Two
DATAFLOW,OECD.CFE.EDS:DSD_REG_DEMO@DF_FERTILITY(2.4),Fertility - Regions,I,A,Annual,CTRY,Country,KOR,Korea,_Z,Not applicable,FERT_RATIO,Fertility rate,Y45T49,From 45 to 49 years,F,Female,BR_L_W,Live births per woman,2016,,0.001,,KOR,Korea,A,Normal value,0,Units,2,Two
DATAFLOW,OECD.CFE.EDS:DSD_REG_DEMO@DF_FERTILITY(2.4),Fertility - Regions,I,A,Annual,CTRY,Country,JPN,Japan,_Z,Not applicable,FERT_RATIO,Fertility rate,Y45T49,From 45 to 49 years,F,Female,BR_L_W,Live births per woman,2016,,0.00152,,JPN,Japan,A,Normal value,0,Units,2,Two
DATAFLOW,OECD.CFE.EDS:DSD_REG_DEMO@DF_FERTILITY(2.4),Fertility - Regions,I,A,Annual,CTRY,Country,JPN,Japan,_Z,Not applicable,FERT_RATIO,Fertility rate,Y45T49,From 45 to 49 years,F,Female,BR_L_W,Live births per woman,2017,,0.00161,,JPN,Japan,A,Normal value,0,Units,2,Two
DATAFLOW,OECD.CFE.EDS:DSD_REG_DEMO@DF_FERTILITY(2.4),Fertility - Regions,I,A,Annual,CTRY,Country,KOR,Korea,_Z,Not applicable,FERT_RATIO,Fertility rate,Y45T49,From 45 to 49 years,F,Female,BR_L_W,Live births per woman,2017,,0.001,,KOR,Korea,A,Normal value,0,Units,2,Two
DATAFLOW,OECD.CFE.EDS:DSD_REG_DEMO@DF_FERTILITY(2.4),Fertility - Regions,I,A,Annual,CTRY,Country,FRA,France,_Z,Not applicable,FERT_RATIO,Fertility rate,Y45T49,From 45 to 49 years,F,Female,BR_L_W,Live births per woman,2017,,0.00461,,FRA,France,A,Normal value,0,Units,2,Two
DATAFLOW,OECD.CFE.EDS:DSD_REG_DEMO@DF_FERTILITY(2.4),Fertility - Regions,I,A,Annual,CTRY,Country,DEU,Germany,_Z,Not applicable,FERT_RATIO,Fertility rate,Y45T49,From 45 to 49 years,F,Female,BR_L_W,Live births per woman,2017,,0.00303,,DEU,Germany,A,Normal value,0,Units,2,Two
DATAFLOW,OECD.CFE.EDS:DSD_REG_DEMO@DF_FERTILITY(2.4),Fertility - Regions,I,A,Annual,CTRY,Country,ITA,Italy,_Z,Not applicable,FERT_RATIO,Fertility rate,Y45T49,From 45 to 49 years,F,Female,BR_L_W,Live births per woman,2017,,0.00711,,ITA,Italy,A,Normal value,0,Units,2,Two
DATAFLOW,OECD.CFE.EDS:DSD_REG_DEMO@DF_FERTILITY(2.4),Fertility - Regions,I,A,Annual,CTRY,Country,ESP,Spain,_Z,Not applicable,FERT_RATIO,Fertility rate,Y45T49,From 45 to 49 years,F,Female,BR_L_W,Live births per woman,2017,,0.0071400000000000005,,ESP,Spain,A,Normal value,0,Units,2,Two
DATAFLOW,OECD.CFE.EDS:DSD_REG_DEMO@DF_FERTILITY(2.4),Fertility - Regions,I,A,Annual,CTRY,Country,ESP,Spain,_Z,Not applicable,FERT_RATIO,Fertility rate,Y45T49,From 45 to 49 years,F,Female,BR_L_W,Live births per woman,2018,,0.00745,,ESP,Spain,A,Normal value,0,Units,2,Two
DATAFLOW,OECD.CFE.EDS:DSD_REG_DEMO@DF_FERTILITY(2.4),Fertility - Regions,I,A,Annual,CTRY,Country,ITA,Italy,_Z,Not applicable,FERT_RATIO,Fertility rate,Y45T49,From 45 to 49 years,F,Female,BR_L_W,Live births per woman,2018,,0.007350000000000001,,ITA,Italy,A,Normal value,0,Units,2,Two
DATAFLOW,OECD.CFE.EDS:DSD_REG_DEMO@DF_FERTILITY(2.4),Fertility - Regions,I,A,Annual,CTRY,Country,FRA,France,_Z,Not applicable,FERT_RATIO,Fertility rate,Y45T49,From 45 to 49 years,F,Female,BR_L_W,Live births per woman,2018,,0.0047,,FRA,France,A,Normal value,0,Units,2,Two
DATAFLOW,OECD.CFE.EDS:DSD_REG_DEMO@DF_FERTILITY(2.4),Fertility - Regions,I,A,Annual,CTRY,Country,KOR,Korea,_Z,Not applicable,FERT_RATIO,Fertility rate,Y45T49,From 45 to 49 years,F,Female,BR_L_W,Live births per woman,2018,,0.001,,KOR,Korea,A,Normal value,0,Units,2,Two
DATAFLOW,OECD.CFE.EDS:DSD_REG_DEMO@DF_FERTILITY(2.4),Fertility - Regions,I,A,Annual,CTRY,Country,JPN,Japan,_Z,Not applicable,FERT_RATIO,Fertility rate,Y45T49,From 45 to 49 years,F,Female,BR_L_W,Live births per woman,2018,,0.00173,,JPN,Japan,A,Normal value,0,Units,2,Two
DATAFLOW,OECD.CFE.EDS:DSD_REG_DEMO@DF_FERTILITY(2.4),Fertility - Regions,I,A,Annual,CTRY,Country,JPN,Japan,_Z,Not applicable,FERT_RATIO,Fertility rate,Y45T49,From 45 to 49 years,F,Female,BR_L_W,Live births per woman,2019,,0.0016999999999999997,,JPN,Japan,A,Normal value,0,Units,2,Two
DATAFLOW,OECD.CFE.EDS:DSD_REG_DEMO@DF_FERTILITY(2.4),Fertility - Regions,I,A,Annual,CTRY,Country,KOR,Korea,_Z,Not applicable,FERT_RATIO,Fertility rate,Y45T49,From 45 to 49 years,F,Female,BR_L_W,Live births per woman,2019,,0.001,,KOR,Korea,A,Normal value,0,Units,2,Two
DATAFLOW,OECD.CFE.EDS:DSD_REG_DEMO@DF_FERTILITY(2.4),Fertility - Regions,I,A,Annual,CTRY,Country,FRA,France,_Z,Not applicable,FERT_RATIO,Fertility rate,Y45T49,From 45 to 49 years,F,Female,BR_L_W,Live births per woman,2019,,0.0050999999999999995,,FRA,France,A,Normal value,0,Units,2,Two
DATAFLOW,OECD.CFE.EDS:DSD_REG_DEMO@DF_FERTILITY(2.4),Fertility - Regions,I,A,Annual,CTRY,Country,ITA,Italy,_Z,Not applicable,FERT_RATIO,Fertility rate,Y45T49,From 45 to 49 years,F,Female,BR_L_W,Live births per woman,2019,,0.00753,,ITA,Italy,A,Normal value,0,Units,2,Two
DATAFLOW,OECD.CFE.EDS:DSD_REG_DEMO@DF_FERTILITY(2.4),Fertility - Regions,I,A,Annual,CTRY,Country,ESP,Spain,_Z,Not applicable,FERT_RATIO,Fertility rate,Y45T49,From 45 to 49 years,F,Female,BR_L_W,Live births per woman,2019,,0.0074600000000000005,,ESP,Spain,A,Normal value,0,Units,2,Two
DATAFLOW,OECD.CFE.EDS:DSD_REG_DEMO@DF_FERTILITY(2.4),Fertility - Regions,I,A,Annual,CTRY,Country,ESP,Spain,_Z,Not applicable,FERT_RATIO,Fertility rate,Y45T49,From 45 to 49 years,F,Female,BR_L_W,Live births per woman,2020,,0.00717,,ESP,Spain,A,Normal value,0,Units,2,Two
DATAFLOW,OECD.CFE.EDS:DSD_REG_DEMO@DF_FERTILITY(2.4),Fertility - Regions,I,A,Annual,CTRY,Country,ITA,Italy,_Z,Not applicable,FERT_RATIO,Fertility rate,Y45T49,From 45 to 49 years,F,Female,BR_L_W,Live births per woman,2020,,0.00741,,ITA,Italy,A,Normal value,0,Units,2,Two
DATAFLOW,OECD.CFE.EDS:DSD_REG_DEMO@DF_FERTILITY(2.4),Fertility - Regions,I,A,Annual,CTRY,Country,DEU,Germany,_Z,Not applicable,FERT_RATIO,Fertility rate,Y45T49,From 45 to 49 years,F,Female,BR_L_W,Live births per woman,2020,,0.00371,,DEU,Germany,A,Normal value,0,Units,2,Two
DATAFLOW,OECD.CFE.EDS:DSD_REG_DEMO@DF_FERTILITY(2.4),Fertility - Regions,I,A,Annual,CTRY,Country,FRA,France,_Z,Not applicable,FERT_RATIO,Fertility rate,Y45T49,From 45 to 49 years,F,Female,BR_L_W,Live births per woman,2020,,0.00486,,FRA,France,A,Normal value,0,Units,2,Two
DATAFLOW,OECD.CFE.EDS:DSD_REG_DEMO@DF_FERTILITY(2.4),Fertility - Regions,I,A,Annual,CTRY,Country,KOR,Korea,_Z,Not applicable,FERT_RATIO,Fertility rate,Y45T49,From 45 to 49 years,F,Female,BR_L_W,Live births per woman,2020,,0.001,,KOR,Korea,A,Normal value,0,Units,2,Two
DATAFLOW,OECD.CFE.EDS:DSD_REG_DEMO@DF_FERTILITY(2.4),Fertility - Regions,I,A,Annual,CTRY,Country,JPN,Japan,_Z,Not applicable,FERT_RATIO,Fertility rate,Y45T49,From 45 to 49 years,F,Female,BR_L_W,Live births per woman,2020,,0.0017199999999999997,,JPN,Japan,A,Normal value,0,Units,2,Two
DATAFLOW,OECD.CFE.EDS:DSD_REG_DEMO@DF_FERTILITY(2.4),Fertility - Regions,I,A,Annual,CTRY,Country,JPN,Japan,_Z,Not applicable,FERT_RATIO,Fertility rate,Y45T49,From 45 to 49 years,F,Female,BR_L_W,Live births per woman,2021,,0.00168,,JPN,Japan,A,Normal value,0,Units,2,Two
DATAFLOW,OECD.CFE.EDS:DSD_REG_DEMO@DF_FERTILITY(2.4),Fertility - Regions,I,A,Annual,CTRY,Country,KOR,Korea,_Z,Not applicable,FERT_RATIO,Fertility rate,Y45T49,From 45 to 49 years,F,Female,BR_L_W,Live births per woman,2021,,0.001,,KOR,Korea,A,Normal value,0,Units,2,Two
DATAFLOW,OECD.CFE.EDS:DSD_REG_DEMO@DF_FERTILITY(2.4),Fertility - Regions,I,A,Annual,CTRY,Country,FRA,France,_Z,Not applicable,FERT_RATIO,Fertility rate,Y45T49,From 45 to 49 years,F,Female,BR_L_W,Live births per woman,2021,,0.00516,,FRA,France,A,Normal value,0,Units,2,Two
DATAFLOW,OECD.CFE.EDS:DSD_REG_DEMO@DF_FERTILITY(2.4),Fertility - Regions,I,A,Annual,CTRY,Country,ITA,Italy,_Z,Not applicable,FERT_RATIO,Fertility rate,Y45T49,From 45 to 49 years,F,Female,BR_L_W,Live births per woman,2021,,0.0069500000000000004,,ITA,Italy,A,Normal value,0,Units,2,Two
DATAFLOW,OECD.CFE.EDS:DSD_REG_DEMO@DF_FERTILITY(2.4),Fertility - Regions,I,A,Annual,CTRY,Country,ESP,Spain,_Z,Not applicable,FERT_RATIO,Fertility rate,Y45T49,From 45 to 49 years,F,Female,BR_L_W,Live births per woman,2021,,0.00789,,ESP,Spain,A,Normal value,0,Units,2,Two
DATAFLOW,OECD.CFE.EDS:DSD_REG_DEMO@DF_FERTILITY(2.4),Fertility - Regions,I,A,Annual,CTRY,Country,ESP,Spain,_Z,Not applicable,FERT_RATIO,Fertility rate,Y45T49,From 45 to 49 years,F,Female,BR_L_W,Live births per woman,2022,,0.00879,,ESP,Spain,A,Normal value,0,Units,2,Two
DATAFLOW,OECD.CFE.EDS:DSD_REG_DEMO@DF_FERTILITY(2.4),Fertility - Regions,I,A,Annual,CTRY,Country,ITA,Italy,_Z,Not applicable,FERT_RATIO,Fertility rate,Y45T49,From 45 to 49 years,F,Female,BR_L_W,Live births per woman,2022,,0.0088,,ITA,Italy,A,Normal value,0,Units,2,Two
DATAFLOW,OECD.CFE.EDS:DSD_REG_DEMO@DF_FERTILITY(2.4),Fertility - Regions,I,A,Annual,CTRY,Country,DEU,Germany,_Z,Not applicable,FERT_RATIO,Fertility rate,Y45T49,From 45 to 49 years,F,Female,BR_L_W,Live births per woman,2022,,0.004229999999999999,,DEU,Germany,A,Normal value,0,Units,2,Two
DATAFLOW,OECD.CFE.EDS:DSD_REG_DEMO@DF_FERTILITY(2.4),Fertility - Regions,I,A,Annual,CTRY,Country,FRA,France,_Z,Not applicable,FERT_RATIO,Fertility rate,Y45T49,From 45 to 49 years,F,Female,BR_L_W,Live births per woman,2022,,0.00574,,FRA,France,A,Normal value,0,Units,2,Two
DATAFLOW,OECD.CFE.EDS:DSD_REG_DEMO@DF_FERTILITY(2.4),Fertility - Regions,I,A,Annual,CTRY,Country,DEU,Germany,_Z,Not applicable,FERT_RATIO,Fertility rate,Y15T19,From 15 to 19 years,F,Female,BR_L_W,Live births per woman,2000,,0.06369,,DEU,Germany,A,Normal value,0,Units,2,Two
DATAFLOW,OECD.CFE.EDS:DSD_REG_DEMO@DF_FERTILITY(2.4),Fertility - Regions,I,A,Annual,CTRY,Country,ITA,Italy,_Z,Not applicable,FERT_RATIO,Fertility rate,Y15T19,From 15 to 19 years,F,Female,BR_L_W,Live births per woman,2000,,0.03476,,ITA,Italy,A,Normal value,0,Units,2,Two
DATAFLOW,OECD.CFE.EDS:DSD_REG_DEMO@DF_FERTILITY(2.4),Fertility - Regions,I,A,Annual,CTRY,Country,FRA,France,_Z,Not applicable,FERT_RATIO,Fertility rate,Y15T19,From 15 to 19 years,F,Female,BR_L_W,Live births per woman,2000,,0.06040000000000001,,FRA,France,A,Normal value,0,Units,2,Two
DATAFLOW,OECD.CFE.EDS:DSD_REG_DEMO@DF_FERTILITY(2.4),Fertility - Regions,I,A,Annual,CTRY,Country,ESP,Spain,_Z,Not applicable,FERT_RATIO,Fertility rate,Y15T19,From 15 to 19 years,F,Female,BR_L_W,Live births per woman,2000,,0.0422,,ESP,Spain,A,Normal value,0,Units,2,Two
DATAFLOW,OECD.CFE.EDS:DSD_REG_DEMO@DF_FERTILITY(2.4),Fertility - Regions,I,A,Annual,CTRY,Country,KOR,Korea,_Z,Not applicable,FERT_RATIO,Fertility rate,Y15T19,From 15 to 19 years,F,Female,BR_L_W,Live births per woman,2000,,0.013,,KOR,Korea,A,Normal value,0,Units,2,Two
DATAFLOW,OECD.CFE.EDS:DSD_REG_DEMO@DF_FERTILITY(2.4),Fertility - Regions,I,A,Annual,CTRY,Country,KOR,Korea,_Z,Not applicable,FERT_RATIO,Fertility rate,Y15T19,From 15 to 19 years,F,Female,BR_L_W,Live births per woman,2001,,0.012,,KOR,Korea,A,Normal value,0,Units,2,Two
DATAFLOW,OECD.CFE.EDS:DSD_REG_DEMO@DF_FERTILITY(2.4),Fertility - Regions,I,A,Annual,CTRY,Country,ESP,Spain,_Z,Not applicable,FERT_RATIO,Fertility rate,Y15T19,From 15 to 19 years,F,Female,BR_L_W,Live births per woman,2001,,0.046329999999999996,,ESP,Spain,A,Normal value,0,Units,2,Two
DATAFLOW,OECD.CFE.EDS:DSD_REG_DEMO@DF_FERTILITY(2.4),Fertility - Regions,I,A,Annual,CTRY,Country,FRA,France,_Z,Not applicable,FERT_RATIO,Fertility rate,Y15T19,From 15 to 19 years,F,Female,BR_L_W,Live births per woman,2001,,0.06314,,FRA,France,A,Normal value,0,Units,2,Two
DATAFLOW,OECD.CFE.EDS:DSD_REG_DEMO@DF_FERTILITY(2.4),Fertility - Regions,I,A,Annual,CTRY,Country,ITA,Italy,_Z,Not applicable,FERT_RATIO,Fertility rate,Y15T19,From 15 to 19 years,F,Female,BR_L_W,Live births per woman,2001,,0.03349,,ITA,Italy,A,Normal value,0,Units,2,Two
DATAFLOW,OECD.CFE.EDS:DSD_REG_DEMO@DF_FERTILITY(2.4),Fertility - Regions,I,A,Annual,CTRY,Country,DEU,Germany,_Z,Not applicable,FERT_RATIO,Fertility rate,Y15T19,From 15 to 19 years,F,Female,BR_L_W,Live births per woman,2001,,0.06398000000000001,,DEU,Germany,A,Normal value,0,Units,2,Two
DATAFLOW,OECD.CFE.EDS:DSD_REG_DEMO@DF_FERTILITY(2.4),Fertility - Regions,I,A,Annual,CTRY,Country,DEU,Germany,_Z,Not applicable,FERT_RATIO,Fertility rate,Y15T19,From 15 to 19 years,F,Female,BR_L_W,Live births per woman,2002,,0.06152,,DEU,Germany,A,Normal value,0,Units,2,Two
DATAFLOW,OECD.CFE.EDS:DSD_REG_DEMO@DF_FERTILITY(2.4),Fertility - Regions,I,A,Annual,CTRY,Country,ITA,Italy,_Z,Not applicable,FERT_RATIO,Fertility rate,Y15T19,From 15 to 19 years,F,Female,BR_L_W,Live births per woman,2002,,0.03406,,ITA,Italy,A,Normal value,0,Units,2,Two
DATAFLOW,OECD.CFE.EDS:DSD_REG_DEMO@DF_FERTILITY(2.4),Fertility - Regions,I,A,Annual,CTRY,Country,FRA,France,_Z,Not applicable,FERT_RATIO,Fertility rate,Y15T19,From 15 to 19 years,F,Female,BR_L_W,Live births per woman,2002,,0.060599999999999994,,FRA,France,A,Normal value,0,Units,2,Two
DATAFLOW,OECD.CFE.EDS:DSD_REG_DEMO@DF_FERTILITY(2.4),Fertility - Regions,I,A,Annual,CTRY,Country,ESP,Spain,_Z,Not applicable,FERT_RATIO,Fertility rate,Y15T19,From 15 to 19 years,F,Female,BR_L_W,Live births per woman,2002,,0.04758,,ESP,Spain,A,Normal value,0,Units,2,Two
DATAFLOW,OECD.CFE.EDS:DSD_REG_DEMO@DF_FERTILITY(2.4),Fertility - Regions,I,A,Annual,CTRY,Country,KOR,Korea,_Z,Not applicable,FERT_RATIO,Fertility rate,Y15T19,From 15 to 19 years,F,Female,BR_L_W,Live births per woman,2002,,0.0135,,KOR,Korea,A,Normal value,0,Units,2,Two
DATAFLOW,OECD.CFE.EDS:DSD_REG_DEMO@DF_FERTILITY(2.4),Fertility - Regions,I,A,Annual,CTRY,Country,KOR,Korea,_Z,Not applicable,FERT_RATIO,Fertility rate,Y15T19,From 15 to 19 years,F,Female,BR_L_W,Live births per woman,2003,,0.0125,,KOR,Korea,A,Normal value,0,Units,2,Two
DATAFLOW,OECD.CFE.EDS:DSD_REG_DEMO@DF_FERTILITY(2.4),Fertility - Regions,I,A,Annual,CTRY,Country,ESP,Spain,_Z,Not applicable,FERT_RATIO,Fertility rate,Y15T19,From 15 to 19 years,F,Female,BR_L_W,Live births per woman,2003,,0.05113999999999999,,ESP,Spain,A,Normal value,0,Units,2,Two
DATAFLOW,OECD.CFE.EDS:DSD_REG_DEMO@DF_FERTILITY(2.4),Fertility - Regions,I,A,Annual,CTRY,Country,FRA,France,_Z,Not applicable,FERT_RATIO,Fertility rate,Y15T19,From 15 to 19 years,F,Female,BR_L_W,Live births per woman,2003,,0.05901,,FRA,France,A,Normal value,0,Units,2,Two
DATAFLOW,OECD.CFE.EDS:DSD_REG_DEMO@DF_FERTILITY(2.4),Fertility - Regions,I,A,Annual,CTRY,Country,ITA,Italy,_Z,Not applicable,FERT_RATIO,Fertility rate,Y15T19,From 15 to 19 years,F,Female,BR_L_W,Live births per woman,2003,,0.033519999999999994,,ITA,Italy,A,Normal value,0,Units,2,Two
DATAFLOW,OECD.CFE.EDS:DSD_REG_DEMO@DF_FERTILITY(2.4),Fertility - Regions,I,A,Annual,CTRY,Country,DEU,Germany,_Z,Not applicable,FERT_RATIO,Fertility rate,Y15T19,From 15 to 19 years,F,Female,BR_L_W,Live births per woman,2003,,0.05853,,DEU,Germany,A,Normal value,0,Units,2,Two
DATAFLOW,OECD.CFE.EDS:DSD_REG_DEMO@DF_FERTILITY(2.4),Fertility - Regions,I,A,Annual,CTRY,Country,DEU,Germany,_Z,Not applicable,FERT_RATIO,Fertility rate,Y15T19,From 15 to 19 years,F,Female,BR_L_W,Live births per woman,2004,,0.05516,,DEU,Germany,A,Normal value,0,Units,2,Two
DATAFLOW,OECD.CFE.EDS:DSD_REG_DEMO@DF_FERTILITY(2.4),Fertility - Regions,I,A,Annual,CTRY,Country,ITA,Italy,_Z,Not applicable,FERT_RATIO,Fertility rate,Y15T19,From 15 to 19 years,F,Female,BR_L_W,Live births per woman,2004,,0.03555,,ITA,Italy,A,Normal value,0,Units,2,Two
DATAFLOW,OECD.CFE.EDS:DSD_REG_DEMO@DF_FERTILITY(2.4),Fertility - Regions,I,A,Annual,CTRY,Country,FRA,France,_Z,Not applicable,FERT_RATIO,Fertility rate,Y15T19,From 15 to 19 years,F,Female,BR_L_W,Live births per woman,2004,,0.058640000000000005,,FRA,France,A,Normal value,0,Units,2,Two
DATAFLOW,OECD.CFE.EDS:DSD_REG_DEMO@DF_FERTILITY(2.4),Fertility - Regions,I,A,Annual,CTRY,Country,ESP,Spain,_Z,Not applicable,FERT_RATIO,Fertility rate,Y15T19,From 15 to 19 years,F,Female,BR_L_W,Live births per woman,2004,,0.05223,,ESP,Spain,A,Normal value,0,Units,2,Two
DATAFLOW,OECD.CFE.EDS:DSD_REG_DEMO@DF_FERTILITY(2.4),Fertility - Regions,I,A,Annual,CTRY,Country,KOR,Korea,_Z,Not applicable,FERT_RATIO,Fertility rate,Y15T19,From 15 to 19 years,F,Female,BR_L_W,Live births per woman,2004,,0.012,,KOR,Korea,A,Normal value,0,Units,2,Two
DATAFLOW,OECD.CFE.EDS:DSD_REG_DEMO@DF_FERTILITY(2.4),Fertility - Regions,I,A,Annual,CTRY,Country,KOR,Korea,_Z,Not applicable,FERT_RATIO,Fertility rate,Y15T19,From 15 to 19 years,F,Female,BR_L_W,Live births per woman,2005,,0.010999999999999998,,KOR,Korea,A,Normal value,0,Units,2,Two
DATAFLOW,OECD.CFE.EDS:DSD_REG_DEMO@DF_FERTILITY(2.4),Fertility - Regions,I,A,Annual,CTRY,Country,ESP,Spain,_Z,Not applicable,FERT_RATIO,Fertility rate,Y15T19,From 15 to 19 years,F,Female,BR_L_W,Live births per woman,2005,,0.05548,,ESP,Spain,A,Normal value,0,Units,2,Two
DATAFLOW,OECD.CFE.EDS:DSD_REG_DEMO@DF_FERTILITY(2.4),Fertility - Regions,I,A,Annual,CTRY,Country,FRA,France,_Z,Not applicable,FERT_RATIO,Fertility rate,Y15T19,From 15 to 19 years,F,Female,BR_L_W,Live births per woman,2005,,0.0574,,FRA,France,A,Normal value,0,Units,2,Two
DATAFLOW,OECD.CFE.EDS:DSD_REG_DEMO@DF_FERTILITY(2.4),Fertility - Regions,I,A,Annual,CTRY,Country,ITA,Italy,_Z,Not applicable,FERT_RATIO,Fertility rate,Y15T19,From 15 to 19 years,F,Female,BR_L_W,Live births per woman,2005,,0.034839999999999996,,ITA,Italy,A,Normal value,0,Units,2,Two
DATAFLOW,OECD.CFE.EDS:DSD_REG_DEMO@DF_FERTILITY(2.4),Fertility - Regions,I,A,Annual,CTRY,Country,DEU,Germany,_Z,Not applicable,FERT_RATIO,Fertility rate,Y15T19,From 15 to 19 years,F,Female,BR_L_W,Live births per woman,2005,,0.053180000000000005,,DEU,Germany,A,Normal value,0,Units,2,Two
DATAFLOW,OECD.CFE.EDS:DSD_REG_DEMO@DF_FERTILITY(2.4),Fertility - Regions,I,A,Annual,CTRY,Country,DEU,Germany,_Z,Not applicable,FERT_RATIO,Fertility rate,Y15T19,From 15 to 19 years,F,Female,BR_L_W,Live births per woman,2006,,0.05006,,DEU,Germany,A,Normal value,0,Units,2,Two
DATAFLOW,OECD.CFE.EDS:DSD_REG_DEMO@DF_FERTILITY(2.4),Fertility - Regions,I,A,Annual,CTRY,Country,ITA,Italy,_Z,Not applicable,FERT_RATIO,Fertility rate,Y15T19,From 15 to 19 years,F,Female,BR_L_W,Live births per woman,2006,,0.034460000000000005,,ITA,Italy,A,Normal value,0,Units,2,Two
DATAFLOW,OECD.CFE.EDS:DSD_REG_DEMO@DF_FERTILITY(2.4),Fertility - Regions,I,A,Annual,CTRY,Country,FRA,France,_Z,Not applicable,FERT_RATIO,Fertility rate,Y15T19,From 15 to 19 years,F,Female,BR_L_W,Live births per woman,2006,,0.057330000000000006,,FRA,France,A,Normal value,0,Units,2,Two
DATAFLOW,OECD.CFE.EDS:DSD_REG_DEMO@DF_FERTILITY(2.4),Fertility - Regions,I,A,Annual,CTRY,Country,ESP,Spain,_Z,Not applicable,FERT_RATIO,Fertility rate,Y15T19,From 15 to 19 years,F,Female,BR_L_W,Live births per woman,2006,,0.05875,,ESP,Spain,A,Normal value,0,Units,2,Two
DATAFLOW,OECD.CFE.EDS:DSD_REG_DEMO@DF_FERTILITY(2.4),Fertility - Regions,I,A,Annual,CTRY,Country,KOR,Korea,_Z,Not applicable,FERT_RATIO,Fertility rate,Y15T19,From 15 to 19 years,F,Female,BR_L_W,Live births per woman,2006,,0.010999999999999998,,KOR,Korea,A,Normal value,0,Units,2,Two
DATAFLOW,OECD.CFE.EDS:DSD_REG_DEMO@DF_FERTILITY(2.4),Fertility - Regions,I,A,Annual,CTRY,Country,KOR,Korea,_Z,Not applicable,FERT_RATIO,Fertility rate,Y15T19,From 15 to 19 years,F,Female,BR_L_W,Live births per woman,2007,,0.0115,,KOR,Korea,A,Normal value,0,Units,2,Two
DATAFLOW,OECD.CFE.EDS:DSD_REG_DEMO@DF_FERTILITY(2.4),Fertility - Regions,I,A,Annual,CTRY,Country,ESP,Spain,_Z,Not applicable,FERT_RATIO,Fertility rate,Y15T19,From 15 to 19 years,F,Female,BR_L_W,Live births per woman,2007,,0.06284,,ESP,Spain,A,Normal value,0,Units,2,Two
DATAFLOW,OECD.CFE.EDS:DSD_REG_DEMO@DF_FERTILITY(2.4),Fertility - Regions,I,A,Annual,CTRY,Country,FRA,France,_Z,Not applicable,FERT_RATIO,Fertility rate,Y15T19,From 15 to 19 years,F,Female,BR_L_W,Live births per woman,2007,,0.05635,,FRA,France,A,Normal value,0,Units,2,Two
DATAFLOW,OECD.CFE.EDS:DSD_REG_DEMO@DF_FERTILITY(2.4),Fertility - Regions,I,A,Annual,CTRY,Country,ITA,Italy,_Z,Not applicable,FERT_RATIO,Fertility rate,Y15T19,From 15 to 19 years,F,Female,BR_L_W,Live births per woman,2007,,0.03401,,ITA,Italy,A,Normal value,0,Units,2,Two
DATAFLOW,OECD.CFE.EDS:DSD_REG_DEMO@DF_FERTILITY(2.4),Fertility - Regions,I,A,Annual,CTRY,Country,DEU,Germany,_Z,Not applicable,FERT_RATIO,Fertility rate,Y15T19,From 15 to 19 years,F,Female,BR_L_W,Live births per woman,2007,,0.04813,,DEU,Germany,A,Normal value,0,Units,2,Two
DATAFLOW,OECD.CFE.EDS:DSD_REG_DEMO@DF_FERTILITY(2.4),Fertility - Regions,I,A,Annual,CTRY,Country,DEU,Germany,_Z,Not applicable,FERT_RATIO,Fertility rate,Y15T19,From 15 to 19 years,F,Female,BR_L_W,Live births per woman,2008,,0.04673000000000001,,DEU,Germany,A,Normal value,0,Units,2,Two
DATAFLOW,OECD.CFE.EDS:DSD_REG_DEMO@DF_FERTILITY(2.4),Fertility - Regions,I,A,Annual,CTRY,Country,ITA,Italy,_Z,Not applicable,FERT_RATIO,Fertility rate,Y15T19,From 15 to 19 years,F,Female,BR_L_W,Live births per woman,2008,,0.03571,,ITA,Italy,A,Normal value,0,Units,2,Two
DATAFLOW,OECD.CFE.EDS:DSD_REG_DEMO@DF_FERTILITY(2.4),Fertility - Regions,I,A,Annual,CTRY,Country,FRA,France,_Z,Not applicable,FERT_RATIO,Fertility rate,Y15T19,From 15 to 19 years,F,Female,BR_L_W,Live births per woman,2008,,0.056650000000000006,,FRA,France,A,Normal value,0,Units,2,Two
DATAFLOW,OECD.CFE.EDS:DSD_REG_DEMO@DF_FERTILITY(2.4),Fertility - Regions,I,A,Annual,CTRY,Country,ESP,Spain,_Z,Not applicable,FERT_RATIO,Fertility rate,Y15T19,From 15 to 19 years,F,Female,BR_L_W,Live births per woman,2008,,0.06514,,ESP,Spain,A,Normal value,0,Units,2,Two
DATAFLOW,OECD.CFE.EDS:DSD_REG_DEMO@DF_FERTILITY(2.4),Fertility - Regions,I,A,Annual,CTRY,Country,KOR,Korea,_Z,Not applicable,FERT_RATIO,Fertility rate,Y15T19,From 15 to 19 years,F,Female,BR_L_W,Live births per woman,2008,,0.0085,,KOR,Korea,A,Normal value,0,Units,2,Two
DATAFLOW,OECD.CFE.EDS:DSD_REG_DEMO@DF_FERTILITY(2.4),Fertility - Regions,I,A,Annual,CTRY,Country,JPN,Japan,_Z,Not applicable,FERT_RATIO,Fertility rate,Y15T19,From 15 to 19 years,F,Female,BR_L_W,Live births per woman,2009,,0.02478,,JPN,Japan,A,Normal value,0,Units,2,Two
DATAFLOW,OECD.CFE.EDS:DSD_REG_DEMO@DF_FERTILITY(2.4),Fertility - Regions,I,A,Annual,CTRY,Country,KOR,Korea,_Z,Not applicable,FERT_RATIO,Fertility rate,Y15T19,From 15 to 19 years,F,Female,BR_L_W,Live births per woman,2009,,0.0085,,KOR,Korea,A,Normal value,0,Units,2,Two
DATAFLOW,OECD.CFE.EDS:DSD_REG_DEMO@DF_FERTILITY(2.4),Fertility - Regions,I,A,Annual,CTRY,Country,ESP,Spain,_Z,Not applicable,FERT_RATIO,Fertility rate,Y15T19,From 15 to 19 years,F,Female,BR_L_W,Live births per woman,2009,,0.05803,,ESP,Spain,A,Normal value,0,Units,2,Two
DATAFLOW,OECD.CFE.EDS:DSD_REG_DEMO@DF_FERTILITY(2.4),Fertility - Regions,I,A,Annual,CTRY,Country,FRA,France,_Z,Not applicable,FERT_RATIO,Fertility rate,Y15T19,From 15 to 19 years,F,Female,BR_L_W,Live births per woman,2009,,0.05453,,FRA,France,A,Normal value,0,Units,2,Two
DATAFLOW,OECD.CFE.EDS:DSD_REG_DEMO@DF_FERTILITY(2.4),Fertility - Regions,I,A,Annual,CTRY,Country,ITA,Italy,_Z,Not applicable,FERT_RATIO,Fertility rate,Y15T19,From 15 to 19 years,F,Female,BR_L_W,Live births per woman,2009,,0.034140000000000004,,ITA,Italy,A,Normal value,0,Units,2,Two
DATAFLOW,OECD.CFE.EDS:DSD_REG_DEMO@DF_FERTILITY(2.4),Fertility - Regions,I,A,Annual,CTRY,Country,DEU,Germany,_Z,Not applicable,FERT_RATIO,Fertility rate,Y15T19,From 15 to 19 years,F,Female,BR_L_W,Live births per woman,2009,,0.043160000000000004,,DEU,Germany,A,Normal value,0,Units,2,Two
DATAFLOW,OECD.CFE.EDS:DSD_REG_DEMO@DF_FERTILITY(2.4),Fertility - Regions,I,A,Annual,CTRY,Country,DEU,Germany,_Z,Not applicable,FERT_RATIO,Fertility rate,Y15T19,From 15 to 19 years,F,Female,BR_L_W,Live births per woman,2010,,0.04272,,DEU,Germany,A,Normal value,0,Units,2,Two
DATAFLOW,OECD.CFE.EDS:DSD_REG_DEMO@DF_FERTILITY(2.4),Fertility - Regions,I,A,Annual,CTRY,Country,ITA,Italy,_Z,Not applicable,FERT_RATIO,Fertility rate,Y15T19,From 15 to 19 years,F,Female,BR_L_W,Live births per woman,2010,,0.03264,,ITA,Italy,A,Normal value,0,Units,2,Two
DATAFLOW,OECD.CFE.EDS:DSD_REG_DEMO@DF_FERTILITY(2.4),Fertility - Regions,I,A,Annual,CTRY,Country,FRA,France,_Z,Not applicable,FERT_RATIO,Fertility rate,Y15T19,From 15 to 19 years,F,Female,BR_L_W,Live births per woman,2010,,0.05426,,FRA,France,A,Normal value,0,Units,2,Two
DATAFLOW,OECD.CFE.EDS:DSD_REG_DEMO@DF_FERTILITY(2.4),Fertility - Regions,I,A,Annual,CTRY,Country,ESP,Spain,_Z,Not applicable,FERT_RATIO,Fertility rate,Y15T19,From 15 to 19 years,F,Female,BR_L_W,Live births per woman,2010,,0.05191,,ESP,Spain,A,Normal value,0,Units,2,Two
DATAFLOW,OECD.CFE.EDS:DSD_REG_DEMO@DF_FERTILITY(2.4),Fertility - Regions,I,A,Annual,CTRY,Country,KOR,Korea,_Z,Not applicable,FERT_RATIO,Fertility rate,Y15T19,From 15 to 19 years,F,Female,BR_L_W,Live births per woman,2010,,0.009,,KOR,Korea,A,Normal value,0,Units,2,Two
DATAFLOW,OECD.CFE.EDS:DSD_REG_DEMO@DF_FERTILITY(2.4),Fertility - Regions,I,A,Annual,CTRY,Country,JPN,Japan,_Z,Not applicable,FERT_RATIO,Fertility rate,Y15T19,From 15 to 19 years,F,Female,BR_L_W,Live births per woman,2010,,0.022929999999999996,,JPN,Japan,A,Normal value,0,Units,2,Two
DATAFLOW,OECD.CFE.EDS:DSD_REG_DEMO@DF_FERTILITY(2.4),Fertility - Regions,I,A,Annual,CTRY,Country,JPN,Japan,_Z,Not applicable,FERT_RATIO,Fertility rate,Y15T19,From 15 to 19 years,F,Female,BR_L_W,Live births per woman,2011,,0.022519999999999995,,JPN,Japan,A,Normal value,0,Units,2,Two
DATAFLOW,OECD.CFE.EDS:DSD_REG_DEMO@DF_FERTILITY(2.4),Fertility - Regions,I,A,Annual,CTRY,Country,KOR,Korea,_Z,Not applicable,FERT_RATIO,Fertility rate,Y15T19,From 15 to 19 years,F,Female,BR_L_W,Live births per woman,2011,,0.009,,KOR,Korea,A,Normal value,0,Units,2,Two
DATAFLOW,OECD.CFE.EDS:DSD_REG_DEMO@DF_FERTILITY(2.4),Fertility - Regions,I,A,Annual,CTRY,Country,ESP,Spain,_Z,Not applicable,FERT_RATIO,Fertility rate,Y15T19,From 15 to 19 years,F,Female,BR_L_W,Live births per woman,2011,,0.04654,,ESP,Spain,A,Normal value,0,Units,2,Two
DATAFLOW,OECD.CFE.EDS:DSD_REG_DEMO@DF_FERTILITY(2.4),Fertility - Regions,I,A,Annual,CTRY,Country,FRA,France,_Z,Not applicable,FERT_RATIO,Fertility rate,Y15T19,From 15 to 19 years,F,Female,BR_L_W,Live births per woman,2011,,0.0532,,FRA,France,A,Normal value,0,Units,2,Two
DATAFLOW,OECD.CFE.EDS:DSD_REG_DEMO@DF_FERTILITY(2.4),Fertility - Regions,I,A,Annual,CTRY,Country,ITA,Italy,_Z,Not applicable,FERT_RATIO,Fertility rate,Y15T19,From 15 to 19 years,F,Female,BR_L_W,Live births per woman,2011,,0.0315,,ITA,Italy,A,Normal value,0,Units,2,Two
DATAFLOW,OECD.CFE.EDS:DSD_REG_DEMO@DF_FERTILITY(2.4),Fertility - Regions,I,A,Annual,CTRY,Country,DEU,Germany,_Z,Not applicable,FERT_RATIO,Fertility rate,Y15T19,From 15 to 19 years,F,Female,BR_L_W,Live births per woman,2011,,0.03991,,DEU,Germany,A,Normal value,0,Units,2,Two
DATAFLOW,OECD.CFE.EDS:DSD_REG_DEMO@DF_FERTILITY(2.4),Fertility - Regions,I,A,Annual,CTRY,Country,DEU,Germany,_Z,Not applicable,FERT_RATIO,Fertility rate,Y15T19,From 15 to 19 years,F,Female,BR_L_W,Live births per woman,2012,,0.03977,,DEU,Germany,A,Normal value,0,Units,2,Two
DATAFLOW,OECD.CFE.EDS:DSD_REG_DEMO@DF_FERTILITY(2.4),Fertility - Regions,I,A,Annual,CTRY,Country,ITA,Italy,_Z,Not applicable,FERT_RATIO,Fertility rate,Y15T19,From 15 to 19 years,F,Female,BR_L_W,Live births per woman,2012,,0.03131,,ITA,Italy,A,Normal value,0,Units,2,Two
DATAFLOW,OECD.CFE.EDS:DSD_REG_DEMO@DF_FERTILITY(2.4),Fertility - Regions,I,A,Annual,CTRY,Country,FRA,France,_Z,Not applicable,FERT_RATIO,Fertility rate,Y15T19,From 15 to 19 years,F,Female,BR_L_W,Live births per woman,2012,,0.05409,,FRA,France,A,Normal value,0,Units,2,Two
DATAFLOW,OECD.CFE.EDS:DSD_REG_DEMO@DF_FERTILITY(2.4),Fertility - Regions,I,A,Annual,CTRY,Country,ESP,Spain,_Z,Not applicable,FERT_RATIO,Fertility rate,Y15T19,From 15 to 19 years,F,Female,BR_L_W,Live births per woman,2012,,0.044329999999999994,,ESP,Spain,A,Normal value,0,Units,2,Two
DATAFLOW,OECD.CFE.EDS:DSD_REG_DEMO@DF_FERTILITY(2.4),Fertility - Regions,I,A,Annual,CTRY,Country,KOR,Korea,_Z,Not applicable,FERT_RATIO,Fertility rate,Y15T19,From 15 to 19 years,F,Female,BR_L_W,Live births per woman,2012,,0.009,,KOR,Korea,A,Normal value,0,Units,2,Two
DATAFLOW,OECD.CFE.EDS:DSD_REG_DEMO@DF_FERTILITY(2.4),Fertility - Regions,I,A,Annual,CTRY,Country,JPN,Japan,_Z,Not applicable,FERT_RATIO,Fertility rate,Y15T19,From 15 to 19 years,F,Female,BR_L_W,Live births per woman,2012,,0.02166,,JPN,Japan,A,Normal value,0,Units,2,Two
DATAFLOW,OECD.CFE.EDS:DSD_REG_DEMO@DF_FERTILITY(2.4),Fertility - Regions,I,A,Annual,CTRY,Country,JPN,Japan,_Z,Not applicable,FERT_RATIO,Fertility rate,Y15T19,From 15 to 19 years,F,Female,BR_L_W,Live births per woman,2013,,0.02196,,JPN,Japan,A,Normal value,0,Units,2,Two
DATAFLOW,OECD.CFE.EDS:DSD_REG_DEMO@DF_FERTILITY(2.4),Fertility - Regions,I,A,Annual,CTRY,Country,KOR,Korea,_Z,Not applicable,FERT_RATIO,Fertility rate,Y15T19,From 15 to 19 years,F,Female,BR_L_W,Live births per woman,2013,,0.0085,,KOR,Korea,A,Normal value,0,Units,2,Two
DATAFLOW,OECD.CFE.EDS:DSD_REG_DEMO@DF_FERTILITY(2.4),Fertility - Regions,I,A,Annual,CTRY,Country,ESP,Spain,_Z,Not applicable,FERT_RATIO,Fertility rate,Y15T19,From 15 to 19 years,F,Female,BR_L_W,Live births per woman,2013,,0.04177,,ESP,Spain,A,Normal value,0,Units,2,Two
DATAFLOW,OECD.CFE.EDS:DSD_REG_DEMO@DF_FERTILITY(2.4),Fertility - Regions,I,A,Annual,CTRY,Country,FRA,France,_Z,Not applicable,FERT_RATIO,Fertility rate,Y15T19,From 15 to 19 years,F,Female,BR_L_W,Live births per woman,2013,,0.05102,,FRA,France,A,Normal value,0,Units,2,Two
DATAFLOW,OECD.CFE.EDS:DSD_REG_DEMO@DF_FERTILITY(2.4),Fertility - Regions,I,A,Annual,CTRY,Country,ITA,Italy,_Z,Not applicable,FERT_RATIO,Fertility rate,Y15T19,From 15 to 19 years,F,Female,BR_L_W,Live births per woman,2013,,0.029050000000000003,,ITA,Italy,A,Normal value,0,Units,2,Two
DATAFLOW,OECD.CFE.EDS:DSD_REG_DEMO@DF_FERTILITY(2.4),Fertility - Regions,I,A,Annual,CTRY,Country,DEU,Germany,_Z,Not applicable,FERT_RATIO,Fertility rate,Y15T19,From 15 to 19 years,F,Female,BR_L_W,Live births per woman,2013,,0.03879,,DEU,Germany,A,Normal value,0,Units,2,Two
DATAFLOW,OECD.CFE.EDS:DSD_REG_DEMO@DF_FERTILITY(2.4),Fertility - Regions,I,A,Annual,CTRY,Country,DEU,Germany,_Z,Not applicable,FERT_RATIO,Fertility rate,Y15T19,From 15 to 19 years,F,Female,BR_L_W,Live births per woman,2014,,0.03894,,DEU,Germany,A,Normal value,0,Units,2,Two
DATAFLOW,OECD.CFE.EDS:DSD_REG_DEMO@DF_FERTILITY(2.4),Fertility - Regions,I,A,Annual,CTRY,Country,ITA,Italy,_Z,Not applicable,FERT_RATIO,Fertility rate,Y15T19,From 15 to 19 years,F,Female,BR_L_W,Live births per woman,2014,,0.02813,,ITA,Italy,A,Normal value,0,Units,2,Two
DATAFLOW,OECD.CFE.EDS:DSD_REG_DEMO@DF_FERTILITY(2.4),Fertility - Regions,I,A,Annual,CTRY,Country,FRA,France,_Z,Not applicable,FERT_RATIO,Fertility rate,Y15T19,From 15 to 19 years,F,Female,BR_L_W,Live births per woman,2014,,0.05011,,FRA,France,A,Normal value,0,Units,2,Two
DATAFLOW,OECD.CFE.EDS:DSD_REG_DEMO@DF_FERTILITY(2.4),Fertility - Regions,I,A,Annual,CTRY,Country,ESP,Spain,_Z,Not applicable,FERT_RATIO,Fertility rate,Y15T19,From 15 to 19 years,F,Female,BR_L_W,Live births per woman,2014,,0.040569999999999995,,ESP,Spain,A,Normal value,0,Units,2,Two
DATAFLOW,OECD.CFE.EDS:DSD_REG_DEMO@DF_FERTILITY(2.4),Fertility - Regions,I,A,Annual,CTRY,Country,KOR,Korea,_Z,Not applicable,FERT_RATIO,Fertility rate,Y15T19,From 15 to 19 years,F,Female,BR_L_W,Live births per woman,2014,,0.008,,KOR,Korea,A,Normal value,0,Units,2,Two
DATAFLOW,OECD.CFE.EDS:DSD_REG_DEMO@DF_FERTILITY(2.4),Fertility - Regions,I,A,Annual,CTRY,Country,JPN,Japan,_Z,Not applicable,FERT_RATIO,Fertility rate,Y15T19,From 15 to 19 years,F,Female,BR_L_W,Live births per woman,2014,,0.02224,,JPN,Japan,A,Normal value,0,Units,2,Two
DATAFLOW,OECD.CFE.EDS:DSD_REG_DEMO@DF_FERTILITY(2.4),Fertility - Regions,I,A,Annual,CTRY,Country,JPN,Japan,_Z,Not applicable,FERT_RATIO,Fertility rate,Y15T19,From 15 to 19 years,F,Female,BR_L_W,Live births per woman,2015,,0.0207,,JPN,Japan,A,Normal value,0,Units,2,Two
DATAFLOW,OECD.CFE.EDS:DSD_REG_DEMO@DF_FERTILITY(2.4),Fertility - Regions,I,A,Annual,CTRY,Country,KOR,Korea,_Z,Not applicable,FERT_RATIO,Fertility rate,Y15T19,From 15 to 19 years,F,Female,BR_L_W,Live births per woman,2015,,0.007000000000000001,,KOR,Korea,A,Normal value,0,Units,2,Two
DATAFLOW,OECD.CFE.EDS:DSD_REG_DEMO@DF_FERTILITY(2.4),Fertility - Regions,I,A,Annual,CTRY,Country,ESP,Spain,_Z,Not applicable,FERT_RATIO,Fertility rate,Y15T19,From 15 to 19 years,F,Female,BR_L_W,Live births per woman,2015,,0.038919999999999996,,ESP,Spain,A,Normal value,0,Units,2,Two
DATAFLOW,OECD.CFE.EDS:DSD_REG_DEMO@DF_FERTILITY(2.4),Fertility - Regions,I,A,Annual,CTRY,Country,FRA,France,_Z,Not applicable,FERT_RATIO,Fertility rate,Y15T19,From 15 to 19 years,F,Female,BR_L_W,Live births per woman,2015,,0.046830000000000004,,FRA,France,A,Normal value,0,Units,2,Two
DATAFLOW,OECD.CFE.EDS:DSD_REG_DEMO@DF_FERTILITY(2.4),Fertility - Regions,I,A,Annual,CTRY,Country,ITA,Italy,_Z,Not applicable,FERT_RATIO,Fertility rate,Y15T19,From 15 to 19 years,F,Female,BR_L_W,Live births per woman,2015,,0.025679999999999998,,ITA,Italy,A,Normal value,0,Units,2,Two
DATAFLOW,OECD.CFE.EDS:DSD_REG_DEMO@DF_FERTILITY(2.4),Fertility - Regions,I,A,Annual,CTRY,Country,DEU,Germany,_Z,Not applicable,FERT_RATIO,Fertility rate,Y15T19,From 15 to 19 years,F,Female,BR_L_W,Live births per woman,2015,,0.038790000000000005,,DEU,Germany,A,Normal value,0,Units,2,Two
DATAFLOW,OECD.CFE.EDS:DSD_REG_DEMO@DF_FERTILITY(2.4),Fertility - Regions,I,A,Annual,CTRY,Country,DEU,Germany,_Z,Not applicable,FERT_RATIO,Fertility rate,Y15T19,From 15 to 19 years,F,Female,BR_L_W,Live births per woman,2016,,0.04503,,DEU,Germany,A,Normal value,0,Units,2,Two
DATAFLOW,OECD.CFE.EDS:DSD_REG_DEMO@DF_FERTILITY(2.4),Fertility - Regions,I,A,Annual,CTRY,Country,ITA,Italy,_Z,Not applicable,FERT_RATIO,Fertility rate,Y15T19,From 15 to 19 years,F,Female,BR_L_W,Live births per woman,2016,,0.02425,,ITA,Italy,A,Normal value,0,Units,2,Two
DATAFLOW,OECD.CFE.EDS:DSD_REG_DEMO@DF_FERTILITY(2.4),Fertility - Regions,I,A,Annual,CTRY,Country,FRA,France,_Z,Not applicable,FERT_RATIO,Fertility rate,Y15T19,From 15 to 19 years,F,Female,BR_L_W,Live births per woman,2016,,0.04391,,FRA,France,A,Normal value,0,Units,2,Two
DATAFLOW,OECD.CFE.EDS:DSD_REG_DEMO@DF_FERTILITY(2.4),Fertility - Regions,I,A,Annual,CTRY,Country,ESP,Spain,_Z,Not applicable,FERT_RATIO,Fertility rate,Y15T19,From 15 to 19 years,F,Female,BR_L_W,Live births per woman,2016,,0.037129999999999996,,ESP,Spain,A,Normal value,0,Units,2,Two
DATAFLOW,OECD.CFE.EDS:DSD_REG_DEMO@DF_FERTILITY(2.4),Fertility - Regions,I,A,Annual,CTRY,Country,KOR,Korea,_Z,Not applicable,FERT_RATIO,Fertility rate,Y15T19,From 15 to 19 years,F,Female,BR_L_W,Live births per woman,2016,,0.0065,,KOR,Korea,A,Normal value,0,Units,2,Two
DATAFLOW,OECD.CFE.EDS:DSD_REG_DEMO@DF_FERTILITY(2.4),Fertility - Regions,I,A,Annual,CTRY,Country,JPN,Japan,_Z,Not applicable,FERT_RATIO,Fertility rate,Y15T19,From 15 to 19 years,F,Female,BR_L_W,Live births per woman,2016,,0.01889,,JPN,Japan,A,Normal value,0,Units,2,Two
DATAFLOW,OECD.CFE.EDS:DSD_REG_DEMO@DF_FERTILITY(2.4),Fertility - Regions,I,A,Annual,CTRY,Country,JPN,Japan,_Z,Not applicable,FERT_RATIO,Fertility rate,Y15T19,From 15 to 19 years,F,Female,BR_L_W,Live births per woman,2017,,0.016980000000000002,,JPN,Japan,A,Normal value,0,Units,2,Two
DATAFLOW,OECD.CFE.EDS:DSD_REG_DEMO@DF_FERTILITY(2.4),Fertility - Regions,I,A,Annual,CTRY,Country,KOR,Korea,_Z,Not applicable,FERT_RATIO,Fertility rate,Y15T19,From 15 to 19 years,F,Female,BR_L_W,Live births per woman,2017,,0.005,,KOR,Korea,A,Normal value,0,Units,2,Two
DATAFLOW,OECD.CFE.EDS:DSD_REG_DEMO@DF_FERTILITY(2.4),Fertility - Regions,I,A,Annual,CTRY,Country,ESP,Spain,_Z,Not applicable,FERT_RATIO,Fertility rate,Y15T19,From 15 to 19 years,F,Female,BR_L_W,Live births per woman,2017,,0.03564,,ESP,Spain,A,Normal value,0,Units,2,Two
DATAFLOW,OECD.CFE.EDS:DSD_REG_DEMO@DF_FERTILITY(2.4),Fertility - Regions,I,A,Annual,CTRY,Country,FRA,France,_Z,Not applicable,FERT_RATIO,Fertility rate,Y15T19,From 15 to 19 years,F,Female,BR_L_W,Live births per woman,2017,,0.04106,,FRA,France,A,Normal value,0,Units,2,Two
DATAFLOW,OECD.CFE.EDS:DSD_REG_DEMO@DF_FERTILITY(2.4),Fertility - Regions,I,A,Annual,CTRY,Country,ITA,Italy,_Z,Not applicable,FERT_RATIO,Fertility rate,Y15T19,From 15 to 19 years,F,Female,BR_L_W,Live births per woman,2017,,0.021670000000000002,,ITA,Italy,A,Normal value,0,Units,2,Two
DATAFLOW,OECD.CFE.EDS:DSD_REG_DEMO@DF_FERTILITY(2.4),Fertility - Regions,I,A,Annual,CTRY,Country,DEU,Germany,_Z,Not applicable,FERT_RATIO,Fertility rate,Y15T19,From 15 to 19 years,F,Female,BR_L_W,Live births per woman,2017,,0.039099999999999996,,DEU,Germany,A,Normal value,0,Units,2,Two
DATAFLOW,OECD.CFE.EDS:DSD_REG_DEMO@DF_FERTILITY(2.4),Fertility - Regions,I,A,Annual,CTRY,Country,ITA,Italy,_Z,Not applicable,FERT_RATIO,Fertility rate,Y15T19,From 15 to 19 years,F,Female,BR_L_W,Live births per woman,2018,,0.02049,,ITA,Italy,A,Normal value,0,Units,2,Two
DATAFLOW,OECD.CFE.EDS:DSD_REG_DEMO@DF_FERTILITY(2.4),Fertility - Regions,I,A,Annual,CTRY,Country,FRA,France,_Z,Not applicable,FERT_RATIO,Fertility rate,Y15T19,From 15 to 19 years,F,Female,BR_L_W,Live births per woman,2018,,0.03899,,FRA,France,A,Normal value,0,Units,2,Two
DATAFLOW,OECD.CFE.EDS:DSD_REG_DEMO@DF_FERTILITY(2.4),Fertility - Regions,I,A,Annual,CTRY,Country,ESP,Spain,_Z,Not applicable,FERT_RATIO,Fertility rate,Y15T19,From 15 to 19 years,F,Female,BR_L_W,Live births per woman,2018,,0.03148,,ESP,Spain,A,Normal value,0,Units,2,Two
DATAFLOW,OECD.CFE.EDS:DSD_REG_DEMO@DF_FERTILITY(2.4),Fertility - Regions,I,A,Annual,CTRY,Country,KOR,Korea,_Z,Not applicable,FERT_RATIO,Fertility rate,Y15T19,From 15 to 19 years,F,Female,BR_L_W,Live births per woman,2018,,0.0045,,KOR,Korea,A,Normal value,0,Units,2,Two
DATAFLOW,OECD.CFE.EDS:DSD_REG_DEMO@DF_FERTILITY(2.4),Fertility - Regions,I,A,Annual,CTRY,Country,JPN,Japan,_Z,Not applicable,FERT_RATIO,Fertility rate,Y15T19,From 15 to 19 years,F,Female,BR_L_W,Live births per woman,2018,,0.01527,,JPN,Japan,A,Normal value,0,Units,2,Two
DATAFLOW,OECD.CFE.EDS:DSD_REG_DEMO@DF_FERTILITY(2.4),Fertility - Regions,I,A,Annual,CTRY,Country,JPN,Japan,_Z,Not applicable,FERT_RATIO,Fertility rate,Y15T19,From 15 to 19 years,F,Female,BR_L_W,Live births per woman,2019,,0.01372,,JPN,Japan,A,Normal value,0,Units,2,Two
DATAFLOW,OECD.CFE.EDS:DSD_REG_DEMO@DF_FERTILITY(2.4),Fertility - Regions,I,A,Annual,CTRY,Country,KOR,Korea,_Z,Not applicable,FERT_RATIO,Fertility rate,Y15T19,From 15 to 19 years,F,Female,BR_L_W,Live births per woman,2019,,0.004,,KOR,Korea,A,Normal value,0,Units,2,Two
DATAFLOW,OECD.CFE.EDS:DSD_REG_DEMO@DF_FERTILITY(2.4),Fertility - Regions,I,A,Annual,CTRY,Country,ESP,Spain,_Z,Not applicable,FERT_RATIO,Fertility rate,Y15T19,From 15 to 19 years,F,Female,BR_L_W,Live births per woman,2019,,0.03012,,ESP,Spain,A,Normal value,0,Units,2,Two
DATAFLOW,OECD.CFE.EDS:DSD_REG_DEMO@DF_FERTILITY(2.4),Fertility - Regions,I,A,Annual,CTRY,Country,FRA,France,_Z,Not applicable,FERT_RATIO,Fertility rate,Y15T19,From 15 to 19 years,F,Female,BR_L_W,Live births per woman,2019,,0.03788,,FRA,France,A,Normal value,0,Units,2,Two
DATAFLOW,OECD.CFE.EDS:DSD_REG_DEMO@DF_FERTILITY(2.4),Fertility - Regions,I,A,Annual,CTRY,Country,ITA,Italy,_Z,Not applicable,FERT_RATIO,Fertility rate,Y15T19,From 15 to 19 years,F,Female,BR_L_W,Live births per woman,2019,,0.0183,,ITA,Italy,A,Normal value,0,Units,2,Two
DATAFLOW,OECD.CFE.EDS:DSD_REG_DEMO@DF_FERTILITY(2.4),Fertility - Regions,I,A,Annual,CTRY,Country,DEU,Germany,_Z,Not applicable,FERT_RATIO,Fertility rate,Y15T19,From 15 to 19 years,F,Female,BR_L_W,Live births per woman,2020,,0.0318,,DEU,Germany,A,Normal value,0,Units,2,Two
DATAFLOW,OECD.CFE.EDS:DSD_REG_DEMO@DF_FERTILITY(2.4),Fertility - Regions,I,A,Annual,CTRY,Country,ITA,Italy,_Z,Not applicable,FERT_RATIO,Fertility rate,Y15T19,From 15 to 19 years,F,Female,BR_L_W,Live births per woman,2020,,0.01629,,ITA,Italy,A,Normal value,0,Units,2,Two
DATAFLOW,OECD.CFE.EDS:DSD_REG_DEMO@DF_FERTILITY(2.4),Fertility - Regions,I,A,Annual,CTRY,Country,FRA,France,_Z,Not applicable,FERT_RATIO,Fertility rate,Y15T19,From 15 to 19 years,F,Female,BR_L_W,Live births per woman,2020,,0.03481,,FRA,France,A,Normal value,0,Units,2,Two
DATAFLOW,OECD.CFE.EDS:DSD_REG_DEMO@DF_FERTILITY(2.4),Fertility - Regions,I,A,Annual,CTRY,Country,ESP,Spain,_Z,Not applicable,FERT_RATIO,Fertility rate,Y15T19,From 15 to 19 years,F,Female,BR_L_W,Live births per woman,2020,,0.027,,ESP,Spain,A,Normal value,0,Units,2,Two
DATAFLOW,OECD.CFE.EDS:DSD_REG_DEMO@DF_FERTILITY(2.4),Fertility - Regions,I,A,Annual,CTRY,Country,KOR,Korea,_Z,Not applicable,FERT_RATIO,Fertility rate,Y15T19,From 15 to 19 years,F,Female,BR_L_W,Live births per woman,2020,,0.0035000000000000005,,KOR,Korea,A,Normal value,0,Units,2,Two
DATAFLOW,OECD.CFE.EDS:DSD_REG_DEMO@DF_FERTILITY(2.4),Fertility - Regions,I,A,Annual,CTRY,Country,JPN,Japan,_Z,Not applicable,FERT_RATIO,Fertility rate,Y15T19,From 15 to 19 years,F,Female,BR_L_W,Live births per woman,2020,,0.0125,,JPN,Japan,A,Normal value,0,Units,2,Two
DATAFLOW,OECD.CFE.EDS:DSD_REG_DEMO@DF_FERTILITY(2.4),Fertility - Regions,I,A,Annual,CTRY,Country,JPN,Japan,_Z,Not applicable,FERT_RATIO,Fertility rate,Y15T19,From 15 to 19 years,F,Female,BR_L_W,Live births per woman,2021,,0.010199999999999999,,JPN,Japan,A,Normal value,0,Units,2,Two
DATAFLOW,OECD.CFE.EDS:DSD_REG_DEMO@DF_FERTILITY(2.4),Fertility - Regions,I,A,Annual,CTRY,Country,KOR,Korea,_Z,Not applicable,FERT_RATIO,Fertility rate,Y15T19,From 15 to 19 years,F,Female,BR_L_W,Live births per woman,2021,,0.002,,KOR,Korea,A,Normal value,0,Units,2,Two
DATAFLOW,OECD.CFE.EDS:DSD_REG_DEMO@DF_FERTILITY(2.4),Fertility - Regions,I,A,Annual,CTRY,Country,ESP,Spain,_Z,Not applicable,FERT_RATIO,Fertility rate,Y15T19,From 15 to 19 years,F,Female,BR_L_W,Live births per woman,2021,,0.023280000000000002,,ESP,Spain,A,Normal value,0,Units,2,Two
DATAFLOW,OECD.CFE.EDS:DSD_REG_DEMO@DF_FERTILITY(2.4),Fertility - Regions,I,A,Annual,CTRY,Country,FRA,France,_Z,Not applicable,FERT_RATIO,Fertility rate,Y15T19,From 15 to 19 years,F,Female,BR_L_W,Live births per woman,2021,,0.03211,,FRA,France,A,Normal value,0,Units,2,Two
DATAFLOW,OECD.CFE.EDS:DSD_REG_DEMO@DF_FERTILITY(2.4),Fertility - Regions,I,A,Annual,CTRY,Country,ITA,Italy,_Z,Not applicable,FERT_RATIO,Fertility rate,Y15T19,From 15 to 19 years,F,Female,BR_L_W,Live births per woman,2021,,0.01447,,ITA,Italy,A,Normal value,0,Units,2,Two
DATAFLOW,OECD.CFE.EDS:DSD_REG_DEMO@DF_FERTILITY(2.4),Fertility - Regions,I,A,Annual,CTRY,Country,DEU,Germany,_Z,Not applicable,FERT_RATIO,Fertility rate,Y15T19,From 15 to 19 years,F,Female,BR_L_W,Live births per woman,2022,,0.02892,,DEU,Germany,A,Normal value,0,Units,2,Two
DATAFLOW,OECD.CFE.EDS:DSD_REG_DEMO@DF_FERTILITY(2.4),Fertility - Regions,I,A,Annual,CTRY,Country,ITA,Italy,_Z,Not applicable,FERT_RATIO,Fertility rate,Y15T19,From 15 to 19 years,F,Female,BR_L_W,Live births per woman,2022,,0.01402,,ITA,Italy,A,Normal value,0,Units,2,Two
DATAFLOW,OECD.CFE.EDS:DSD_REG_DEMO@DF_FERTILITY(2.4),Fertility - Regions,I,A,Annual,CTRY,Country,FRA,France,_Z,Not applicable,FERT_RATIO,Fertility rate,Y15T19,From 15 to 19 years,F,Female,BR_L_W,Live births per woman,2022,,0.03226999999999999,,FRA,France,A,Normal value,0,Units,2,Two
DATAFLOW,OECD.CFE.EDS:DSD_REG_DEMO@DF_FERTILITY(2.4),Fertility - Regions,I,A,Annual,CTRY,Country,ESP,Spain,_Z,Not applicable,FERT_RATIO,Fertility rate,Y15T19,From 15 to 19 years,F,Female,BR_L_W,Live births per woman,2022,,0.0233,,ESP,Spain,A,Normal value,0,Units,2,Two
DATAFLOW,OECD.CFE.EDS:DSD_REG_DEMO@DF_FERTILITY(2.4),Fertility - Regions,I,A,Annual,CTRY,Country,ITA,Italy,_Z,Not applicable,FERT_RATIO,Fertility rate,Y25T29,From 25 to 29 years,F,Female,BR_L_W,Live births per woman,2000,,0.38184,,ITA,Italy,A,Normal value,0,Units,2,Two
DATAFLOW,OECD.CFE.EDS:DSD_REG_DEMO@DF_FERTILITY(2.4),Fertility - Regions,I,A,Annual,CTRY,Country,FRA,France,_Z,Not applicable,FERT_RATIO,Fertility rate,Y25T29,From 25 to 29 years,F,Female,BR_L_W,Live births per woman,2000,,0.6905,,FRA,France,A,Normal value,0,Units,2,Two
DATAFLOW,OECD.CFE.EDS:DSD_REG_DEMO@DF_FERTILITY(2.4),Fertility - Regions,I,A,Annual,CTRY,Country,ESP,Spain,_Z,Not applicable,FERT_RATIO,Fertility rate,Y25T29,From 25 to 29 years,F,Female,BR_L_W,Live births per woman,2000,,0.33354,,ESP,Spain,A,Normal value,0,Units,2,Two
DATAFLOW,OECD.CFE.EDS:DSD_REG_DEMO@DF_FERTILITY(2.4),Fertility - Regions,I,A,Annual,CTRY,Country,KOR,Korea,_Z,Not applicable,FERT_RATIO,Fertility rate,Y25T29,From 25 to 29 years,F,Female,BR_L_W,Live births per woman,2000,,0.7514999999999998,,KOR,Korea,A,Normal value,0,Units,2,Two
DATAFLOW,OECD.CFE.EDS:DSD_REG_DEMO@DF_FERTILITY(2.4),Fertility - Regions,I,A,Annual,CTRY,Country,DEU,Germany,_Z,Not applicable,FERT_RATIO,Fertility rate,Y25T29,From 25 to 29 years,F,Female,BR_L_W,Live births per woman,2000,,0.46053999999999995,,DEU,Germany,A,Normal value,0,Units,2,Two
DATAFLOW,OECD.CFE.EDS:DSD_REG_DEMO@DF_FERTILITY(2.4),Fertility - Regions,I,A,Annual,CTRY,Country,DEU,Germany,_Z,Not applicable,FERT_RATIO,Fertility rate,Y25T29,From 25 to 29 years,F,Female,BR_L_W,Live births per woman,2001,,0.44100999999999996,,DEU,Germany,A,Normal value,0,Units,2,Two
DATAFLOW,OECD.CFE.EDS:DSD_REG_DEMO@DF_FERTILITY(2.4),Fertility - Regions,I,A,Annual,CTRY,Country,KOR,Korea,_Z,Not applicable,FERT_RATIO,Fertility rate,Y25T29,From 25 to 29 years,F,Female,BR_L_W,Live births per woman,2001,,0.649,,KOR,Korea,A,Normal value,0,Units,2,Two
DATAFLOW,OECD.CFE.EDS:DSD_REG_DEMO@DF_FERTILITY(2.4),Fertility - Regions,I,A,Annual,CTRY,Country,ESP,Spain,_Z,Not applicable,FERT_RATIO,Fertility rate,Y25T29,From 25 to 29 years,F,Female,BR_L_W,Live births per woman,2001,,0.32333,,ESP,Spain,A,Normal value,0,Units,2,Two
DATAFLOW,OECD.CFE.EDS:DSD_REG_DEMO@DF_FERTILITY(2.4),Fertility - Regions,I,A,Annual,CTRY,Country,FRA,France,_Z,Not applicable,FERT_RATIO,Fertility rate,Y25T29,From 25 to 29 years,F,Female,BR_L_W,Live births per woman,2001,,0.67644,,FRA,France,A,Normal value,0,Units,2,Two
DATAFLOW,OECD.CFE.EDS:DSD_REG_DEMO@DF_FERTILITY(2.4),Fertility - Regions,I,A,Annual,CTRY,Country,ITA,Italy,_Z,Not applicable,FERT_RATIO,Fertility rate,Y25T29,From 25 to 29 years,F,Female,BR_L_W,Live births per woman,2001,,0.36982000000000004,,ITA,Italy,A,Normal value,0,Units,2,Two
DATAFLOW,OECD.CFE.EDS:DSD_REG_DEMO@DF_FERTILITY(2.4),Fertility - Regions,I,A,Annual,CTRY,Country,ITA,Italy,_Z,Not applicable,FERT_RATIO,Fertility rate,Y25T29,From 25 to 29 years,F,Female,BR_L_W,Live births per woman,2002,,0.36671,,ITA,Italy,A,Normal value,0,Units,2,Two
DATAFLOW,OECD.CFE.EDS:DSD_REG_DEMO@DF_FERTILITY(2.4),Fertility - Regions,I,A,Annual,CTRY,Country,FRA,France,_Z,Not applicable,FERT_RATIO,Fertility rate,Y25T29,From 25 to 29 years,F,Female,BR_L_W,Live births per woman,2002,,0.66936,,FRA,France,A,Normal value,0,Units,2,Two
DATAFLOW,OECD.CFE.EDS:DSD_REG_DEMO@DF_FERTILITY(2.4),Fertility - Regions,I,A,Annual,CTRY,Country,ESP,Spain,_Z,Not applicable,FERT_RATIO,Fertility rate,Y25T29,From 25 to 29 years,F,Female,BR_L_W,Live births per woman,2002,,0.31839,,ESP,Spain,A,Normal value,0,Units,2,Two
DATAFLOW,OECD.CFE.EDS:DSD_REG_DEMO@DF_FERTILITY(2.4),Fertility - Regions,I,A,Annual,CTRY,Country,KOR,Korea,_Z,Not applicable,FERT_RATIO,Fertility rate,Y25T29,From 25 to 29 years,F,Female,BR_L_W,Live births per woman,2002,,0.557,,KOR,Korea,A,Normal value,0,Units,2,Two
DATAFLOW,OECD.CFE.EDS:DSD_REG_DEMO@DF_FERTILITY(2.4),Fertility - Regions,I,A,Annual,CTRY,Country,DEU,Germany,_Z,Not applicable,FERT_RATIO,Fertility rate,Y25T29,From 25 to 29 years,F,Female,BR_L_W,Live births per woman,2002,,0.43377,,DEU,Germany,A,Normal value,0,Units,2,Two
DATAFLOW,OECD.CFE.EDS:DSD_REG_DEMO@DF_FERTILITY(2.4),Fertility - Regions,I,A,Annual,CTRY,Country,DEU,Germany,_Z,Not applicable,FERT_RATIO,Fertility rate,Y25T29,From 25 to 29 years,F,Female,BR_L_W,Live births per woman,2003,,0.43179,,DEU,Germany,A,Normal value,0,Units,2,Two
DATAFLOW,OECD.CFE.EDS:DSD_REG_DEMO@DF_FERTILITY(2.4),Fertility - Regions,I,A,Annual,CTRY,Country,KOR,Korea,_Z,Not applicable,FERT_RATIO,Fertility rate,Y25T29,From 25 to 29 years,F,Female,BR_L_W,Live births per woman,2003,,0.5610000000000002,,KOR,Korea,A,Normal value,0,Units,2,Two
DATAFLOW,OECD.CFE.EDS:DSD_REG_DEMO@DF_FERTILITY(2.4),Fertility - Regions,I,A,Annual,CTRY,Country,ESP,Spain,_Z,Not applicable,FERT_RATIO,Fertility rate,Y25T29,From 25 to 29 years,F,Female,BR_L_W,Live births per woman,2003,,0.32101,,ESP,Spain,A,Normal value,0,Units,2,Two
DATAFLOW,OECD.CFE.EDS:DSD_REG_DEMO@DF_FERTILITY(2.4),Fertility - Regions,I,A,Annual,CTRY,Country,FRA,France,_Z,Not applicable,FERT_RATIO,Fertility rate,Y25T29,From 25 to 29 years,F,Female,BR_L_W,Live births per woman,2003,,0.6693899999999999,,FRA,France,A,Normal value,0,Units,2,Two
DATAFLOW,OECD.CFE.EDS:DSD_REG_DEMO@DF_FERTILITY(2.4),Fertility - Regions,I,A,Annual,CTRY,Country,ITA,Italy,_Z,Not applicable,FERT_RATIO,Fertility rate,Y25T29,From 25 to 29 years,F,Female,BR_L_W,Live births per woman,2003,,0.36151999999999995,,ITA,Italy,A,Normal value,0,Units,2,Two
DATAFLOW,OECD.CFE.EDS:DSD_REG_DEMO@DF_FERTILITY(2.4),Fertility - Regions,I,A,Annual,CTRY,Country,ITA,Italy,_Z,Not applicable,FERT_RATIO,Fertility rate,Y25T29,From 25 to 29 years,F,Female,BR_L_W,Live births per woman,2004,,0.37118,,ITA,Italy,A,Normal value,0,Units,2,Two
DATAFLOW,OECD.CFE.EDS:DSD_REG_DEMO@DF_FERTILITY(2.4),Fertility - Regions,I,A,Annual,CTRY,Country,FRA,France,_Z,Not applicable,FERT_RATIO,Fertility rate,Y25T29,From 25 to 29 years,F,Female,BR_L_W,Live births per woman,2004,,0.6697899999999999,,FRA,France,A,Normal value,0,Units,2,Two
DATAFLOW,OECD.CFE.EDS:DSD_REG_DEMO@DF_FERTILITY(2.4),Fertility - Regions,I,A,Annual,CTRY,Country,ESP,Spain,_Z,Not applicable,FERT_RATIO,Fertility rate,Y25T29,From 25 to 29 years,F,Female,BR_L_W,Live births per woman,2004,,0.31618,,ESP,Spain,A,Normal value,0,Units,2,Two
DATAFLOW,OECD.CFE.EDS:DSD_REG_DEMO@DF_FERTILITY(2.4),Fertility - Regions,I,A,Annual,CTRY,Country,KOR,Korea,_Z,Not applicable,FERT_RATIO,Fertility rate,Y25T29,From 25 to 29 years,F,Female,BR_L_W,Live births per woman,2004,,0.525,,KOR,Korea,A,Normal value,0,Units,2,Two
DATAFLOW,OECD.CFE.EDS:DSD_REG_DEMO@DF_FERTILITY(2.4),Fertility - Regions,I,A,Annual,CTRY,Country,DEU,Germany,_Z,Not applicable,FERT_RATIO,Fertility rate,Y25T29,From 25 to 29 years,F,Female,BR_L_W,Live births per woman,2004,,0.43245,,DEU,Germany,A,Normal value,0,Units,2,Two
DATAFLOW,OECD.CFE.EDS:DSD_REG_DEMO@DF_FERTILITY(2.4),Fertility - Regions,I,A,Annual,CTRY,Country,DEU,Germany,_Z,Not applicable,FERT_RATIO,Fertility rate,Y25T29,From 25 to 29 years,F,Female,BR_L_W,Live births per woman,2005,,0.41933,,DEU,Germany,A,Normal value,0,Units,2,Two
DATAFLOW,OECD.CFE.EDS:DSD_REG_DEMO@DF_FERTILITY(2.4),Fertility - Regions,I,A,Annual,CTRY,Country,KOR,Korea,_Z,Not applicable,FERT_RATIO,Fertility rate,Y25T29,From 25 to 29 years,F,Female,BR_L_W,Live births per woman,2005,,0.4605000000000001,,KOR,Korea,A,Normal value,0,Units,2,Two
DATAFLOW,OECD.CFE.EDS:DSD_REG_DEMO@DF_FERTILITY(2.4),Fertility - Regions,I,A,Annual,CTRY,Country,ESP,Spain,_Z,Not applicable,FERT_RATIO,Fertility rate,Y25T29,From 25 to 29 years,F,Female,BR_L_W,Live births per woman,2005,,0.31279,,ESP,Spain,A,Normal value,0,Units,2,Two
DATAFLOW,OECD.CFE.EDS:DSD_REG_DEMO@DF_FERTILITY(2.4),Fertility - Regions,I,A,Annual,CTRY,Country,FRA,France,_Z,Not applicable,FERT_RATIO,Fertility rate,Y25T29,From 25 to 29 years,F,Female,BR_L_W,Live births per woman,2005,,0.66739,,FRA,France,A,Normal value,0,Units,2,Two
DATAFLOW,OECD.CFE.EDS:DSD_REG_DEMO@DF_FERTILITY(2.4),Fertility - Regions,I,A,Annual,CTRY,Country,ITA,Italy,_Z,Not applicable,FERT_RATIO,Fertility rate,Y25T29,From 25 to 29 years,F,Female,BR_L_W,Live births per woman,2005,,0.36613999999999997,,ITA,Italy,A,Normal value,0,Units,2,Two
DATAFLOW,OECD.CFE.EDS:DSD_REG_DEMO@DF_FERTILITY(2.4),Fertility - Regions,I,A,Annual,CTRY,Country,FRA,France,_Z,Not applicable,FERT_RATIO,Fertility rate,Y25T29,From 25 to 29 years,F,Female,BR_L_W,Live births per woman,2006,,0.68223,,FRA,France,A,Normal value,0,Units,2,Two
DATAFLOW,OECD.CFE.EDS:DSD_REG_DEMO@DF_FERTILITY(2.4),Fertility - Regions,I,A,Annual,CTRY,Country,ITA,Italy,_Z,Not applicable,FERT_RATIO,Fertility rate,Y25T29,From 25 to 29 years,F,Female,BR_L_W,Live births per woman,2006,,0.37037,,ITA,Italy,A,Normal value,0,Units,2,Two
DATAFLOW,OECD.CFE.EDS:DSD_REG_DEMO@DF_FERTILITY(2.4),Fertility - Regions,I,A,Annual,CTRY,Country,ESP,Spain,_Z,Not applicable,FERT_RATIO,Fertility rate,Y25T29,From 25 to 29 years,F,Female,BR_L_W,Live births per woman,2006,,0.31799,,ESP,Spain,A,Normal value,0,Units,2,Two
DATAFLOW,OECD.CFE.EDS:DSD_REG_DEMO@DF_FERTILITY(2.4),Fertility - Regions,I,A,Annual,CTRY,Country,KOR,Korea,_Z,Not applicable,FERT_RATIO,Fertility rate,Y25T29,From 25 to 29 years,F,Female,BR_L_W,Live births per woman,2006,,0.4495,,KOR,Korea,A,Normal value,0,Units,2,Two
DATAFLOW,OECD.CFE.EDS:DSD_REG_DEMO@DF_FERTILITY(2.4),Fertility - Regions,I,A,Annual,CTRY,Country,DEU,Germany,_Z,Not applicable,FERT_RATIO,Fertility rate,Y25T29,From 25 to 29 years,F,Female,BR_L_W,Live births per woman,2006,,0.41278,,DEU,Germany,A,Normal value,0,Units,2,Two
DATAFLOW,OECD.CFE.EDS:DSD_REG_DEMO@DF_FERTILITY(2.4),Fertility - Regions,I,A,Annual,CTRY,Country,DEU,Germany,_Z,Not applicable,FERT_RATIO,Fertility rate,Y25T29,From 25 to 29 years,F,Female,BR_L_W,Live births per woman,2007,,0.41677999999999993,,DEU,Germany,A,Normal value,0,Units,2,Two
DATAFLOW,OECD.CFE.EDS:DSD_REG_DEMO@DF_FERTILITY(2.4),Fertility - Regions,I,A,Annual,CTRY,Country,KOR,Korea,_Z,Not applicable,FERT_RATIO,Fertility rate,Y25T29,From 25 to 29 years,F,Female,BR_L_W,Live births per woman,2007,,0.4794999999999999,,KOR,Korea,A,Normal value,0,Units,2,Two
DATAFLOW,OECD.CFE.EDS:DSD_REG_DEMO@DF_FERTILITY(2.4),Fertility - Regions,I,A,Annual,CTRY,Country,ESP,Spain,_Z,Not applicable,FERT_RATIO,Fertility rate,Y25T29,From 25 to 29 years,F,Female,BR_L_W,Live births per woman,2007,,0.31647,,ESP,Spain,A,Normal value,0,Units,2,Two
DATAFLOW,OECD.CFE.EDS:DSD_REG_DEMO@DF_FERTILITY(2.4),Fertility - Regions,I,A,Annual,CTRY,Country,FRA,France,_Z,Not applicable,FERT_RATIO,Fertility rate,Y25T29,From 25 to 29 years,F,Female,BR_L_W,Live births per woman,2007,,0.67093,,FRA,France,A,Normal value,0,Units,2,Two
DATAFLOW,OECD.CFE.EDS:DSD_REG_DEMO@DF_FERTILITY(2.4),Fertility - Regions,I,A,Annual,CTRY,Country,ITA,Italy,_Z,Not applicable,FERT_RATIO,Fertility rate,Y25T29,From 25 to 29 years,F,Female,BR_L_W,Live births per woman,2007,,0.37209,,ITA,Italy,A,Normal value,0,Units,2,Two
DATAFLOW,OECD.CFE.EDS:DSD_REG_DEMO@DF_FERTILITY(2.4),Fertility - Regions,I,A,Annual,CTRY,Country,ITA,Italy,_Z,Not applicable,FERT_RATIO,Fertility rate,Y25T29,From 25 to 29 years,F,Female,BR_L_W,Live births per woman,2008,,0.38,,ITA,Italy,A,Normal value,0,Units,2,Two
DATAFLOW,OECD.CFE.EDS:DSD_REG_DEMO@DF_FERTILITY(2.4),Fertility - Regions,I,A,Annual,CTRY,Country,FRA,France,_Z,Not applicable,FERT_RATIO,Fertility rate,Y25T29,From 25 to 29 years,F,Female,BR_L_W,Live births per woman,2008,,0.6715700000000001,,FRA,France,A,Normal value,0,Units,2,Two
DATAFLOW,OECD.CFE.EDS:DSD_REG_DEMO@DF_FERTILITY(2.4),Fertility - Regions,I,A,Annual,CTRY,Country,ESP,Spain,_Z,Not applicable,FERT_RATIO,Fertility rate,Y25T29,From 25 to 29 years,F,Female,BR_L_W,Live births per woman,2008,,0.33149,,ESP,Spain,A,Normal value,0,Units,2,Two
DATAFLOW,OECD.CFE.EDS:DSD_REG_DEMO@DF_FERTILITY(2.4),Fertility - Regions,I,A,Annual,CTRY,Country,KOR,Korea,_Z,Not applicable,FERT_RATIO,Fertility rate,Y25T29,From 25 to 29 years,F,Female,BR_L_W,Live births per woman,2008,,0.428,,KOR,Korea,A,Normal value,0,Units,2,Two
DATAFLOW,OECD.CFE.EDS:DSD_REG_DEMO@DF_FERTILITY(2.4),Fertility - Regions,I,A,Annual,CTRY,Country,DEU,Germany,_Z,Not applicable,FERT_RATIO,Fertility rate,Y25T29,From 25 to 29 years,F,Female,BR_L_W,Live births per woman,2008,,0.41179000000000004,,DEU,Germany,A,Normal value,0,Units,2,Two
DATAFLOW,OECD.CFE.EDS:DSD_REG_DEMO@DF_FERTILITY(2.4),Fertility - Regions,I,A,Annual,CTRY,Country,DEU,Germany,_Z,Not applicable,FERT_RATIO,Fertility rate,Y25T29,From 25 to 29 years,F,Female,BR_L_W,Live births per woman,2009,,0.39962,,DEU,Germany,A,Normal value,0,Units,2,Two
DATAFLOW,OECD.CFE.EDS:DSD_REG_DEMO@DF_FERTILITY(2.4),Fertility - Regions,I,A,Annual,CTRY,Country,KOR,Korea,_Z,Not applicable,FERT_RATIO,Fertility rate,Y25T29,From 25 to 29 years,F,Female,BR_L_W,Live births per woman,2009,,0.402,,KOR,Korea,A,Normal value,0,Units,2,Two
DATAFLOW,OECD.CFE.EDS:DSD_REG_DEMO@DF_FERTILITY(2.4),Fertility - Regions,I,A,Annual,CTRY,Country,JPN,Japan,_Z,Not applicable,FERT_RATIO,Fertility rate,Y25T29,From 25 to 29 years,F,Female,BR_L_W,Live births per woman,2009,,0.41884000000000005,,JPN,Japan,A,Normal value,0,Units,2,Two
DATAFLOW,OECD.CFE.EDS:DSD_REG_DEMO@DF_FERTILITY(2.4),Fertility - Regions,I,A,Annual,CTRY,Country,ESP,Spain,_Z,Not applicable,FERT_RATIO,Fertility rate,Y25T29,From 25 to 29 years,F,Female,BR_L_W,Live births per woman,2009,,0.31058,,ESP,Spain,A,Normal value,0,Units,2,Two
DATAFLOW,OECD.CFE.EDS:DSD_REG_DEMO@DF_FERTILITY(2.4),Fertility - Regions,I,A,Annual,CTRY,Country,FRA,France,_Z,Not applicable,FERT_RATIO,Fertility rate,Y25T29,From 25 to 29 years,F,Female,BR_L_W,Live births per woman,2009,,0.66646,,FRA,France,A,Normal value,0,Units,2,Two
DATAFLOW,OECD.CFE.EDS:DSD_REG_DEMO@DF_FERTILITY(2.4),Fertility - Regions,I,A,Annual,CTRY,Country,ITA,Italy,_Z,Not applicable,FERT_RATIO,Fertility rate,Y25T29,From 25 to 29 years,F,Female,BR_L_W,Live births per woman,2009,,0.37827999999999995,,ITA,Italy,A,Normal value,0,Units,2,Two
DATAFLOW,OECD.CFE.EDS:DSD_REG_DEMO@DF_FERTILITY(2.4),Fertility - Regions,I,A,Annual,CTRY,Country,ITA,Italy,_Z,Not applicable,FERT_RATIO,Fertility rate,Y25T29,From 25 to 29 years,F,Female,BR_L_W,Live births per woman,2010,,0.37699,,ITA,Italy,A,Normal value,0,Units,2,Two
DATAFLOW,OECD.CFE.EDS:DSD_REG_DEMO@DF_FERTILITY(2.4),Fertility - Regions,I,A,Annual,CTRY,Country,FRA,France,_Z,Not applicable,FERT_RATIO,Fertility rate,Y25T29,From 25 to 29 years,F,Female,BR_L_W,Live births per woman,2010,,0.66927,,FRA,France,A,Normal value,0,Units,2,Two
DATAFLOW,OECD.CFE.EDS:DSD_REG_DEMO@DF_FERTILITY(2.4),Fertility - Regions,I,A,Annual,CTRY,Country,ESP,Spain,_Z,Not applicable,FERT_RATIO,Fertility rate,Y25T29,From 25 to 29 years,F,Female,BR_L_W,Live births per woman,2010,,0.30408999999999997,,ESP,Spain,A,Normal value,0,Units,2,Two
DATAFLOW,OECD.CFE.EDS:DSD_REG_DEMO@DF_FERTILITY(2.4),Fertility - Regions,I,A,Annual,CTRY,Country,JPN,Japan,_Z,Not applicable,FERT_RATIO,Fertility rate,Y25T29,From 25 to 29 years,F,Female,BR_L_W,Live births per woman,2010,,0.42603,,JPN,Japan,A,Normal value,0,Units,2,Two
DATAFLOW,OECD.CFE.EDS:DSD_REG_DEMO@DF_FERTILITY(2.4),Fertility - Regions,I,A,Annual,CTRY,Country,KOR,Korea,_Z,Not applicable,FERT_RATIO,Fertility rate,Y25T29,From 25 to 29 years,F,Female,BR_L_W,Live births per woman,2010,,0.3985,,KOR,Korea,A,Normal value,0,Units,2,Two
DATAFLOW,OECD.CFE.EDS:DSD_REG_DEMO@DF_FERTILITY(2.4),Fertility - Regions,I,A,Annual,CTRY,Country,DEU,Germany,_Z,Not applicable,FERT_RATIO,Fertility rate,Y25T29,From 25 to 29 years,F,Female,BR_L_W,Live births per woman,2010,,0.40435,,DEU,Germany,A,Normal value,0,Units,2,Two
DATAFLOW,OECD.CFE.EDS:DSD_REG_DEMO@DF_FERTILITY(2.4),Fertility - Regions,I,A,Annual,CTRY,Country,DEU,Germany,_Z,Not applicable,FERT_RATIO,Fertility rate,Y25T29,From 25 to 29 years,F,Female,BR_L_W,Live births per woman,2011,,0.39049,,DEU,Germany,A,Normal value,0,Units,2,Two
DATAFLOW,OECD.CFE.EDS:DSD_REG_DEMO@DF_FERTILITY(2.4),Fertility - Regions,I,A,Annual,CTRY,Country,KOR,Korea,_Z,Not applicable,FERT_RATIO,Fertility rate,Y25T29,From 25 to 29 years,F,Female,BR_L_W,Live births per woman,2011,,0.392,,KOR,Korea,A,Normal value,0,Units,2,Two
DATAFLOW,OECD.CFE.EDS:DSD_REG_DEMO@DF_FERTILITY(2.4),Fertility - Regions,I,A,Annual,CTRY,Country,JPN,Japan,_Z,Not applicable,FERT_RATIO,Fertility rate,Y25T29,From 25 to 29 years,F,Female,BR_L_W,Live births per woman,2011,,0.42355,,JPN,Japan,A,Normal value,0,Units,2,Two
DATAFLOW,OECD.CFE.EDS:DSD_REG_DEMO@DF_FERTILITY(2.4),Fertility - Regions,I,A,Annual,CTRY,Country,ESP,Spain,_Z,Not applicable,FERT_RATIO,Fertility rate,Y25T29,From 25 to 29 years,F,Female,BR_L_W,Live births per woman,2011,,0.29317,,ESP,Spain,A,Normal value,0,Units,2,Two
DATAFLOW,OECD.CFE.EDS:DSD_REG_DEMO@DF_FERTILITY(2.4),Fertility - Regions,I,A,Annual,CTRY,Country,FRA,France,_Z,Not applicable,FERT_RATIO,Fertility rate,Y25T29,From 25 to 29 years,F,Female,BR_L_W,Live births per woman,2011,,0.6595500000000001,,FRA,France,A,Normal value,0,Units,2,Two
DATAFLOW,OECD.CFE.EDS:DSD_REG_DEMO@DF_FERTILITY(2.4),Fertility - Regions,I,A,Annual,CTRY,Country,ITA,Italy,_Z,Not applicable,FERT_RATIO,Fertility rate,Y25T29,From 25 to 29 years,F,Female,BR_L_W,Live births per woman,2011,,0.36637,,ITA,Italy,A,Normal value,0,Units,2,Two
DATAFLOW,OECD.CFE.EDS:DSD_REG_DEMO@DF_FERTILITY(2.4),Fertility - Regions,I,A,Annual,CTRY,Country,ITA,Italy,_Z,Not applicable,FERT_RATIO,Fertility rate,Y25T29,From 25 to 29 years,F,Female,BR_L_W,Live births per woman,2012,,0.36372000000000004,,ITA,Italy,A,Normal value,0,Units,2,Two
DATAFLOW,OECD.CFE.EDS:DSD_REG_DEMO@DF_FERTILITY(2.4),Fertility - Regions,I,A,Annual,CTRY,Country,FRA,France,_Z,Not applicable,FERT_RATIO,Fertility rate,Y25T29,From 25 to 29 years,F,Female,BR_L_W,Live births per woman,2012,,0.6536899999999999,,FRA,France,A,Normal value,0,Units,2,Two
DATAFLOW,OECD.CFE.EDS:DSD_REG_DEMO@DF_FERTILITY(2.4),Fertility - Regions,I,A,Annual,CTRY,Country,ESP,Spain,_Z,Not applicable,FERT_RATIO,Fertility rate,Y25T29,From 25 to 29 years,F,Female,BR_L_W,Live births per woman,2012,,0.28598,,ESP,Spain,A,Normal value,0,Units,2,Two
DATAFLOW,OECD.CFE.EDS:DSD_REG_DEMO@DF_FERTILITY(2.4),Fertility - Regions,I,A,Annual,CTRY,Country,JPN,Japan,_Z,Not applicable,FERT_RATIO,Fertility rate,Y25T29,From 25 to 29 years,F,Female,BR_L_W,Live births per woman,2012,,0.42337,,JPN,Japan,A,Normal value,0,Units,2,Two
DATAFLOW,OECD.CFE.EDS:DSD_REG_DEMO@DF_FERTILITY(2.4),Fertility - Regions,I,A,Annual,CTRY,Country,KOR,Korea,_Z,Not applicable,FERT_RATIO,Fertility rate,Y25T29,From 25 to 29 years,F,Female,BR_L_W,Live births per woman,2012,,0.387,,KOR,Korea,A,Normal value,0,Units,2,Two
DATAFLOW,OECD.CFE.EDS:DSD_REG_DEMO@DF_FERTILITY(2.4),Fertility - Regions,I,A,Annual,CTRY,Country,DEU,Germany,_Z,Not applicable,FERT_RATIO,Fertility rate,Y25T29,From 25 to 29 years,F,Female,BR_L_W,Live births per woman,2012,,0.40032,,DEU,Germany,A,Normal value,0,Units,2,Two
DATAFLOW,OECD.CFE.EDS:DSD_REG_DEMO@DF_FERTILITY(2.4),Fertility - Regions,I,A,Annual,CTRY,Country,DEU,Germany,_Z,Not applicable,FERT_RATIO,Fertility rate,Y25T29,From 25 to 29 years,F,Female,BR_L_W,Live births per woman,2013,,0.39634,,DEU,Germany,A,Normal value,0,Units,2,Two
DATAFLOW,OECD.CFE.EDS:DSD_REG_DEMO@DF_FERTILITY(2.4),Fertility - Regions,I,A,Annual,CTRY,Country,KOR,Korea,_Z,Not applicable,FERT_RATIO,Fertility rate,Y25T29,From 25 to 29 years,F,Female,BR_L_W,Live births per woman,2013,,0.3295,,KOR,Korea,A,Normal value,0,Units,2,Two
DATAFLOW,OECD.CFE.EDS:DSD_REG_DEMO@DF_FERTILITY(2.4),Fertility - Regions,I,A,Annual,CTRY,Country,JPN,Japan,_Z,Not applicable,FERT_RATIO,Fertility rate,Y25T29,From 25 to 29 years,F,Female,BR_L_W,Live births per woman,2013,,0.42045000000000005,,JPN,Japan,A,Normal value,0,Units,2,Two
DATAFLOW,OECD.CFE.EDS:DSD_REG_DEMO@DF_FERTILITY(2.4),Fertility - Regions,I,A,Annual,CTRY,Country,ESP,Spain,_Z,Not applicable,FERT_RATIO,Fertility rate,Y25T29,From 25 to 29 years,F,Female,BR_L_W,Live births per woman,2013,,0.27602,,ESP,Spain,A,Normal value,0,Units,2,Two
DATAFLOW,OECD.CFE.EDS:DSD_REG_DEMO@DF_FERTILITY(2.4),Fertility - Regions,I,A,Annual,CTRY,Country,FRA,France,_Z,Not applicable,FERT_RATIO,Fertility rate,Y25T29,From 25 to 29 years,F,Female,BR_L_W,Live births per woman,2013,,0.64556,,FRA,France,A,Normal value,0,Units,2,Two
DATAFLOW,OECD.CFE.EDS:DSD_REG_DEMO@DF_FERTILITY(2.4),Fertility - Regions,I,A,Annual,CTRY,Country,ITA,Italy,_Z,Not applicable,FERT_RATIO,Fertility rate,Y25T29,From 25 to 29 years,F,Female,BR_L_W,Live births per woman,2013,,0.35187,,ITA,Italy,A,Normal value,0,Units,2,Two
DATAFLOW,OECD.CFE.EDS:DSD_REG_DEMO@DF_FERTILITY(2.4),Fertility - Regions,I,A,Annual,CTRY,Country,ITA,Italy,_Z,Not applicable,FERT_RATIO,Fertility rate,Y25T29,From 25 to 29 years,F,Female,BR_L_W,Live births per woman,2014,,0.34487999999999996,,ITA,Italy,A,Normal value,0,Units,2,Two
DATAFLOW,OECD.CFE.EDS:DSD_REG_DEMO@DF_FERTILITY(2.4),Fertility - Regions,I,A,Annual,CTRY,Country,FRA,France,_Z,Not applicable,FERT_RATIO,Fertility rate,Y25T29,From 25 to 29 years,F,Female,BR_L_W,Live births per woman,2014,,0.6416,,FRA,France,A,Normal value,0,Units,2,Two
DATAFLOW,OECD.CFE.EDS:DSD_REG_DEMO@DF_FERTILITY(2.4),Fertility - Regions,I,A,Annual,CTRY,Country,ESP,Spain,_Z,Not applicable,FERT_RATIO,Fertility rate,Y25T29,From 25 to 29 years,F,Female,BR_L_W,Live births per woman,2014,,0.28629,,ESP,Spain,A,Normal value,0,Units,2,Two
DATAFLOW,OECD.CFE.EDS:DSD_REG_DEMO@DF_FERTILITY(2.4),Fertility - Regions,I,A,Annual,CTRY,Country,JPN,Japan,_Z,Not applicable,FERT_RATIO,Fertility rate,Y25T29,From 25 to 29 years,F,Female,BR_L_W,Live births per woman,2014,,0.40971,,JPN,Japan,A,Normal value,0,Units,2,Two
DATAFLOW,OECD.CFE.EDS:DSD_REG_DEMO@DF_FERTILITY(2.4),Fertility - Regions,I,A,Annual,CTRY,Country,KOR,Korea,_Z,Not applicable,FERT_RATIO,Fertility rate,Y25T29,From 25 to 29 years,F,Female,BR_L_W,Live births per woman,2014,,0.317,,KOR,Korea,A,Normal value,0,Units,2,Two
DATAFLOW,OECD.CFE.EDS:DSD_REG_DEMO@DF_FERTILITY(2.4),Fertility - Regions,I,A,Annual,CTRY,Country,DEU,Germany,_Z,Not applicable,FERT_RATIO,Fertility rate,Y25T29,From 25 to 29 years,F,Female,BR_L_W,Live births per woman,2014,,0.40826,,DEU,Germany,A,Normal value,0,Units,2,Two
DATAFLOW,OECD.CFE.EDS:DSD_REG_DEMO@DF_FERTILITY(2.4),Fertility - Regions,I,A,Annual,CTRY,Country,DEU,Germany,_Z,Not applicable,FERT_RATIO,Fertility rate,Y25T29,From 25 to 29 years,F,Female,BR_L_W,Live births per woman,2015,,0.41264999999999996,,DEU,Germany,A,Normal value,0,Units,2,Two
DATAFLOW,OECD.CFE.EDS:DSD_REG_DEMO@DF_FERTILITY(2.4),Fertility - Regions,I,A,Annual,CTRY,Country,KOR,Korea,_Z,Not applicable,FERT_RATIO,Fertility rate,Y25T29,From 25 to 29 years,F,Female,BR_L_W,Live births per woman,2015,,0.3155,,KOR,Korea,A,Normal value,0,Units,2,Two
DATAFLOW,OECD.CFE.EDS:DSD_REG_DEMO@DF_FERTILITY(2.4),Fertility - Regions,I,A,Annual,CTRY,Country,JPN,Japan,_Z,Not applicable,FERT_RATIO,Fertility rate,Y25T29,From 25 to 29 years,F,Female,BR_L_W,Live births per woman,2015,,0.41762,,JPN,Japan,A,Normal value,0,Units,2,Two
DATAFLOW,OECD.CFE.EDS:DSD_REG_DEMO@DF_FERTILITY(2.4),Fertility - Regions,I,A,Annual,CTRY,Country,ESP,Spain,_Z,Not applicable,FERT_RATIO,Fertility rate,Y25T29,From 25 to 29 years,F,Female,BR_L_W,Live births per woman,2015,,0.28495,,ESP,Spain,A,Normal value,0,Units,2,Two
DATAFLOW,OECD.CFE.EDS:DSD_REG_DEMO@DF_FERTILITY(2.4),Fertility - Regions,I,A,Annual,CTRY,Country,FRA,France,_Z,Not applicable,FERT_RATIO,Fertility rate,Y25T29,From 25 to 29 years,F,Female,BR_L_W,Live births per woman,2015,,0.6215200000000001,,FRA,France,A,Normal value,0,Units,2,Two
DATAFLOW,OECD.CFE.EDS:DSD_REG_DEMO@DF_FERTILITY(2.4),Fertility - Regions,I,A,Annual,CTRY,Country,ITA,Italy,_Z,Not applicable,FERT_RATIO,Fertility rate,Y25T29,From 25 to 29 years,F,Female,BR_L_W,Live births per woman,2015,,0.33587,,ITA,Italy,A,Normal value,0,Units,2,Two
DATAFLOW,OECD.CFE.EDS:DSD_REG_DEMO@DF_FERTILITY(2.4),Fertility - Regions,I,A,Annual,CTRY,Country,ITA,Italy,_Z,Not applicable,FERT_RATIO,Fertility rate,Y25T29,From 25 to 29 years,F,Female,BR_L_W,Live births per woman,2016,,0.32992,,ITA,Italy,A,Normal value,0,Units,2,Two
DATAFLOW,OECD.CFE.EDS:DSD_REG_DEMO@DF_FERTILITY(2.4),Fertility - Regions,I,A,Annual,CTRY,Country,FRA,France,_Z,Not applicable,FERT_RATIO,Fertility rate,Y25T29,From 25 to 29 years,F,Female,BR_L_W,Live births per woman,2016,,0.60456,,FRA,France,A,Normal value,0,Units,2,Two
DATAFLOW,OECD.CFE.EDS:DSD_REG_DEMO@DF_FERTILITY(2.4),Fertility - Regions,I,A,Annual,CTRY,Country,ESP,Spain,_Z,Not applicable,FERT_RATIO,Fertility rate,Y25T29,From 25 to 29 years,F,Female,BR_L_W,Live births per woman,2016,,0.2832,,ESP,Spain,A,Normal value,0,Units,2,Two
DATAFLOW,OECD.CFE.EDS:DSD_REG_DEMO@DF_FERTILITY(2.4),Fertility - Regions,I,A,Annual,CTRY,Country,JPN,Japan,_Z,Not applicable,FERT_RATIO,Fertility rate,Y25T29,From 25 to 29 years,F,Female,BR_L_W,Live births per woman,2016,,0.40102,,JPN,Japan,A,Normal value,0,Units,2,Two
DATAFLOW,OECD.CFE.EDS:DSD_REG_DEMO@DF_FERTILITY(2.4),Fertility - Regions,I,A,Annual,CTRY,Country,KOR,Korea,_Z,Not applicable,FERT_RATIO,Fertility rate,Y25T29,From 25 to 29 years,F,Female,BR_L_W,Live births per woman,2016,,0.2819999999999999,,KOR,Korea,A,Normal value,0,Units,2,Two
DATAFLOW,OECD.CFE.EDS:DSD_REG_DEMO@DF_FERTILITY(2.4),Fertility - Regions,I,A,Annual,CTRY,Country,DEU,Germany,_Z,Not applicable,FERT_RATIO,Fertility rate,Y25T29,From 25 to 29 years,F,Female,BR_L_W,Live births per woman,2016,,0.43418999999999996,,DEU,Germany,A,Normal value,0,Units,2,Two
DATAFLOW,OECD.CFE.EDS:DSD_REG_DEMO@DF_FERTILITY(2.4),Fertility - Regions,I,A,Annual,CTRY,Country,DEU,Germany,_Z,Not applicable,FERT_RATIO,Fertility rate,Y25T29,From 25 to 29 years,F,Female,BR_L_W,Live births per woman,2017,,0.42443000000000003,,DEU,Germany,A,Normal value,0,Units,2,Two
DATAFLOW,OECD.CFE.EDS:DSD_REG_DEMO@DF_FERTILITY(2.4),Fertility - Regions,I,A,Annual,CTRY,Country,KOR,Korea,_Z,Not applicable,FERT_RATIO,Fertility rate,Y25T29,From 25 to 29 years,F,Female,BR_L_W,Live births per woman,2017,,0.2395,,KOR,Korea,A,Normal value,0,Units,2,Two
DATAFLOW,OECD.CFE.EDS:DSD_REG_DEMO@DF_FERTILITY(2.4),Fertility - Regions,I,A,Annual,CTRY,Country,JPN,Japan,_Z,Not applicable,FERT_RATIO,Fertility rate,Y25T29,From 25 to 29 years,F,Female,BR_L_W,Live births per woman,2017,,0.39295,,JPN,Japan,A,Normal value,0,Units,2,Two
DATAFLOW,OECD.CFE.EDS:DSD_REG_DEMO@DF_FERTILITY(2.4),Fertility - Regions,I,A,Annual,CTRY,Country,ESP,Spain,_Z,Not applicable,FERT_RATIO,Fertility rate,Y25T29,From 25 to 29 years,F,Female,BR_L_W,Live births per woman,2017,,0.27161,,ESP,Spain,A,Normal value,0,Units,2,Two
DATAFLOW,OECD.CFE.EDS:DSD_REG_DEMO@DF_FERTILITY(2.4),Fertility - Regions,I,A,Annual,CTRY,Country,FRA,France,_Z,Not applicable,FERT_RATIO,Fertility rate,Y25T29,From 25 to 29 years,F,Female,BR_L_W,Live births per woman,2017,,0.58879,,FRA,France,A,Normal value,0,Units,2,Two
DATAFLOW,OECD.CFE.EDS:DSD_REG_DEMO@DF_FERTILITY(2.4),Fertility - Regions,I,A,Annual,CTRY,Country,ITA,Italy,_Z,Not applicable,FERT_RATIO,Fertility rate,Y25T29,From 25 to 29 years,F,Female,BR_L_W,Live births per woman,2017,,0.32277,,ITA,Italy,A,Normal value,0,Units,2,Two
DATAFLOW,OECD.CFE.EDS:DSD_REG_DEMO@DF_FERTILITY(2.4),Fertility - Regions,I,A,Annual,CTRY,Country,ITA,Italy,_Z,Not applicable,FERT_RATIO,Fertility rate,Y25T29,From 25 to 29 years,F,Female,BR_L_W,Live births per woman,2018,,0.30857,,ITA,Italy,A,Normal value,0,Units,2,Two
DATAFLOW,OECD.CFE.EDS:DSD_REG_DEMO@DF_FERTILITY(2.4),Fertility - Regions,I,A,Annual,CTRY,Country,FRA,France,_Z,Not applicable,FERT_RATIO,Fertility rate,Y25T29,From 25 to 29 years,F,Female,BR_L_W,Live births per woman,2018,,0.5743400000000001,,FRA,France,A,Normal value,0,Units,2,Two
DATAFLOW,OECD.CFE.EDS:DSD_REG_DEMO@DF_FERTILITY(2.4),Fertility - Regions,I,A,Annual,CTRY,Country,ESP,Spain,_Z,Not applicable,FERT_RATIO,Fertility rate,Y25T29,From 25 to 29 years,F,Female,BR_L_W,Live births per woman,2018,,0.2571,,ESP,Spain,A,Normal value,0,Units,2,Two
DATAFLOW,OECD.CFE.EDS:DSD_REG_DEMO@DF_FERTILITY(2.4),Fertility - Regions,I,A,Annual,CTRY,Country,JPN,Japan,_Z,Not applicable,FERT_RATIO,Fertility rate,Y25T29,From 25 to 29 years,F,Female,BR_L_W,Live births per woman,2018,,0.38586000000000004,,JPN,Japan,A,Normal value,0,Units,2,Two
DATAFLOW,OECD.CFE.EDS:DSD_REG_DEMO@DF_FERTILITY(2.4),Fertility - Regions,I,A,Annual,CTRY,Country,KOR,Korea,_Z,Not applicable,FERT_RATIO,Fertility rate,Y25T29,From 25 to 29 years,F,Female,BR_L_W,Live births per woman,2018,,0.205,,KOR,Korea,A,Normal value,0,Units,2,Two
DATAFLOW,OECD.CFE.EDS:DSD_REG_DEMO@DF_FERTILITY(2.4),Fertility - Regions,I,A,Annual,CTRY,Country,DEU,Germany,_Z,Not applicable,FERT_RATIO,Fertility rate,Y25T29,From 25 to 29 years,F,Female,BR_L_W,Live births per woman,2018,,0.41695000000000004,,DEU,Germany,A,Normal value,0,Units,2,Two
DATAFLOW,OECD.CFE.EDS:DSD_REG_DEMO@DF_FERTILITY(2.4),Fertility - Regions,I,A,Annual,CTRY,Country,DEU,Germany,_Z,Not applicable,FERT_RATIO,Fertility rate,Y25T29,From 25 to 29 years,F,Female,BR_L_W,Live births per woman,2019,,0.40636000000000005,,DEU,Germany,A,Normal value,0,Units,2,Two
DATAFLOW,OECD.CFE.EDS:DSD_REG_DEMO@DF_FERTILITY(2.4),Fertility - Regions,I,A,Annual,CTRY,Country,KOR,Korea,_Z,Not applicable,FERT_RATIO,Fertility rate,Y25T29,From 25 to 29 years,F,Female,BR_L_W,Live births per woman,2019,,0.17849999999999996,,KOR,Korea,A,Normal value,0,Units,2,Two
DATAFLOW,OECD.CFE.EDS:DSD_REG_DEMO@DF_FERTILITY(2.4),Fertility - Regions,I,A,Annual,CTRY,Country,JPN,Japan,_Z,Not applicable,FERT_RATIO,Fertility rate,Y25T29,From 25 to 29 years,F,Female,BR_L_W,Live births per woman,2019,,0.36518,,JPN,Japan,A,Normal value,0,Units,2,Two
DATAFLOW,OECD.CFE.EDS:DSD_REG_DEMO@DF_FERTILITY(2.4),Fertility - Regions,I,A,Annual,CTRY,Country,ESP,Spain,_Z,Not applicable,FERT_RATIO,Fertility rate,Y25T29,From 25 to 29 years,F,Female,BR_L_W,Live births per woman,2019,,0.24753000000000003,,ESP,Spain,A,Normal value,0,Units,2,Two
DATAFLOW,OECD.CFE.EDS:DSD_REG_DEMO@DF_FERTILITY(2.4),Fertility - Regions,I,A,Annual,CTRY,Country,FRA,France,_Z,Not applicable,FERT_RATIO,Fertility rate,Y25T29,From 25 to 29 years,F,Female,BR_L_W,Live births per woman,2019,,0.5671299999999999,,FRA,France,A,Normal value,0,Units,2,Two
DATAFLOW,OECD.CFE.EDS:DSD_REG_DEMO@DF_FERTILITY(2.4),Fertility - Regions,I,A,Annual,CTRY,Country,ITA,Italy,_Z,Not applicable,FERT_RATIO,Fertility rate,Y25T29,From 25 to 29 years,F,Female,BR_L_W,Live births per woman,2019,,0.30061,,ITA,Italy,A,Normal value,0,Units,2,Two
DATAFLOW,OECD.CFE.EDS:DSD_REG_DEMO@DF_FERTILITY(2.4),Fertility - Regions,I,A,Annual,CTRY,Country,ITA,Italy,_Z,Not applicable,FERT_RATIO,Fertility rate,Y25T29,From 25 to 29 years,F,Female,BR_L_W,Live births per woman,2020,,0.29181999999999997,,ITA,Italy,A,Normal value,0,Units,2,Two
DATAFLOW,OECD.CFE.EDS:DSD_REG_DEMO@DF_FERTILITY(2.4),Fertility - Regions,I,A,Annual,CTRY,Country,FRA,France,_Z,Not applicable,FERT_RATIO,Fertility rate,Y25T29,From 25 to 29 years,F,Female,BR_L_W,Live births per woman,2020,,0.55489,,FRA,France,A,Normal value,0,Units,2,Two
DATAFLOW,OECD.CFE.EDS:DSD_REG_DEMO@DF_FERTILITY(2.4),Fertility - Regions,I,A,Annual,CTRY,Country,ESP,Spain,_Z,Not applicable,FERT_RATIO,Fertility rate,Y25T29,From 25 to 29 years,F,Female,BR_L_W,Live births per woman,2020,,0.23731999999999998,,ESP,Spain,A,Normal value,0,Units,2,Two
DATAFLOW,OECD.CFE.EDS:DSD_REG_DEMO@DF_FERTILITY(2.4),Fertility - Regions,I,A,Annual,CTRY,Country,JPN,Japan,_Z,Not applicable,FERT_RATIO,Fertility rate,Y25T29,From 25 to 29 years,F,Female,BR_L_W,Live births per woman,2020,,0.35073000000000004,,JPN,Japan,A,Normal value,0,Units,2,Two
DATAFLOW,OECD.CFE.EDS:DSD_REG_DEMO@DF_FERTILITY(2.4),Fertility - Regions,I,A,Annual,CTRY,Country,KOR,Korea,_Z,Not applicable,FERT_RATIO,Fertility rate,Y25T29,From 25 to 29 years,F,Female,BR_L_W,Live births per woman,2020,,0.153,,KOR,Korea,A,Normal value,0,Units,2,Two
DATAFLOW,OECD.CFE.EDS:DSD_REG_DEMO@DF_FERTILITY(2.4),Fertility - Regions,I,A,Annual,CTRY,Country,DEU,Germany,_Z,Not applicable,FERT_RATIO,Fertility rate,Y25T29,From 25 to 29 years,F,Female,BR_L_W,Live births per woman,2020,,0.40325,,DEU,Germany,A,Normal value,0,Units,2,Two
DATAFLOW,OECD.CFE.EDS:DSD_REG_DEMO@DF_FERTILITY(2.4),Fertility - Regions,I,A,Annual,CTRY,Country,KOR,Korea,_Z,Not applicable,FERT_RATIO,Fertility rate,Y25T29,From 25 to 29 years,F,Female,BR_L_W,Live births per woman,2021,,0.13750000000000004,,KOR,Korea,A,Normal value,0,Units,2,Two
DATAFLOW,OECD.CFE.EDS:DSD_REG_DEMO@DF_FERTILITY(2.4),Fertility - Regions,I,A,Annual,CTRY,Country,JPN,Japan,_Z,Not applicable,FERT_RATIO,Fertility rate,Y25T29,From 25 to 29 years,F,Female,BR_L_W,Live births per woman,2021,,0.33908000000000005,,JPN,Japan,A,Normal value,0,Units,2,Two
DATAFLOW,OECD.CFE.EDS:DSD_REG_DEMO@DF_FERTILITY(2.4),Fertility - Regions,I,A,Annual,CTRY,Country,ESP,Spain,_Z,Not applicable,FERT_RATIO,Fertility rate,Y25T29,From 25 to 29 years,F,Female,BR_L_W,Live births per woman,2021,,0.22681,,ESP,Spain,A,Normal value,0,Units,2,Two
DATAFLOW,OECD.CFE.EDS:DSD_REG_DEMO@DF_FERTILITY(2.4),Fertility - Regions,I,A,Annual,CTRY,Country,FRA,France,_Z,Not applicable,FERT_RATIO,Fertility rate,Y25T29,From 25 to 29 years,F,Female,BR_L_W,Live births per woman,2021,,0.54862,,FRA,France,A,Normal value,0,Units,2,Two
DATAFLOW,OECD.CFE.EDS:DSD_REG_DEMO@DF_FERTILITY(2.4),Fertility - Regions,I,A,Annual,CTRY,Country,ITA,Italy,_Z,Not applicable,FERT_RATIO,Fertility rate,Y25T29,From 25 to 29 years,F,Female,BR_L_W,Live births per woman,2021,,0.28376,,ITA,Italy,A,Normal value,0,Units,2,Two
DATAFLOW,OECD.CFE.EDS:DSD_REG_DEMO@DF_FERTILITY(2.4),Fertility - Regions,I,A,Annual,CTRY,Country,ITA,Italy,_Z,Not applicable,FERT_RATIO,Fertility rate,Y25T29,From 25 to 29 years,F,Female,BR_L_W,Live births per woman,2022,,0.28162000000000004,,ITA,Italy,A,Normal value,0,Units,2,Two
DATAFLOW,OECD.CFE.EDS:DSD_REG_DEMO@DF_FERTILITY(2.4),Fertility - Regions,I,A,Annual,CTRY,Country,FRA,France,_Z,Not applicable,FERT_RATIO,Fertility rate,Y25T29,From 25 to 29 years,F,Female,BR_L_W,Live births per woman,2022,,0.53064,,FRA,France,A,Normal value,0,Units,2,Two
DATAFLOW,OECD.CFE.EDS:DSD_REG_DEMO@DF_FERTILITY(2.4),Fertility - Regions,I,A,Annual,CTRY,Country,ESP,Spain,_Z,Not applicable,FERT_RATIO,Fertility rate,Y25T29,From 25 to 29 years,F,Female,BR_L_W,Live births per woman,2022,,0.22221000000000002,,ESP,Spain,A,Normal value,0,Units,2,Two
DATAFLOW,OECD.CFE.EDS:DSD_REG_DEMO@DF_FERTILITY(2.4),Fertility - Regions,I,A,Annual,CTRY,Country,DEU,Germany,_Z,Not applicable,FERT_RATIO,Fertility rate,Y25T29,From 25 to 29 years,F,Female,BR_L_W,Live births per woman,2022,,0.38239999999999996,,DEU,Germany,A,Normal value,0,Units,2,Two
DATAFLOW,OECD.CFE.EDS:DSD_REG_DEMO@DF_FERTILITY(2.4),Fertility - Regions,I,A,Annual,CTRY,Country,KOR,Korea,_Z,Not applicable,FERT_RATIO,Fertility rate,Y30T34,From 30 to 34 years,F,Female,BR_L_W,Live births per woman,2000,,0.4205,,KOR,Korea,A,Normal value,0,Units,2,Two
DATAFLOW,OECD.CFE.EDS:DSD_REG_DEMO@DF_FERTILITY(2.4),Fertility - Regions,I,A,Annual,CTRY,Country,FRA,France,_Z,Not applicable,FERT_RATIO,Fertility rate,Y30T34,From 30 to 34 years,F,Female,BR_L_W,Live births per woman,2000,,0.5480200000000001,,FRA,France,A,Normal value,0,Units,2,Two
DATAFLOW,OECD.CFE.EDS:DSD_REG_DEMO@DF_FERTILITY(2.4),Fertility - Regions,I,A,Annual,CTRY,Country,DEU,Germany,_Z,Not applicable,FERT_RATIO,Fertility rate,Y30T34,From 30 to 34 years,F,Female,BR_L_W,Live births per woman,2000,,0.39464,,DEU,Germany,A,Normal value,0,Units,2,Two
DATAFLOW,OECD.CFE.EDS:DSD_REG_DEMO@DF_FERTILITY(2.4),Fertility - Regions,I,A,Annual,CTRY,Country,ITA,Italy,_Z,Not applicable,FERT_RATIO,Fertility rate,Y30T34,From 30 to 34 years,F,Female,BR_L_W,Live births per woman,2000,,0.42798,,ITA,Italy,A,Normal value,0,Units,2,Two
DATAFLOW,OECD.CFE.EDS:DSD_REG_DEMO@DF_FERTILITY(2.4),Fertility - Regions,I,A,Annual,CTRY,Country,ESP,Spain,_Z,Not applicable,FERT_RATIO,Fertility rate,Y30T34,From 30 to 34 years,F,Female,BR_L_W,Live births per woman,2000,,0.4711,,ESP,Spain,A,Normal value,0,Units,2,Two
DATAFLOW,OECD.CFE.EDS:DSD_REG_DEMO@DF_FERTILITY(2.4),Fertility - Regions,I,A,Annual,CTRY,Country,ESP,Spain,_Z,Not applicable,FERT_RATIO,Fertility rate,Y30T34,From 30 to 34 years,F,Female,BR_L_W,Live births per woman,2001,,0.47299,,ESP,Spain,A,Normal value,0,Units,2,Two
DATAFLOW,OECD.CFE.EDS:DSD_REG_DEMO@DF_FERTILITY(2.4),Fertility - Regions,I,A,Annual,CTRY,Country,ITA,Italy,_Z,Not applicable,FERT_RATIO,Fertility rate,Y30T34,From 30 to 34 years,F,Female,BR_L_W,Live births per woman,2001,,0.42478000000000005,,ITA,Italy,A,Normal value,0,Units,2,Two
DATAFLOW,OECD.CFE.EDS:DSD_REG_DEMO@DF_FERTILITY(2.4),Fertility - Regions,I,A,Annual,CTRY,Country,DEU,Germany,_Z,Not applicable,FERT_RATIO,Fertility rate,Y30T34,From 30 to 34 years,F,Female,BR_L_W,Live births per woman,2001,,0.38791000000000003,,DEU,Germany,A,Normal value,0,Units,2,Two
DATAFLOW,OECD.CFE.EDS:DSD_REG_DEMO@DF_FERTILITY(2.4),Fertility - Regions,I,A,Annual,CTRY,Country,FRA,France,_Z,Not applicable,FERT_RATIO,Fertility rate,Y30T34,From 30 to 34 years,F,Female,BR_L_W,Live births per woman,2001,,0.55004,,FRA,France,A,Normal value,0,Units,2,Two
DATAFLOW,OECD.CFE.EDS:DSD_REG_DEMO@DF_FERTILITY(2.4),Fertility - Regions,I,A,Annual,CTRY,Country,KOR,Korea,_Z,Not applicable,FERT_RATIO,Fertility rate,Y30T34,From 30 to 34 years,F,Female,BR_L_W,Live births per woman,2001,,0.39050000000000007,,KOR,Korea,A,Normal value,0,Units,2,Two
DATAFLOW,OECD.CFE.EDS:DSD_REG_DEMO@DF_FERTILITY(2.4),Fertility - Regions,I,A,Annual,CTRY,Country,KOR,Korea,_Z,Not applicable,FERT_RATIO,Fertility rate,Y30T34,From 30 to 34 years,F,Female,BR_L_W,Live births per woman,2002,,0.375,,KOR,Korea,A,Normal value,0,Units,2,Two
DATAFLOW,OECD.CFE.EDS:DSD_REG_DEMO@DF_FERTILITY(2.4),Fertility - Regions,I,A,Annual,CTRY,Country,FRA,France,_Z,Not applicable,FERT_RATIO,Fertility rate,Y30T34,From 30 to 34 years,F,Female,BR_L_W,Live births per woman,2002,,0.55003,,FRA,France,A,Normal value,0,Units,2,Two
DATAFLOW,OECD.CFE.EDS:DSD_REG_DEMO@DF_FERTILITY(2.4),Fertility - Regions,I,A,Annual,CTRY,Country,DEU,Germany,_Z,Not applicable,FERT_RATIO,Fertility rate,Y30T34,From 30 to 34 years,F,Female,BR_L_W,Live births per woman,2002,,0.39263000000000003,,DEU,Germany,A,Normal value,0,Units,2,Two
DATAFLOW,OECD.CFE.EDS:DSD_REG_DEMO@DF_FERTILITY(2.4),Fertility - Regions,I,A,Annual,CTRY,Country,ITA,Italy,_Z,Not applicable,FERT_RATIO,Fertility rate,Y30T34,From 30 to 34 years,F,Female,BR_L_W,Live births per woman,2002,,0.4364,,ITA,Italy,A,Normal value,0,Units,2,Two
DATAFLOW,OECD.CFE.EDS:DSD_REG_DEMO@DF_FERTILITY(2.4),Fertility - Regions,I,A,Annual,CTRY,Country,ESP,Spain,_Z,Not applicable,FERT_RATIO,Fertility rate,Y30T34,From 30 to 34 years,F,Female,BR_L_W,Live births per woman,2002,,0.47772000000000003,,ESP,Spain,A,Normal value,0,Units,2,Two
DATAFLOW,OECD.CFE.EDS:DSD_REG_DEMO@DF_FERTILITY(2.4),Fertility - Regions,I,A,Annual,CTRY,Country,ESP,Spain,_Z,Not applicable,FERT_RATIO,Fertility rate,Y30T34,From 30 to 34 years,F,Female,BR_L_W,Live births per woman,2003,,0.49124,,ESP,Spain,A,Normal value,0,Units,2,Two
DATAFLOW,OECD.CFE.EDS:DSD_REG_DEMO@DF_FERTILITY(2.4),Fertility - Regions,I,A,Annual,CTRY,Country,ITA,Italy,_Z,Not applicable,FERT_RATIO,Fertility rate,Y30T34,From 30 to 34 years,F,Female,BR_L_W,Live births per woman,2003,,0.44672,,ITA,Italy,A,Normal value,0,Units,2,Two
DATAFLOW,OECD.CFE.EDS:DSD_REG_DEMO@DF_FERTILITY(2.4),Fertility - Regions,I,A,Annual,CTRY,Country,DEU,Germany,_Z,Not applicable,FERT_RATIO,Fertility rate,Y30T34,From 30 to 34 years,F,Female,BR_L_W,Live births per woman,2003,,0.39737,,DEU,Germany,A,Normal value,0,Units,2,Two
DATAFLOW,OECD.CFE.EDS:DSD_REG_DEMO@DF_FERTILITY(2.4),Fertility - Regions,I,A,Annual,CTRY,Country,FRA,France,_Z,Not applicable,FERT_RATIO,Fertility rate,Y30T34,From 30 to 34 years,F,Female,BR_L_W,Live births per woman,2003,,0.56071,,FRA,France,A,Normal value,0,Units,2,Two
DATAFLOW,OECD.CFE.EDS:DSD_REG_DEMO@DF_FERTILITY(2.4),Fertility - Regions,I,A,Annual,CTRY,Country,KOR,Korea,_Z,Not applicable,FERT_RATIO,Fertility rate,Y30T34,From 30 to 34 years,F,Female,BR_L_W,Live births per woman,2003,,0.3985,,KOR,Korea,A,Normal value,0,Units,2,Two
DATAFLOW,OECD.CFE.EDS:DSD_REG_DEMO@DF_FERTILITY(2.4),Fertility - Regions,I,A,Annual,CTRY,Country,KOR,Korea,_Z,Not applicable,FERT_RATIO,Fertility rate,Y30T34,From 30 to 34 years,F,Female,BR_L_W,Live births per woman,2004,,0.4185,,KOR,Korea,A,Normal value,0,Units,2,Two
DATAFLOW,OECD.CFE.EDS:DSD_REG_DEMO@DF_FERTILITY(2.4),Fertility - Regions,I,A,Annual,CTRY,Country,FRA,France,_Z,Not applicable,FERT_RATIO,Fertility rate,Y30T34,From 30 to 34 years,F,Female,BR_L_W,Live births per woman,2004,,0.5713400000000001,,FRA,France,A,Normal value,0,Units,2,Two
DATAFLOW,OECD.CFE.EDS:DSD_REG_DEMO@DF_FERTILITY(2.4),Fertility - Regions,I,A,Annual,CTRY,Country,DEU,Germany,_Z,Not applicable,FERT_RATIO,Fertility rate,Y30T34,From 30 to 34 years,F,Female,BR_L_W,Live births per woman,2004,,0.41272000000000003,,DEU,Germany,A,Normal value,0,Units,2,Two
DATAFLOW,OECD.CFE.EDS:DSD_REG_DEMO@DF_FERTILITY(2.4),Fertility - Regions,I,A,Annual,CTRY,Country,ITA,Italy,_Z,Not applicable,FERT_RATIO,Fertility rate,Y30T34,From 30 to 34 years,F,Female,BR_L_W,Live births per woman,2004,,0.46032,,ITA,Italy,A,Normal value,0,Units,2,Two
DATAFLOW,OECD.CFE.EDS:DSD_REG_DEMO@DF_FERTILITY(2.4),Fertility - Regions,I,A,Annual,CTRY,Country,ESP,Spain,_Z,Not applicable,FERT_RATIO,Fertility rate,Y30T34,From 30 to 34 years,F,Female,BR_L_W,Live births per woman,2004,,0.49429,,ESP,Spain,A,Normal value,0,Units,2,Two
DATAFLOW,OECD.CFE.EDS:DSD_REG_DEMO@DF_FERTILITY(2.4),Fertility - Regions,I,A,Annual,CTRY,Country,ESP,Spain,_Z,Not applicable,FERT_RATIO,Fertility rate,Y30T34,From 30 to 34 years,F,Female,BR_L_W,Live births per woman,2005,,0.49679,,ESP,Spain,A,Normal value,0,Units,2,Two
DATAFLOW,OECD.CFE.EDS:DSD_REG_DEMO@DF_FERTILITY(2.4),Fertility - Regions,I,A,Annual,CTRY,Country,ITA,Italy,_Z,Not applicable,FERT_RATIO,Fertility rate,Y30T34,From 30 to 34 years,F,Female,BR_L_W,Live births per woman,2005,,0.45465,,ITA,Italy,A,Normal value,0,Units,2,Two
DATAFLOW,OECD.CFE.EDS:DSD_REG_DEMO@DF_FERTILITY(2.4),Fertility - Regions,I,A,Annual,CTRY,Country,DEU,Germany,_Z,Not applicable,FERT_RATIO,Fertility rate,Y30T34,From 30 to 34 years,F,Female,BR_L_W,Live births per woman,2005,,0.41463,,DEU,Germany,A,Normal value,0,Units,2,Two
DATAFLOW,OECD.CFE.EDS:DSD_REG_DEMO@DF_FERTILITY(2.4),Fertility - Regions,I,A,Annual,CTRY,Country,FRA,France,_Z,Not applicable,FERT_RATIO,Fertility rate,Y30T34,From 30 to 34 years,F,Female,BR_L_W,Live births per woman,2005,,0.5895300000000001,,FRA,France,A,Normal value,0,Units,2,Two
DATAFLOW,OECD.CFE.EDS:DSD_REG_DEMO@DF_FERTILITY(2.4),Fertility - Regions,I,A,Annual,CTRY,Country,KOR,Korea,_Z,Not applicable,FERT_RATIO,Fertility rate,Y30T34,From 30 to 34 years,F,Female,BR_L_W,Live births per woman,2005,,0.4105,,KOR,Korea,A,Normal value,0,Units,2,Two
DATAFLOW,OECD.CFE.EDS:DSD_REG_DEMO@DF_FERTILITY(2.4),Fertility - Regions,I,A,Annual,CTRY,Country,KOR,Korea,_Z,Not applicable,FERT_RATIO,Fertility rate,Y30T34,From 30 to 34 years,F,Female,BR_L_W,Live births per woman,2006,,0.45,,KOR,Korea,A,Normal value,0,Units,2,Two
DATAFLOW,OECD.CFE.EDS:DSD_REG_DEMO@DF_FERTILITY(2.4),Fertility - Regions,I,A,Annual,CTRY,Country,FRA,France,_Z,Not applicable,FERT_RATIO,Fertility rate,Y30T34,From 30 to 34 years,F,Female,BR_L_W,Live births per woman,2006,,0.60988,,FRA,France,A,Normal value,0,Units,2,Two
DATAFLOW,OECD.CFE.EDS:DSD_REG_DEMO@DF_FERTILITY(2.4),Fertility - Regions,I,A,Annual,CTRY,Country,DEU,Germany,_Z,Not applicable,FERT_RATIO,Fertility rate,Y30T34,From 30 to 34 years,F,Female,BR_L_W,Live births per woman,2006,,0.41552,,DEU,Germany,A,Normal value,0,Units,2,Two
DATAFLOW,OECD.CFE.EDS:DSD_REG_DEMO@DF_FERTILITY(2.4),Fertility - Regions,I,A,Annual,CTRY,Country,ITA,Italy,_Z,Not applicable,FERT_RATIO,Fertility rate,Y30T34,From 30 to 34 years,F,Female,BR_L_W,Live births per woman,2006,,0.46643,,ITA,Italy,A,Normal value,0,Units,2,Two
DATAFLOW,OECD.CFE.EDS:DSD_REG_DEMO@DF_FERTILITY(2.4),Fertility - Regions,I,A,Annual,CTRY,Country,ESP,Spain,_Z,Not applicable,FERT_RATIO,Fertility rate,Y30T34,From 30 to 34 years,F,Female,BR_L_W,Live births per woman,2006,,0.49591,,ESP,Spain,A,Normal value,0,Units,2,Two
DATAFLOW,OECD.CFE.EDS:DSD_REG_DEMO@DF_FERTILITY(2.4),Fertility - Regions,I,A,Annual,CTRY,Country,ESP,Spain,_Z,Not applicable,FERT_RATIO,Fertility rate,Y30T34,From 30 to 34 years,F,Female,BR_L_W,Live births per woman,2007,,0.48547999999999997,,ESP,Spain,A,Normal value,0,Units,2,Two
DATAFLOW,OECD.CFE.EDS:DSD_REG_DEMO@DF_FERTILITY(2.4),Fertility - Regions,I,A,Annual,CTRY,Country,ITA,Italy,_Z,Not applicable,FERT_RATIO,Fertility rate,Y30T34,From 30 to 34 years,F,Female,BR_L_W,Live births per woman,2007,,0.47361999999999993,,ITA,Italy,A,Normal value,0,Units,2,Two
DATAFLOW,OECD.CFE.EDS:DSD_REG_DEMO@DF_FERTILITY(2.4),Fertility - Regions,I,A,Annual,CTRY,Country,DEU,Germany,_Z,Not applicable,FERT_RATIO,Fertility rate,Y30T34,From 30 to 34 years,F,Female,BR_L_W,Live births per woman,2007,,0.43898,,DEU,Germany,A,Normal value,0,Units,2,Two
DATAFLOW,OECD.CFE.EDS:DSD_REG_DEMO@DF_FERTILITY(2.4),Fertility - Regions,I,A,Annual,CTRY,Country,FRA,France,_Z,Not applicable,FERT_RATIO,Fertility rate,Y30T34,From 30 to 34 years,F,Female,BR_L_W,Live births per woman,2007,,0.60651,,FRA,France,A,Normal value,0,Units,2,Two
DATAFLOW,OECD.CFE.EDS:DSD_REG_DEMO@DF_FERTILITY(2.4),Fertility - Regions,I,A,Annual,CTRY,Country,KOR,Korea,_Z,Not applicable,FERT_RATIO,Fertility rate,Y30T34,From 30 to 34 years,F,Female,BR_L_W,Live births per woman,2007,,0.51,,KOR,Korea,A,Normal value,0,Units,2,Two
DATAFLOW,OECD.CFE.EDS:DSD_REG_DEMO@DF_FERTILITY(2.4),Fertility - Regions,I,A,Annual,CTRY,Country,KOR,Korea,_Z,Not applicable,FERT_RATIO,Fertility rate,Y30T34,From 30 to 34 years,F,Female,BR_L_W,Live births per woman,2008,,0.5075,,KOR,Korea,A,Normal value,0,Units,2,Two
DATAFLOW,OECD.CFE.EDS:DSD_REG_DEMO@DF_FERTILITY(2.4),Fertility - Regions,I,A,Annual,CTRY,Country,FRA,France,_Z,Not applicable,FERT_RATIO,Fertility rate,Y30T34,From 30 to 34 years,F,Female,BR_L_W,Live births per woman,2008,,0.61939,,FRA,France,A,Normal value,0,Units,2,Two
DATAFLOW,OECD.CFE.EDS:DSD_REG_DEMO@DF_FERTILITY(2.4),Fertility - Regions,I,A,Annual,CTRY,Country,DEU,Germany,_Z,Not applicable,FERT_RATIO,Fertility rate,Y30T34,From 30 to 34 years,F,Female,BR_L_W,Live births per woman,2008,,0.44948,,DEU,Germany,A,Normal value,0,Units,2,Two
DATAFLOW,OECD.CFE.EDS:DSD_REG_DEMO@DF_FERTILITY(2.4),Fertility - Regions,I,A,Annual,CTRY,Country,ITA,Italy,_Z,Not applicable,FERT_RATIO,Fertility rate,Y30T34,From 30 to 34 years,F,Female,BR_L_W,Live births per woman,2008,,0.48358999999999996,,ITA,Italy,A,Normal value,0,Units,2,Two
DATAFLOW,OECD.CFE.EDS:DSD_REG_DEMO@DF_FERTILITY(2.4),Fertility - Regions,I,A,Annual,CTRY,Country,ESP,Spain,_Z,Not applicable,FERT_RATIO,Fertility rate,Y30T34,From 30 to 34 years,F,Female,BR_L_W,Live births per woman,2008,,0.49861,,ESP,Spain,A,Normal value,0,Units,2,Two
DATAFLOW,OECD.CFE.EDS:DSD_REG_DEMO@DF_FERTILITY(2.4),Fertility - Regions,I,A,Annual,CTRY,Country,JPN,Japan,_Z,Not applicable,FERT_RATIO,Fertility rate,Y30T34,From 30 to 34 years,F,Female,BR_L_W,Live births per woman,2009,,0.46053,,JPN,Japan,A,Normal value,0,Units,2,Two
DATAFLOW,OECD.CFE.EDS:DSD_REG_DEMO@DF_FERTILITY(2.4),Fertility - Regions,I,A,Annual,CTRY,Country,ESP,Spain,_Z,Not applicable,FERT_RATIO,Fertility rate,Y30T34,From 30 to 34 years,F,Female,BR_L_W,Live births per woman,2009,,0.47432,,ESP,Spain,A,Normal value,0,Units,2,Two
DATAFLOW,OECD.CFE.EDS:DSD_REG_DEMO@DF_FERTILITY(2.4),Fertility - Regions,I,A,Annual,CTRY,Country,ITA,Italy,_Z,Not applicable,FERT_RATIO,Fertility rate,Y30T34,From 30 to 34 years,F,Female,BR_L_W,Live births per woman,2009,,0.48233,,ITA,Italy,A,Normal value,0,Units,2,Two
DATAFLOW,OECD.CFE.EDS:DSD_REG_DEMO@DF_FERTILITY(2.4),Fertility - Regions,I,A,Annual,CTRY,Country,DEU,Germany,_Z,Not applicable,FERT_RATIO,Fertility rate,Y30T34,From 30 to 34 years,F,Female,BR_L_W,Live births per woman,2009,,0.44803,,DEU,Germany,A,Normal value,0,Units,2,Two
DATAFLOW,OECD.CFE.EDS:DSD_REG_DEMO@DF_FERTILITY(2.4),Fertility - Regions,I,A,Annual,CTRY,Country,FRA,France,_Z,Not applicable,FERT_RATIO,Fertility rate,Y30T34,From 30 to 34 years,F,Female,BR_L_W,Live births per woman,2009,,0.62295,,FRA,France,A,Normal value,0,Units,2,Two
DATAFLOW,OECD.CFE.EDS:DSD_REG_DEMO@DF_FERTILITY(2.4),Fertility - Regions,I,A,Annual,CTRY,Country,KOR,Korea,_Z,Not applicable,FERT_RATIO,Fertility rate,Y30T34,From 30 to 34 years,F,Female,BR_L_W,Live births per woman,2009,,0.504,,KOR,Korea,A,Normal value,0,Units,2,Two
DATAFLOW,OECD.CFE.EDS:DSD_REG_DEMO@DF_FERTILITY(2.4),Fertility - Regions,I,A,Annual,CTRY,Country,KOR,Korea,_Z,Not applicable,FERT_RATIO,Fertility rate,Y30T34,From 30 to 34 years,F,Female,BR_L_W,Live births per woman,2010,,0.562,,KOR,Korea,A,Normal value,0,Units,2,Two
DATAFLOW,OECD.CFE.EDS:DSD_REG_DEMO@DF_FERTILITY(2.4),Fertility - Regions,I,A,Annual,CTRY,Country,FRA,France,_Z,Not applicable,FERT_RATIO,Fertility rate,Y30T34,From 30 to 34 years,F,Female,BR_L_W,Live births per woman,2010,,0.63434,,FRA,France,A,Normal value,0,Units,2,Two
DATAFLOW,OECD.CFE.EDS:DSD_REG_DEMO@DF_FERTILITY(2.4),Fertility - Regions,I,A,Annual,CTRY,Country,DEU,Germany,_Z,Not applicable,FERT_RATIO,Fertility rate,Y30T34,From 30 to 34 years,F,Female,BR_L_W,Live births per woman,2010,,0.46474,,DEU,Germany,A,Normal value,0,Units,2,Two
DATAFLOW,OECD.CFE.EDS:DSD_REG_DEMO@DF_FERTILITY(2.4),Fertility - Regions,I,A,Annual,CTRY,Country,ITA,Italy,_Z,Not applicable,FERT_RATIO,Fertility rate,Y30T34,From 30 to 34 years,F,Female,BR_L_W,Live births per woman,2010,,0.48616,,ITA,Italy,A,Normal value,0,Units,2,Two
DATAFLOW,OECD.CFE.EDS:DSD_REG_DEMO@DF_FERTILITY(2.4),Fertility - Regions,I,A,Annual,CTRY,Country,ESP,Spain,_Z,Not applicable,FERT_RATIO,Fertility rate,Y30T34,From 30 to 34 years,F,Female,BR_L_W,Live births per woman,2010,,0.47214,,ESP,Spain,A,Normal value,0,Units,2,Two
DATAFLOW,OECD.CFE.EDS:DSD_REG_DEMO@DF_FERTILITY(2.4),Fertility - Regions,I,A,Annual,CTRY,Country,JPN,Japan,_Z,Not applicable,FERT_RATIO,Fertility rate,Y30T34,From 30 to 34 years,F,Female,BR_L_W,Live births per woman,2010,,0.46643,,JPN,Japan,A,Normal value,0,Units,2,Two
DATAFLOW,OECD.CFE.EDS:DSD_REG_DEMO@DF_FERTILITY(2.4),Fertility - Regions,I,A,Annual,CTRY,Country,JPN,Japan,_Z,Not applicable,FERT_RATIO,Fertility rate,Y30T34,From 30 to 34 years,F,Female,BR_L_W,Live births per woman,2011,,0.46827,,JPN,Japan,A,Normal value,0,Units,2,Two
DATAFLOW,OECD.CFE.EDS:DSD_REG_DEMO@DF_FERTILITY(2.4),Fertility - Regions,I,A,Annual,CTRY,Country,ESP,Spain,_Z,Not applicable,FERT_RATIO,Fertility rate,Y30T34,From 30 to 34 years,F,Female,BR_L_W,Live births per woman,2011,,0.4671,,ESP,Spain,A,Normal value,0,Units,2,Two
DATAFLOW,OECD.CFE.EDS:DSD_REG_DEMO@DF_FERTILITY(2.4),Fertility - Regions,I,A,Annual,CTRY,Country,ITA,Italy,_Z,Not applicable,FERT_RATIO,Fertility rate,Y30T34,From 30 to 34 years,F,Female,BR_L_W,Live births per woman,2011,,0.48075000000000007,,ITA,Italy,A,Normal value,0,Units,2,Two
DATAFLOW,OECD.CFE.EDS:DSD_REG_DEMO@DF_FERTILITY(2.4),Fertility - Regions,I,A,Annual,CTRY,Country,DEU,Germany,_Z,Not applicable,FERT_RATIO,Fertility rate,Y30T34,From 30 to 34 years,F,Female,BR_L_W,Live births per woman,2011,,0.45947,,DEU,Germany,A,Normal value,0,Units,2,Two
DATAFLOW,OECD.CFE.EDS:DSD_REG_DEMO@DF_FERTILITY(2.4),Fertility - Regions,I,A,Annual,CTRY,Country,FRA,France,_Z,Not applicable,FERT_RATIO,Fertility rate,Y30T34,From 30 to 34 years,F,Female,BR_L_W,Live births per woman,2011,,0.62859,,FRA,France,A,Normal value,0,Units,2,Two
DATAFLOW,OECD.CFE.EDS:DSD_REG_DEMO@DF_FERTILITY(2.4),Fertility - Regions,I,A,Annual,CTRY,Country,KOR,Korea,_Z,Not applicable,FERT_RATIO,Fertility rate,Y30T34,From 30 to 34 years,F,Female,BR_L_W,Live births per woman,2011,,0.572,,KOR,Korea,A,Normal value,0,Units,2,Two
DATAFLOW,OECD.CFE.EDS:DSD_REG_DEMO@DF_FERTILITY(2.4),Fertility - Regions,I,A,Annual,CTRY,Country,KOR,Korea,_Z,Not applicable,FERT_RATIO,Fertility rate,Y30T34,From 30 to 34 years,F,Female,BR_L_W,Live births per woman,2012,,0.6095,,KOR,Korea,A,Normal value,0,Units,2,Two
DATAFLOW,OECD.CFE.EDS:DSD_REG_DEMO@DF_FERTILITY(2.4),Fertility - Regions,I,A,Annual,CTRY,Country,FRA,France,_Z,Not applicable,FERT_RATIO,Fertility rate,Y30T34,From 30 to 34 years,F,Female,BR_L_W,Live births per woman,2012,,0.63083,,FRA,France,A,Normal value,0,Units,2,Two
DATAFLOW,OECD.CFE.EDS:DSD_REG_DEMO@DF_FERTILITY(2.4),Fertility - Regions,I,A,Annual,CTRY,Country,DEU,Germany,_Z,Not applicable,FERT_RATIO,Fertility rate,Y30T34,From 30 to 34 years,F,Female,BR_L_W,Live births per woman,2012,,0.47740999999999995,,DEU,Germany,A,Normal value,0,Units,2,Two
DATAFLOW,OECD.CFE.EDS:DSD_REG_DEMO@DF_FERTILITY(2.4),Fertility - Regions,I,A,Annual,CTRY,Country,ITA,Italy,_Z,Not applicable,FERT_RATIO,Fertility rate,Y30T34,From 30 to 34 years,F,Female,BR_L_W,Live births per woman,2012,,0.47721,,ITA,Italy,A,Normal value,0,Units,2,Two
DATAFLOW,OECD.CFE.EDS:DSD_REG_DEMO@DF_FERTILITY(2.4),Fertility - Regions,I,A,Annual,CTRY,Country,ESP,Spain,_Z,Not applicable,FERT_RATIO,Fertility rate,Y30T34,From 30 to 34 years,F,Female,BR_L_W,Live births per woman,2012,,0.45779,,ESP,Spain,A,Normal value,0,Units,2,Two
DATAFLOW,OECD.CFE.EDS:DSD_REG_DEMO@DF_FERTILITY(2.4),Fertility - Regions,I,A,Annual,CTRY,Country,JPN,Japan,_Z,Not applicable,FERT_RATIO,Fertility rate,Y30T34,From 30 to 34 years,F,Female,BR_L_W,Live births per woman,2012,,0.47607,,JPN,Japan,A,Normal value,0,Units,2,Two
DATAFLOW,OECD.CFE.EDS:DSD_REG_DEMO@DF_FERTILITY(2.4),Fertility - Regions,I,A,Annual,CTRY,Country,JPN,Japan,_Z,Not applicable,FERT_RATIO,Fertility rate,Y30T34,From 30 to 34 years,F,Female,BR_L_W,Live births per woman,2013,,0.48603999999999997,,JPN,Japan,A,Normal value,0,Units,2,Two
DATAFLOW,OECD.CFE.EDS:DSD_REG_DEMO@DF_FERTILITY(2.4),Fertility - Regions,I,A,Annual,CTRY,Country,ESP,Spain,_Z,Not applicable,FERT_RATIO,Fertility rate,Y30T34,From 30 to 34 years,F,Female,BR_L_W,Live births per woman,2013,,0.44036000000000003,,ESP,Spain,A,Normal value,0,Units,2,Two
DATAFLOW,OECD.CFE.EDS:DSD_REG_DEMO@DF_FERTILITY(2.4),Fertility - Regions,I,A,Annual,CTRY,Country,ITA,Italy,_Z,Not applicable,FERT_RATIO,Fertility rate,Y30T34,From 30 to 34 years,F,Female,BR_L_W,Live births per woman,2013,,0.46466999999999997,,ITA,Italy,A,Normal value,0,Units,2,Two
DATAFLOW,OECD.CFE.EDS:DSD_REG_DEMO@DF_FERTILITY(2.4),Fertility - Regions,I,A,Annual,CTRY,Country,DEU,Germany,_Z,Not applicable,FERT_RATIO,Fertility rate,Y30T34,From 30 to 34 years,F,Female,BR_L_W,Live births per woman,2013,,0.48573,,DEU,Germany,A,Normal value,0,Units,2,Two
DATAFLOW,OECD.CFE.EDS:DSD_REG_DEMO@DF_FERTILITY(2.4),Fertility - Regions,I,A,Annual,CTRY,Country,FRA,France,_Z,Not applicable,FERT_RATIO,Fertility rate,Y30T34,From 30 to 34 years,F,Female,BR_L_W,Live births per woman,2013,,0.62537,,FRA,France,A,Normal value,0,Units,2,Two
DATAFLOW,OECD.CFE.EDS:DSD_REG_DEMO@DF_FERTILITY(2.4),Fertility - Regions,I,A,Annual,CTRY,Country,KOR,Korea,_Z,Not applicable,FERT_RATIO,Fertility rate,Y30T34,From 30 to 34 years,F,Female,BR_L_W,Live births per woman,2013,,0.557,,KOR,Korea,A,Normal value,0,Units,2,Two
DATAFLOW,OECD.CFE.EDS:DSD_REG_DEMO@DF_FERTILITY(2.4),Fertility - Regions,I,A,Annual,CTRY,Country,KOR,Korea,_Z,Not applicable,FERT_RATIO,Fertility rate,Y30T34,From 30 to 34 years,F,Female,BR_L_W,Live births per woman,2014,,0.5689999999999998,,KOR,Korea,A,Normal value,0,Units,2,Two
DATAFLOW,OECD.CFE.EDS:DSD_REG_DEMO@DF_FERTILITY(2.4),Fertility - Regions,I,A,Annual,CTRY,Country,FRA,France,_Z,Not applicable,FERT_RATIO,Fertility rate,Y30T34,From 30 to 34 years,F,Female,BR_L_W,Live births per woman,2014,,0.63397,,FRA,France,A,Normal value,0,Units,2,Two
DATAFLOW,OECD.CFE.EDS:DSD_REG_DEMO@DF_FERTILITY(2.4),Fertility - Regions,I,A,Annual,CTRY,Country,DEU,Germany,_Z,Not applicable,FERT_RATIO,Fertility rate,Y30T34,From 30 to 34 years,F,Female,BR_L_W,Live births per woman,2014,,0.51076,,DEU,Germany,A,Normal value,0,Units,2,Two
DATAFLOW,OECD.CFE.EDS:DSD_REG_DEMO@DF_FERTILITY(2.4),Fertility - Regions,I,A,Annual,CTRY,Country,ITA,Italy,_Z,Not applicable,FERT_RATIO,Fertility rate,Y30T34,From 30 to 34 years,F,Female,BR_L_W,Live births per woman,2014,,0.46235000000000004,,ITA,Italy,A,Normal value,0,Units,2,Two
DATAFLOW,OECD.CFE.EDS:DSD_REG_DEMO@DF_FERTILITY(2.4),Fertility - Regions,I,A,Annual,CTRY,Country,ESP,Spain,_Z,Not applicable,FERT_RATIO,Fertility rate,Y30T34,From 30 to 34 years,F,Female,BR_L_W,Live births per woman,2014,,0.45969000000000004,,ESP,Spain,A,Normal value,0,Units,2,Two
DATAFLOW,OECD.CFE.EDS:DSD_REG_DEMO@DF_FERTILITY(2.4),Fertility - Regions,I,A,Annual,CTRY,Country,JPN,Japan,_Z,Not applicable,FERT_RATIO,Fertility rate,Y30T34,From 30 to 34 years,F,Female,BR_L_W,Live births per woman,2014,,0.48864,,JPN,Japan,A,Normal value,0,Units,2,Two
DATAFLOW,OECD.CFE.EDS:DSD_REG_DEMO@DF_FERTILITY(2.4),Fertility - Regions,I,A,Annual,CTRY,Country,JPN,Japan,_Z,Not applicable,FERT_RATIO,Fertility rate,Y30T34,From 30 to 34 years,F,Female,BR_L_W,Live births per woman,2015,,0.51271,,JPN,Japan,A,Normal value,0,Units,2,Two
DATAFLOW,OECD.CFE.EDS:DSD_REG_DEMO@DF_FERTILITY(2.4),Fertility - Regions,I,A,Annual,CTRY,Country,ESP,Spain,_Z,Not applicable,FERT_RATIO,Fertility rate,Y30T34,From 30 to 34 years,F,Female,BR_L_W,Live births per woman,2015,,0.46555,,ESP,Spain,A,Normal value,0,Units,2,Two
DATAFLOW,OECD.CFE.EDS:DSD_REG_DEMO@DF_FERTILITY(2.4),Fertility - Regions,I,A,Annual,CTRY,Country,ITA,Italy,_Z,Not applicable,FERT_RATIO,Fertility rate,Y30T34,From 30 to 34 years,F,Female,BR_L_W,Live births per woman,2015,,0.45861,,ITA,Italy,A,Normal value,0,Units,2,Two
DATAFLOW,OECD.CFE.EDS:DSD_REG_DEMO@DF_FERTILITY(2.4),Fertility - Regions,I,A,Annual,CTRY,Country,DEU,Germany,_Z,Not applicable,FERT_RATIO,Fertility rate,Y30T34,From 30 to 34 years,F,Female,BR_L_W,Live births per woman,2015,,0.52197,,DEU,Germany,A,Normal value,0,Units,2,Two
DATAFLOW,OECD.CFE.EDS:DSD_REG_DEMO@DF_FERTILITY(2.4),Fertility - Regions,I,A,Annual,CTRY,Country,FRA,France,_Z,Not applicable,FERT_RATIO,Fertility rate,Y30T34,From 30 to 34 years,F,Female,BR_L_W,Live births per woman,2015,,0.6261,,FRA,France,A,Normal value,0,Units,2,Two
DATAFLOW,OECD.CFE.EDS:DSD_REG_DEMO@DF_FERTILITY(2.4),Fertility - Regions,I,A,Annual,CTRY,Country,KOR,Korea,_Z,Not applicable,FERT_RATIO,Fertility rate,Y30T34,From 30 to 34 years,F,Female,BR_L_W,Live births per woman,2015,,0.5835,,KOR,Korea,A,Normal value,0,Units,2,Two
DATAFLOW,OECD.CFE.EDS:DSD_REG_DEMO@DF_FERTILITY(2.4),Fertility - Regions,I,A,Annual,CTRY,Country,KOR,Korea,_Z,Not applicable,FERT_RATIO,Fertility rate,Y30T34,From 30 to 34 years,F,Female,BR_L_W,Live births per woman,2016,,0.5505,,KOR,Korea,A,Normal value,0,Units,2,Two
DATAFLOW,OECD.CFE.EDS:DSD_REG_DEMO@DF_FERTILITY(2.4),Fertility - Regions,I,A,Annual,CTRY,Country,FRA,France,_Z,Not applicable,FERT_RATIO,Fertility rate,Y30T34,From 30 to 34 years,F,Female,BR_L_W,Live births per woman,2016,,0.62236,,FRA,France,A,Normal value,0,Units,2,Two
DATAFLOW,OECD.CFE.EDS:DSD_REG_DEMO@DF_FERTILITY(2.4),Fertility - Regions,I,A,Annual,CTRY,Country,DEU,Germany,_Z,Not applicable,FERT_RATIO,Fertility rate,Y30T34,From 30 to 34 years,F,Female,BR_L_W,Live births per woman,2016,,0.5481,,DEU,Germany,A,Normal value,0,Units,2,Two
DATAFLOW,OECD.CFE.EDS:DSD_REG_DEMO@DF_FERTILITY(2.4),Fertility - Regions,I,A,Annual,CTRY,Country,ITA,Italy,_Z,Not applicable,FERT_RATIO,Fertility rate,Y30T34,From 30 to 34 years,F,Female,BR_L_W,Live births per woman,2016,,0.45938999999999997,,ITA,Italy,A,Normal value,0,Units,2,Two
DATAFLOW,OECD.CFE.EDS:DSD_REG_DEMO@DF_FERTILITY(2.4),Fertility - Regions,I,A,Annual,CTRY,Country,ESP,Spain,_Z,Not applicable,FERT_RATIO,Fertility rate,Y30T34,From 30 to 34 years,F,Female,BR_L_W,Live births per woman,2016,,0.46513,,ESP,Spain,A,Normal value,0,Units,2,Two
DATAFLOW,OECD.CFE.EDS:DSD_REG_DEMO@DF_FERTILITY(2.4),Fertility - Regions,I,A,Annual,CTRY,Country,JPN,Japan,_Z,Not applicable,FERT_RATIO,Fertility rate,Y30T34,From 30 to 34 years,F,Female,BR_L_W,Live births per woman,2016,,0.49722000000000005,,JPN,Japan,A,Normal value,0,Units,2,Two
DATAFLOW,OECD.CFE.EDS:DSD_REG_DEMO@DF_FERTILITY(2.4),Fertility - Regions,I,A,Annual,CTRY,Country,JPN,Japan,_Z,Not applicable,FERT_RATIO,Fertility rate,Y30T34,From 30 to 34 years,F,Female,BR_L_W,Live births per woman,2017,,0.49363,,JPN,Japan,A,Normal value,0,Units,2,Two
DATAFLOW,OECD.CFE.EDS:DSD_REG_DEMO@DF_FERTILITY(2.4),Fertility - Regions,I,A,Annual,CTRY,Country,ESP,Spain,_Z,Not applicable,FERT_RATIO,Fertility rate,Y30T34,From 30 to 34 years,F,Female,BR_L_W,Live births per woman,2017,,0.45281000000000005,,ESP,Spain,A,Normal value,0,Units,2,Two
DATAFLOW,OECD.CFE.EDS:DSD_REG_DEMO@DF_FERTILITY(2.4),Fertility - Regions,I,A,Annual,CTRY,Country,ITA,Italy,_Z,Not applicable,FERT_RATIO,Fertility rate,Y30T34,From 30 to 34 years,F,Female,BR_L_W,Live births per woman,2017,,0.45159000000000005,,ITA,Italy,A,Normal value,0,Units,2,Two
DATAFLOW,OECD.CFE.EDS:DSD_REG_DEMO@DF_FERTILITY(2.4),Fertility - Regions,I,A,Annual,CTRY,Country,DEU,Germany,_Z,Not applicable,FERT_RATIO,Fertility rate,Y30T34,From 30 to 34 years,F,Female,BR_L_W,Live births per woman,2017,,0.54714,,DEU,Germany,A,Normal value,0,Units,2,Two
DATAFLOW,OECD.CFE.EDS:DSD_REG_DEMO@DF_FERTILITY(2.4),Fertility - Regions,I,A,Annual,CTRY,Country,FRA,France,_Z,Not applicable,FERT_RATIO,Fertility rate,Y30T34,From 30 to 34 years,F,Female,BR_L_W,Live births per woman,2017,,0.61512,,FRA,France,A,Normal value,0,Units,2,Two
DATAFLOW,OECD.CFE.EDS:DSD_REG_DEMO@DF_FERTILITY(2.4),Fertility - Regions,I,A,Annual,CTRY,Country,KOR,Korea,_Z,Not applicable,FERT_RATIO,Fertility rate,Y30T34,From 30 to 34 years,F,Female,BR_L_W,Live births per woman,2017,,0.4885,,KOR,Korea,A,Normal value,0,Units,2,Two
DATAFLOW,OECD.CFE.EDS:DSD_REG_DEMO@DF_FERTILITY(2.4),Fertility - Regions,I,A,Annual,CTRY,Country,KOR,Korea,_Z,Not applicable,FERT_RATIO,Fertility rate,Y30T34,From 30 to 34 years,F,Female,BR_L_W,Live births per woman,2018,,0.457,,KOR,Korea,A,Normal value,0,Units,2,Two
DATAFLOW,OECD.CFE.EDS:DSD_REG_DEMO@DF_FERTILITY(2.4),Fertility - Regions,I,A,Annual,CTRY,Country,FRA,France,_Z,Not applicable,FERT_RATIO,Fertility rate,Y30T34,From 30 to 34 years,F,Female,BR_L_W,Live births per woman,2018,,0.6145599999999999,,FRA,France,A,Normal value,0,Units,2,Two
DATAFLOW,OECD.CFE.EDS:DSD_REG_DEMO@DF_FERTILITY(2.4),Fertility - Regions,I,A,Annual,CTRY,Country,DEU,Germany,_Z,Not applicable,FERT_RATIO,Fertility rate,Y30T34,From 30 to 34 years,F,Female,BR_L_W,Live births per woman,2018,,0.54845,,DEU,Germany,A,Normal value,0,Units,2,Two
DATAFLOW,OECD.CFE.EDS:DSD_REG_DEMO@DF_FERTILITY(2.4),Fertility - Regions,I,A,Annual,CTRY,Country,ITA,Italy,_Z,Not applicable,FERT_RATIO,Fertility rate,Y30T34,From 30 to 34 years,F,Female,BR_L_W,Live births per woman,2018,,0.44613,,ITA,Italy,A,Normal value,0,Units,2,Two
DATAFLOW,OECD.CFE.EDS:DSD_REG_DEMO@DF_FERTILITY(2.4),Fertility - Regions,I,A,Annual,CTRY,Country,ESP,Spain,_Z,Not applicable,FERT_RATIO,Fertility rate,Y30T34,From 30 to 34 years,F,Female,BR_L_W,Live births per woman,2018,,0.43346999999999997,,ESP,Spain,A,Normal value,0,Units,2,Two
DATAFLOW,OECD.CFE.EDS:DSD_REG_DEMO@DF_FERTILITY(2.4),Fertility - Regions,I,A,Annual,CTRY,Country,JPN,Japan,_Z,Not applicable,FERT_RATIO,Fertility rate,Y30T34,From 30 to 34 years,F,Female,BR_L_W,Live births per woman,2018,,0.4919299999999999,,JPN,Japan,A,Normal value,0,Units,2,Two
DATAFLOW,OECD.CFE.EDS:DSD_REG_DEMO@DF_FERTILITY(2.4),Fertility - Regions,I,A,Annual,CTRY,Country,JPN,Japan,_Z,Not applicable,FERT_RATIO,Fertility rate,Y30T34,From 30 to 34 years,F,Female,BR_L_W,Live births per woman,2019,,0.4728899999999999,,JPN,Japan,A,Normal value,0,Units,2,Two
DATAFLOW,OECD.CFE.EDS:DSD_REG_DEMO@DF_FERTILITY(2.4),Fertility - Regions,I,A,Annual,CTRY,Country,ESP,Spain,_Z,Not applicable,FERT_RATIO,Fertility rate,Y30T34,From 30 to 34 years,F,Female,BR_L_W,Live births per woman,2019,,0.42064999999999997,,ESP,Spain,A,Normal value,0,Units,2,Two
DATAFLOW,OECD.CFE.EDS:DSD_REG_DEMO@DF_FERTILITY(2.4),Fertility - Regions,I,A,Annual,CTRY,Country,ITA,Italy,_Z,Not applicable,FERT_RATIO,Fertility rate,Y30T34,From 30 to 34 years,F,Female,BR_L_W,Live births per woman,2019,,0.43912,,ITA,Italy,A,Normal value,0,Units,2,Two
DATAFLOW,OECD.CFE.EDS:DSD_REG_DEMO@DF_FERTILITY(2.4),Fertility - Regions,I,A,Annual,CTRY,Country,DEU,Germany,_Z,Not applicable,FERT_RATIO,Fertility rate,Y30T34,From 30 to 34 years,F,Female,BR_L_W,Live births per woman,2019,,0.5468,,DEU,Germany,A,Normal value,0,Units,2,Two
DATAFLOW,OECD.CFE.EDS:DSD_REG_DEMO@DF_FERTILITY(2.4),Fertility - Regions,I,A,Annual,CTRY,Country,FRA,France,_Z,Not applicable,FERT_RATIO,Fertility rate,Y30T34,From 30 to 34 years,F,Female,BR_L_W,Live births per woman,2019,,0.6143500000000001,,FRA,France,A,Normal value,0,Units,2,Two
DATAFLOW,OECD.CFE.EDS:DSD_REG_DEMO@DF_FERTILITY(2.4),Fertility - Regions,I,A,Annual,CTRY,Country,KOR,Korea,_Z,Not applicable,FERT_RATIO,Fertility rate,Y30T34,From 30 to 34 years,F,Female,BR_L_W,Live births per woman,2019,,0.431,,KOR,Korea,A,Normal value,0,Units,2,Two
DATAFLOW,OECD.CFE.EDS:DSD_REG_DEMO@DF_FERTILITY(2.4),Fertility - Regions,I,A,Annual,CTRY,Country,KOR,Korea,_Z,Not applicable,FERT_RATIO,Fertility rate,Y30T34,From 30 to 34 years,F,Female,BR_L_W,Live births per woman,2020,,0.3945,,KOR,Korea,A,Normal value,0,Units,2,Two
DATAFLOW,OECD.CFE.EDS:DSD_REG_DEMO@DF_FERTILITY(2.4),Fertility - Regions,I,A,Annual,CTRY,Country,FRA,France,_Z,Not applicable,FERT_RATIO,Fertility rate,Y30T34,From 30 to 34 years,F,Female,BR_L_W,Live births per woman,2020,,0.60604,,FRA,France,A,Normal value,0,Units,2,Two
DATAFLOW,OECD.CFE.EDS:DSD_REG_DEMO@DF_FERTILITY(2.4),Fertility - Regions,I,A,Annual,CTRY,Country,DEU,Germany,_Z,Not applicable,FERT_RATIO,Fertility rate,Y30T34,From 30 to 34 years,F,Female,BR_L_W,Live births per woman,2020,,0.54847,,DEU,Germany,A,Normal value,0,Units,2,Two
DATAFLOW,OECD.CFE.EDS:DSD_REG_DEMO@DF_FERTILITY(2.4),Fertility - Regions,I,A,Annual,CTRY,Country,ITA,Italy,_Z,Not applicable,FERT_RATIO,Fertility rate,Y30T34,From 30 to 34 years,F,Female,BR_L_W,Live births per woman,2020,,0.43667999999999996,,ITA,Italy,A,Normal value,0,Units,2,Two
DATAFLOW,OECD.CFE.EDS:DSD_REG_DEMO@DF_FERTILITY(2.4),Fertility - Regions,I,A,Annual,CTRY,Country,ESP,Spain,_Z,Not applicable,FERT_RATIO,Fertility rate,Y30T34,From 30 to 34 years,F,Female,BR_L_W,Live births per woman,2020,,0.4027700000000001,,ESP,Spain,A,Normal value,0,Units,2,Two
DATAFLOW,OECD.CFE.EDS:DSD_REG_DEMO@DF_FERTILITY(2.4),Fertility - Regions,I,A,Annual,CTRY,Country,JPN,Japan,_Z,Not applicable,FERT_RATIO,Fertility rate,Y30T34,From 30 to 34 years,F,Female,BR_L_W,Live births per woman,2020,,0.46213,,JPN,Japan,A,Normal value,0,Units,2,Two
DATAFLOW,OECD.CFE.EDS:DSD_REG_DEMO@DF_FERTILITY(2.4),Fertility - Regions,I,A,Annual,CTRY,Country,JPN,Japan,_Z,Not applicable,FERT_RATIO,Fertility rate,Y30T34,From 30 to 34 years,F,Female,BR_L_W,Live births per woman,2021,,0.45637,,JPN,Japan,A,Normal value,0,Units,2,Two
DATAFLOW,OECD.CFE.EDS:DSD_REG_DEMO@DF_FERTILITY(2.4),Fertility - Regions,I,A,Annual,CTRY,Country,ESP,Spain,_Z,Not applicable,FERT_RATIO,Fertility rate,Y30T34,From 30 to 34 years,F,Female,BR_L_W,Live births per woman,2021,,0.41308,,ESP,Spain,A,Normal value,0,Units,2,Two
DATAFLOW,OECD.CFE.EDS:DSD_REG_DEMO@DF_FERTILITY(2.4),Fertility - Regions,I,A,Annual,CTRY,Country,ITA,Italy,_Z,Not applicable,FERT_RATIO,Fertility rate,Y30T34,From 30 to 34 years,F,Female,BR_L_W,Live births per woman,2021,,0.4432,,ITA,Italy,A,Normal value,0,Units,2,Two
DATAFLOW,OECD.CFE.EDS:DSD_REG_DEMO@DF_FERTILITY(2.4),Fertility - Regions,I,A,Annual,CTRY,Country,FRA,France,_Z,Not applicable,FERT_RATIO,Fertility rate,Y30T34,From 30 to 34 years,F,Female,BR_L_W,Live births per woman,2021,,0.62863,,FRA,France,A,Normal value,0,Units,2,Two
DATAFLOW,OECD.CFE.EDS:DSD_REG_DEMO@DF_FERTILITY(2.4),Fertility - Regions,I,A,Annual,CTRY,Country,KOR,Korea,_Z,Not applicable,FERT_RATIO,Fertility rate,Y30T34,From 30 to 34 years,F,Female,BR_L_W,Live births per woman,2021,,0.3805,,KOR,Korea,A,Normal value,0,Units,2,Two
DATAFLOW,OECD.CFE.EDS:DSD_REG_DEMO@DF_FERTILITY(2.4),Fertility - Regions,I,A,Annual,CTRY,Country,FRA,France,_Z,Not applicable,FERT_RATIO,Fertility rate,Y30T34,From 30 to 34 years,F,Female,BR_L_W,Live births per woman,2022,,0.6058600000000001,,FRA,France,A,Normal value,0,Units,2,Two
DATAFLOW,OECD.CFE.EDS:DSD_REG_DEMO@DF_FERTILITY(2.4),Fertility - Regions,I,A,Annual,CTRY,Country,DEU,Germany,_Z,Not applicable,FERT_RATIO,Fertility rate,Y30T34,From 30 to 34 years,F,Female,BR_L_W,Live births per woman,2022,,0.52267,,DEU,Germany,A,Normal value,0,Units,2,Two
DATAFLOW,OECD.CFE.EDS:DSD_REG_DEMO@DF_FERTILITY(2.4),Fertility - Regions,I,A,Annual,CTRY,Country,ITA,Italy,_Z,Not applicable,FERT_RATIO,Fertility rate,Y30T34,From 30 to 34 years,F,Female,BR_L_W,Live births per woman,2022,,0.44261000000000006,,ITA,Italy,A,Normal value,0,Units,2,Two
DATAFLOW,OECD.CFE.EDS:DSD_REG_DEMO@DF_FERTILITY(2.4),Fertility - Regions,I,A,Annual,CTRY,Country,ESP,Spain,_Z,Not applicable,FERT_RATIO,Fertility rate,Y30T34,From 30 to 34 years,F,Female,BR_L_W,Live births per woman,2022,,0.39283,,ESP,Spain,A,Normal value,0,Units,2,Two
DATAFLOW,OECD.CFE.EDS:DSD_REG_DEMO@DF_FERTILITY(2.4),Fertility - Regions,I,A,Annual,CTRY,Country,ESP,Spain,_Z,Not applicable,FERT_RATIO,Fertility rate,Y35T39,From 35 to 39 years,F,Female,BR_L_W,Live births per woman,2000,,0.21030000000000001,,ESP,Spain,A,Normal value,0,Units,2,Two
DATAFLOW,OECD.CFE.EDS:DSD_REG_DEMO@DF_FERTILITY(2.4),Fertility - Regions,I,A,Annual,CTRY,Country,KOR,Korea,_Z,Not applicable,FERT_RATIO,Fertility rate,Y35T39,From 35 to 39 years,F,Female,BR_L_W,Live births per woman,2000,,0.08799999999999998,,KOR,Korea,A,Normal value,0,Units,2,Two
DATAFLOW,OECD.CFE.EDS:DSD_REG_DEMO@DF_FERTILITY(2.4),Fertility - Regions,I,A,Annual,CTRY,Country,FRA,France,_Z,Not applicable,FERT_RATIO,Fertility rate,Y35T39,From 35 to 39 years,F,Female,BR_L_W,Live births per woman,2000,,0.22599000000000002,,FRA,France,A,Normal value,0,Units,2,Two
DATAFLOW,OECD.CFE.EDS:DSD_REG_DEMO@DF_FERTILITY(2.4),Fertility - Regions,I,A,Annual,CTRY,Country,DEU,Germany,_Z,Not applicable,FERT_RATIO,Fertility rate,Y35T39,From 35 to 39 years,F,Female,BR_L_W,Live births per woman,2000,,0.15055,,DEU,Germany,A,Normal value,0,Units,2,Two
DATAFLOW,OECD.CFE.EDS:DSD_REG_DEMO@DF_FERTILITY(2.4),Fertility - Regions,I,A,Annual,CTRY,Country,ITA,Italy,_Z,Not applicable,FERT_RATIO,Fertility rate,Y35T39,From 35 to 39 years,F,Female,BR_L_W,Live births per woman,2000,,0.20424,,ITA,Italy,A,Normal value,0,Units,2,Two
DATAFLOW,OECD.CFE.EDS:DSD_REG_DEMO@DF_FERTILITY(2.4),Fertility - Regions,I,A,Annual,CTRY,Country,ITA,Italy,_Z,Not applicable,FERT_RATIO,Fertility rate,Y35T39,From 35 to 39 years,F,Female,BR_L_W,Live births per woman,2001,,0.21489000000000003,,ITA,Italy,A,Normal value,0,Units,2,Two
DATAFLOW,OECD.CFE.EDS:DSD_REG_DEMO@DF_FERTILITY(2.4),Fertility - Regions,I,A,Annual,CTRY,Country,DEU,Germany,_Z,Not applicable,FERT_RATIO,Fertility rate,Y35T39,From 35 to 39 years,F,Female,BR_L_W,Live births per woman,2001,,0.15384,,DEU,Germany,A,Normal value,0,Units,2,Two
DATAFLOW,OECD.CFE.EDS:DSD_REG_DEMO@DF_FERTILITY(2.4),Fertility - Regions,I,A,Annual,CTRY,Country,FRA,France,_Z,Not applicable,FERT_RATIO,Fertility rate,Y35T39,From 35 to 39 years,F,Female,BR_L_W,Live births per woman,2001,,0.23081,,FRA,France,A,Normal value,0,Units,2,Two
DATAFLOW,OECD.CFE.EDS:DSD_REG_DEMO@DF_FERTILITY(2.4),Fertility - Regions,I,A,Annual,CTRY,Country,KOR,Korea,_Z,Not applicable,FERT_RATIO,Fertility rate,Y35T39,From 35 to 39 years,F,Female,BR_L_W,Live births per woman,2001,,0.08649999999999998,,KOR,Korea,A,Normal value,0,Units,2,Two
DATAFLOW,OECD.CFE.EDS:DSD_REG_DEMO@DF_FERTILITY(2.4),Fertility - Regions,I,A,Annual,CTRY,Country,ESP,Spain,_Z,Not applicable,FERT_RATIO,Fertility rate,Y35T39,From 35 to 39 years,F,Female,BR_L_W,Live births per woman,2001,,0.22188000000000002,,ESP,Spain,A,Normal value,0,Units,2,Two
DATAFLOW,OECD.CFE.EDS:DSD_REG_DEMO@DF_FERTILITY(2.4),Fertility - Regions,I,A,Annual,CTRY,Country,ESP,Spain,_Z,Not applicable,FERT_RATIO,Fertility rate,Y35T39,From 35 to 39 years,F,Female,BR_L_W,Live births per woman,2002,,0.23119,,ESP,Spain,A,Normal value,0,Units,2,Two
DATAFLOW,OECD.CFE.EDS:DSD_REG_DEMO@DF_FERTILITY(2.4),Fertility - Regions,I,A,Annual,CTRY,Country,KOR,Korea,_Z,Not applicable,FERT_RATIO,Fertility rate,Y35T39,From 35 to 39 years,F,Female,BR_L_W,Live births per woman,2002,,0.08450000000000002,,KOR,Korea,A,Normal value,0,Units,2,Two
DATAFLOW,OECD.CFE.EDS:DSD_REG_DEMO@DF_FERTILITY(2.4),Fertility - Regions,I,A,Annual,CTRY,Country,FRA,France,_Z,Not applicable,FERT_RATIO,Fertility rate,Y35T39,From 35 to 39 years,F,Female,BR_L_W,Live births per woman,2002,,0.23396000000000003,,FRA,France,A,Normal value,0,Units,2,Two
DATAFLOW,OECD.CFE.EDS:DSD_REG_DEMO@DF_FERTILITY(2.4),Fertility - Regions,I,A,Annual,CTRY,Country,DEU,Germany,_Z,Not applicable,FERT_RATIO,Fertility rate,Y35T39,From 35 to 39 years,F,Female,BR_L_W,Live births per woman,2002,,0.1613,,DEU,Germany,A,Normal value,0,Units,2,Two
DATAFLOW,OECD.CFE.EDS:DSD_REG_DEMO@DF_FERTILITY(2.4),Fertility - Regions,I,A,Annual,CTRY,Country,ITA,Italy,_Z,Not applicable,FERT_RATIO,Fertility rate,Y35T39,From 35 to 39 years,F,Female,BR_L_W,Live births per woman,2002,,0.22525,,ITA,Italy,A,Normal value,0,Units,2,Two
DATAFLOW,OECD.CFE.EDS:DSD_REG_DEMO@DF_FERTILITY(2.4),Fertility - Regions,I,A,Annual,CTRY,Country,ITA,Italy,_Z,Not applicable,FERT_RATIO,Fertility rate,Y35T39,From 35 to 39 years,F,Female,BR_L_W,Live births per woman,2003,,0.23964000000000002,,ITA,Italy,A,Normal value,0,Units,2,Two
DATAFLOW,OECD.CFE.EDS:DSD_REG_DEMO@DF_FERTILITY(2.4),Fertility - Regions,I,A,Annual,CTRY,Country,DEU,Germany,_Z,Not applicable,FERT_RATIO,Fertility rate,Y35T39,From 35 to 39 years,F,Female,BR_L_W,Live births per woman,2003,,0.1691,,DEU,Germany,A,Normal value,0,Units,2,Two
DATAFLOW,OECD.CFE.EDS:DSD_REG_DEMO@DF_FERTILITY(2.4),Fertility - Regions,I,A,Annual,CTRY,Country,FRA,France,_Z,Not applicable,FERT_RATIO,Fertility rate,Y35T39,From 35 to 39 years,F,Female,BR_L_W,Live births per woman,2003,,0.23820000000000002,,FRA,France,A,Normal value,0,Units,2,Two
DATAFLOW,OECD.CFE.EDS:DSD_REG_DEMO@DF_FERTILITY(2.4),Fertility - Regions,I,A,Annual,CTRY,Country,KOR,Korea,_Z,Not applicable,FERT_RATIO,Fertility rate,Y35T39,From 35 to 39 years,F,Female,BR_L_W,Live births per woman,2003,,0.087,,KOR,Korea,A,Normal value,0,Units,2,Two
DATAFLOW,OECD.CFE.EDS:DSD_REG_DEMO@DF_FERTILITY(2.4),Fertility - Regions,I,A,Annual,CTRY,Country,ESP,Spain,_Z,Not applicable,FERT_RATIO,Fertility rate,Y35T39,From 35 to 39 years,F,Female,BR_L_W,Live births per woman,2003,,0.24686,,ESP,Spain,A,Normal value,0,Units,2,Two
DATAFLOW,OECD.CFE.EDS:DSD_REG_DEMO@DF_FERTILITY(2.4),Fertility - Regions,I,A,Annual,CTRY,Country,ESP,Spain,_Z,Not applicable,FERT_RATIO,Fertility rate,Y35T39,From 35 to 39 years,F,Female,BR_L_W,Live births per woman,2004,,0.25531,,ESP,Spain,A,Normal value,0,Units,2,Two
DATAFLOW,OECD.CFE.EDS:DSD_REG_DEMO@DF_FERTILITY(2.4),Fertility - Regions,I,A,Annual,CTRY,Country,KOR,Korea,_Z,Not applicable,FERT_RATIO,Fertility rate,Y35T39,From 35 to 39 years,F,Female,BR_L_W,Live births per woman,2004,,0.093,,KOR,Korea,A,Normal value,0,Units,2,Two
DATAFLOW,OECD.CFE.EDS:DSD_REG_DEMO@DF_FERTILITY(2.4),Fertility - Regions,I,A,Annual,CTRY,Country,FRA,France,_Z,Not applicable,FERT_RATIO,Fertility rate,Y35T39,From 35 to 39 years,F,Female,BR_L_W,Live births per woman,2004,,0.24569999999999997,,FRA,France,A,Normal value,0,Units,2,Two
DATAFLOW,OECD.CFE.EDS:DSD_REG_DEMO@DF_FERTILITY(2.4),Fertility - Regions,I,A,Annual,CTRY,Country,DEU,Germany,_Z,Not applicable,FERT_RATIO,Fertility rate,Y35T39,From 35 to 39 years,F,Female,BR_L_W,Live births per woman,2004,,0.17974,,DEU,Germany,A,Normal value,0,Units,2,Two
DATAFLOW,OECD.CFE.EDS:DSD_REG_DEMO@DF_FERTILITY(2.4),Fertility - Regions,I,A,Annual,CTRY,Country,ITA,Italy,_Z,Not applicable,FERT_RATIO,Fertility rate,Y35T39,From 35 to 39 years,F,Female,BR_L_W,Live births per woman,2004,,0.25386,,ITA,Italy,A,Normal value,0,Units,2,Two
DATAFLOW,OECD.CFE.EDS:DSD_REG_DEMO@DF_FERTILITY(2.4),Fertility - Regions,I,A,Annual,CTRY,Country,ITA,Italy,_Z,Not applicable,FERT_RATIO,Fertility rate,Y35T39,From 35 to 39 years,F,Female,BR_L_W,Live births per woman,2005,,0.25856,,ITA,Italy,A,Normal value,0,Units,2,Two
DATAFLOW,OECD.CFE.EDS:DSD_REG_DEMO@DF_FERTILITY(2.4),Fertility - Regions,I,A,Annual,CTRY,Country,DEU,Germany,_Z,Not applicable,FERT_RATIO,Fertility rate,Y35T39,From 35 to 39 years,F,Female,BR_L_W,Live births per woman,2005,,0.18381999999999998,,DEU,Germany,A,Normal value,0,Units,2,Two
DATAFLOW,OECD.CFE.EDS:DSD_REG_DEMO@DF_FERTILITY(2.4),Fertility - Regions,I,A,Annual,CTRY,Country,FRA,France,_Z,Not applicable,FERT_RATIO,Fertility rate,Y35T39,From 35 to 39 years,F,Female,BR_L_W,Live births per woman,2005,,0.25432,,FRA,France,A,Normal value,0,Units,2,Two
DATAFLOW,OECD.CFE.EDS:DSD_REG_DEMO@DF_FERTILITY(2.4),Fertility - Regions,I,A,Annual,CTRY,Country,KOR,Korea,_Z,Not applicable,FERT_RATIO,Fertility rate,Y35T39,From 35 to 39 years,F,Female,BR_L_W,Live births per woman,2005,,0.095,,KOR,Korea,A,Normal value,0,Units,2,Two
DATAFLOW,OECD.CFE.EDS:DSD_REG_DEMO@DF_FERTILITY(2.4),Fertility - Regions,I,A,Annual,CTRY,Country,ESP,Spain,_Z,Not applicable,FERT_RATIO,Fertility rate,Y35T39,From 35 to 39 years,F,Female,BR_L_W,Live births per woman,2005,,0.26459,,ESP,Spain,A,Normal value,0,Units,2,Two
DATAFLOW,OECD.CFE.EDS:DSD_REG_DEMO@DF_FERTILITY(2.4),Fertility - Regions,I,A,Annual,CTRY,Country,ESP,Spain,_Z,Not applicable,FERT_RATIO,Fertility rate,Y35T39,From 35 to 39 years,F,Female,BR_L_W,Live births per woman,2006,,0.27619,,ESP,Spain,A,Normal value,0,Units,2,Two
DATAFLOW,OECD.CFE.EDS:DSD_REG_DEMO@DF_FERTILITY(2.4),Fertility - Regions,I,A,Annual,CTRY,Country,KOR,Korea,_Z,Not applicable,FERT_RATIO,Fertility rate,Y35T39,From 35 to 39 years,F,Female,BR_L_W,Live births per woman,2006,,0.1075,,KOR,Korea,A,Normal value,0,Units,2,Two
DATAFLOW,OECD.CFE.EDS:DSD_REG_DEMO@DF_FERTILITY(2.4),Fertility - Regions,I,A,Annual,CTRY,Country,FRA,France,_Z,Not applicable,FERT_RATIO,Fertility rate,Y35T39,From 35 to 39 years,F,Female,BR_L_W,Live births per woman,2006,,0.27015,,FRA,France,A,Normal value,0,Units,2,Two
DATAFLOW,OECD.CFE.EDS:DSD_REG_DEMO@DF_FERTILITY(2.4),Fertility - Regions,I,A,Annual,CTRY,Country,DEU,Germany,_Z,Not applicable,FERT_RATIO,Fertility rate,Y35T39,From 35 to 39 years,F,Female,BR_L_W,Live births per woman,2006,,0.19127000000000002,,DEU,Germany,A,Normal value,0,Units,2,Two
DATAFLOW,OECD.CFE.EDS:DSD_REG_DEMO@DF_FERTILITY(2.4),Fertility - Regions,I,A,Annual,CTRY,Country,ITA,Italy,_Z,Not applicable,FERT_RATIO,Fertility rate,Y35T39,From 35 to 39 years,F,Female,BR_L_W,Live births per woman,2006,,0.27186000000000005,,ITA,Italy,A,Normal value,0,Units,2,Two
DATAFLOW,OECD.CFE.EDS:DSD_REG_DEMO@DF_FERTILITY(2.4),Fertility - Regions,I,A,Annual,CTRY,Country,ITA,Italy,_Z,Not applicable,FERT_RATIO,Fertility rate,Y35T39,From 35 to 39 years,F,Female,BR_L_W,Live births per woman,2007,,0.28274,,ITA,Italy,A,Normal value,0,Units,2,Two
DATAFLOW,OECD.CFE.EDS:DSD_REG_DEMO@DF_FERTILITY(2.4),Fertility - Regions,I,A,Annual,CTRY,Country,DEU,Germany,_Z,Not applicable,FERT_RATIO,Fertility rate,Y35T39,From 35 to 39 years,F,Female,BR_L_W,Live births per woman,2007,,0.20832,,DEU,Germany,A,Normal value,0,Units,2,Two
DATAFLOW,OECD.CFE.EDS:DSD_REG_DEMO@DF_FERTILITY(2.4),Fertility - Regions,I,A,Annual,CTRY,Country,FRA,France,_Z,Not applicable,FERT_RATIO,Fertility rate,Y35T39,From 35 to 39 years,F,Female,BR_L_W,Live births per woman,2007,,0.27235,,FRA,France,A,Normal value,0,Units,2,Two
DATAFLOW,OECD.CFE.EDS:DSD_REG_DEMO@DF_FERTILITY(2.4),Fertility - Regions,I,A,Annual,CTRY,Country,KOR,Korea,_Z,Not applicable,FERT_RATIO,Fertility rate,Y35T39,From 35 to 39 years,F,Female,BR_L_W,Live births per woman,2007,,0.1295,,KOR,Korea,A,Normal value,0,Units,2,Two
DATAFLOW,OECD.CFE.EDS:DSD_REG_DEMO@DF_FERTILITY(2.4),Fertility - Regions,I,A,Annual,CTRY,Country,ESP,Spain,_Z,Not applicable,FERT_RATIO,Fertility rate,Y35T39,From 35 to 39 years,F,Female,BR_L_W,Live births per woman,2007,,0.28451,,ESP,Spain,A,Normal value,0,Units,2,Two
DATAFLOW,OECD.CFE.EDS:DSD_REG_DEMO@DF_FERTILITY(2.4),Fertility - Regions,I,A,Annual,CTRY,Country,ESP,Spain,_Z,Not applicable,FERT_RATIO,Fertility rate,Y35T39,From 35 to 39 years,F,Female,BR_L_W,Live births per woman,2008,,0.30167,,ESP,Spain,A,Normal value,0,Units,2,Two
DATAFLOW,OECD.CFE.EDS:DSD_REG_DEMO@DF_FERTILITY(2.4),Fertility - Regions,I,A,Annual,CTRY,Country,KOR,Korea,_Z,Not applicable,FERT_RATIO,Fertility rate,Y35T39,From 35 to 39 years,F,Female,BR_L_W,Live births per woman,2008,,0.1325,,KOR,Korea,A,Normal value,0,Units,2,Two
DATAFLOW,OECD.CFE.EDS:DSD_REG_DEMO@DF_FERTILITY(2.4),Fertility - Regions,I,A,Annual,CTRY,Country,FRA,France,_Z,Not applicable,FERT_RATIO,Fertility rate,Y35T39,From 35 to 39 years,F,Female,BR_L_W,Live births per woman,2008,,0.28098999999999996,,FRA,France,A,Normal value,0,Units,2,Two
DATAFLOW,OECD.CFE.EDS:DSD_REG_DEMO@DF_FERTILITY(2.4),Fertility - Regions,I,A,Annual,CTRY,Country,DEU,Germany,_Z,Not applicable,FERT_RATIO,Fertility rate,Y35T39,From 35 to 39 years,F,Female,BR_L_W,Live births per woman,2008,,0.21916,,DEU,Germany,A,Normal value,0,Units,2,Two
DATAFLOW,OECD.CFE.EDS:DSD_REG_DEMO@DF_FERTILITY(2.4),Fertility - Regions,I,A,Annual,CTRY,Country,ITA,Italy,_Z,Not applicable,FERT_RATIO,Fertility rate,Y35T39,From 35 to 39 years,F,Female,BR_L_W,Live births per woman,2008,,0.299,,ITA,Italy,A,Normal value,0,Units,2,Two
DATAFLOW,OECD.CFE.EDS:DSD_REG_DEMO@DF_FERTILITY(2.4),Fertility - Regions,I,A,Annual,CTRY,Country,ITA,Italy,_Z,Not applicable,FERT_RATIO,Fertility rate,Y35T39,From 35 to 39 years,F,Female,BR_L_W,Live births per woman,2009,,0.30252,,ITA,Italy,A,Normal value,0,Units,2,Two
DATAFLOW,OECD.CFE.EDS:DSD_REG_DEMO@DF_FERTILITY(2.4),Fertility - Regions,I,A,Annual,CTRY,Country,DEU,Germany,_Z,Not applicable,FERT_RATIO,Fertility rate,Y35T39,From 35 to 39 years,F,Female,BR_L_W,Live births per woman,2009,,0.22483,,DEU,Germany,A,Normal value,0,Units,2,Two
DATAFLOW,OECD.CFE.EDS:DSD_REG_DEMO@DF_FERTILITY(2.4),Fertility - Regions,I,A,Annual,CTRY,Country,FRA,France,_Z,Not applicable,FERT_RATIO,Fertility rate,Y35T39,From 35 to 39 years,F,Female,BR_L_W,Live births per woman,2009,,0.28416,,FRA,France,A,Normal value,0,Units,2,Two
DATAFLOW,OECD.CFE.EDS:DSD_REG_DEMO@DF_FERTILITY(2.4),Fertility - Regions,I,A,Annual,CTRY,Country,JPN,Japan,_Z,Not applicable,FERT_RATIO,Fertility rate,Y35T39,From 35 to 39 years,F,Female,BR_L_W,Live births per woman,2009,,0.21876,,JPN,Japan,A,Normal value,0,Units,2,Two
DATAFLOW,OECD.CFE.EDS:DSD_REG_DEMO@DF_FERTILITY(2.4),Fertility - Regions,I,A,Annual,CTRY,Country,KOR,Korea,_Z,Not applicable,FERT_RATIO,Fertility rate,Y35T39,From 35 to 39 years,F,Female,BR_L_W,Live births per woman,2009,,0.1365,,KOR,Korea,A,Normal value,0,Units,2,Two
DATAFLOW,OECD.CFE.EDS:DSD_REG_DEMO@DF_FERTILITY(2.4),Fertility - Regions,I,A,Annual,CTRY,Country,ESP,Spain,_Z,Not applicable,FERT_RATIO,Fertility rate,Y35T39,From 35 to 39 years,F,Female,BR_L_W,Live births per woman,2009,,0.30047999999999997,,ESP,Spain,A,Normal value,0,Units,2,Two
DATAFLOW,OECD.CFE.EDS:DSD_REG_DEMO@DF_FERTILITY(2.4),Fertility - Regions,I,A,Annual,CTRY,Country,ESP,Spain,_Z,Not applicable,FERT_RATIO,Fertility rate,Y35T39,From 35 to 39 years,F,Female,BR_L_W,Live births per woman,2010,,0.30699,,ESP,Spain,A,Normal value,0,Units,2,Two
DATAFLOW,OECD.CFE.EDS:DSD_REG_DEMO@DF_FERTILITY(2.4),Fertility - Regions,I,A,Annual,CTRY,Country,KOR,Korea,_Z,Not applicable,FERT_RATIO,Fertility rate,Y35T39,From 35 to 39 years,F,Female,BR_L_W,Live births per woman,2010,,0.163,,KOR,Korea,A,Normal value,0,Units,2,Two
DATAFLOW,OECD.CFE.EDS:DSD_REG_DEMO@DF_FERTILITY(2.4),Fertility - Regions,I,A,Annual,CTRY,Country,JPN,Japan,_Z,Not applicable,FERT_RATIO,Fertility rate,Y35T39,From 35 to 39 years,F,Female,BR_L_W,Live births per woman,2010,,0.22754999999999997,,JPN,Japan,A,Normal value,0,Units,2,Two
DATAFLOW,OECD.CFE.EDS:DSD_REG_DEMO@DF_FERTILITY(2.4),Fertility - Regions,I,A,Annual,CTRY,Country,FRA,France,_Z,Not applicable,FERT_RATIO,Fertility rate,Y35T39,From 35 to 39 years,F,Female,BR_L_W,Live births per woman,2010,,0.29244,,FRA,France,A,Normal value,0,Units,2,Two
DATAFLOW,OECD.CFE.EDS:DSD_REG_DEMO@DF_FERTILITY(2.4),Fertility - Regions,I,A,Annual,CTRY,Country,DEU,Germany,_Z,Not applicable,FERT_RATIO,Fertility rate,Y35T39,From 35 to 39 years,F,Female,BR_L_W,Live births per woman,2010,,0.24061000000000002,,DEU,Germany,A,Normal value,0,Units,2,Two
DATAFLOW,OECD.CFE.EDS:DSD_REG_DEMO@DF_FERTILITY(2.4),Fertility - Regions,I,A,Annual,CTRY,Country,ITA,Italy,_Z,Not applicable,FERT_RATIO,Fertility rate,Y35T39,From 35 to 39 years,F,Female,BR_L_W,Live births per woman,2010,,0.30949,,ITA,Italy,A,Normal value,0,Units,2,Two
DATAFLOW,OECD.CFE.EDS:DSD_REG_DEMO@DF_FERTILITY(2.4),Fertility - Regions,I,A,Annual,CTRY,Country,ITA,Italy,_Z,Not applicable,FERT_RATIO,Fertility rate,Y35T39,From 35 to 39 years,F,Female,BR_L_W,Live births per woman,2011,,0.31047,,ITA,Italy,A,Normal value,0,Units,2,Two
DATAFLOW,OECD.CFE.EDS:DSD_REG_DEMO@DF_FERTILITY(2.4),Fertility - Regions,I,A,Annual,CTRY,Country,DEU,Germany,_Z,Not applicable,FERT_RATIO,Fertility rate,Y35T39,From 35 to 39 years,F,Female,BR_L_W,Live births per woman,2011,,0.24462,,DEU,Germany,A,Normal value,0,Units,2,Two
DATAFLOW,OECD.CFE.EDS:DSD_REG_DEMO@DF_FERTILITY(2.4),Fertility - Regions,I,A,Annual,CTRY,Country,FRA,France,_Z,Not applicable,FERT_RATIO,Fertility rate,Y35T39,From 35 to 39 years,F,Female,BR_L_W,Live births per woman,2011,,0.29596,,FRA,France,A,Normal value,0,Units,2,Two
DATAFLOW,OECD.CFE.EDS:DSD_REG_DEMO@DF_FERTILITY(2.4),Fertility - Regions,I,A,Annual,CTRY,Country,JPN,Japan,_Z,Not applicable,FERT_RATIO,Fertility rate,Y35T39,From 35 to 39 years,F,Female,BR_L_W,Live births per woman,2011,,0.23120999999999997,,JPN,Japan,A,Normal value,0,Units,2,Two
DATAFLOW,OECD.CFE.EDS:DSD_REG_DEMO@DF_FERTILITY(2.4),Fertility - Regions,I,A,Annual,CTRY,Country,KOR,Korea,_Z,Not applicable,FERT_RATIO,Fertility rate,Y35T39,From 35 to 39 years,F,Female,BR_L_W,Live births per woman,2011,,0.177,,KOR,Korea,A,Normal value,0,Units,2,Two
DATAFLOW,OECD.CFE.EDS:DSD_REG_DEMO@DF_FERTILITY(2.4),Fertility - Regions,I,A,Annual,CTRY,Country,ESP,Spain,_Z,Not applicable,FERT_RATIO,Fertility rate,Y35T39,From 35 to 39 years,F,Female,BR_L_W,Live births per woman,2011,,0.31323,,ESP,Spain,A,Normal value,0,Units,2,Two
DATAFLOW,OECD.CFE.EDS:DSD_REG_DEMO@DF_FERTILITY(2.4),Fertility - Regions,I,A,Annual,CTRY,Country,ESP,Spain,_Z,Not applicable,FERT_RATIO,Fertility rate,Y35T39,From 35 to 39 years,F,Female,BR_L_W,Live births per woman,2012,,0.31247,,ESP,Spain,A,Normal value,0,Units,2,Two
DATAFLOW,OECD.CFE.EDS:DSD_REG_DEMO@DF_FERTILITY(2.4),Fertility - Regions,I,A,Annual,CTRY,Country,KOR,Korea,_Z,Not applicable,FERT_RATIO,Fertility rate,Y35T39,From 35 to 39 years,F,Female,BR_L_W,Live births per woman,2012,,0.195,,KOR,Korea,A,Normal value,0,Units,2,Two
DATAFLOW,OECD.CFE.EDS:DSD_REG_DEMO@DF_FERTILITY(2.4),Fertility - Regions,I,A,Annual,CTRY,Country,JPN,Japan,_Z,Not applicable,FERT_RATIO,Fertility rate,Y35T39,From 35 to 39 years,F,Female,BR_L_W,Live births per woman,2012,,0.24281999999999998,,JPN,Japan,A,Normal value,0,Units,2,Two
DATAFLOW,OECD.CFE.EDS:DSD_REG_DEMO@DF_FERTILITY(2.4),Fertility - Regions,I,A,Annual,CTRY,Country,FRA,France,_Z,Not applicable,FERT_RATIO,Fertility rate,Y35T39,From 35 to 39 years,F,Female,BR_L_W,Live births per woman,2012,,0.30165,,FRA,France,A,Normal value,0,Units,2,Two
DATAFLOW,OECD.CFE.EDS:DSD_REG_DEMO@DF_FERTILITY(2.4),Fertility - Regions,I,A,Annual,CTRY,Country,DEU,Germany,_Z,Not applicable,FERT_RATIO,Fertility rate,Y35T39,From 35 to 39 years,F,Female,BR_L_W,Live births per woman,2012,,0.25828,,DEU,Germany,A,Normal value,0,Units,2,Two
DATAFLOW,OECD.CFE.EDS:DSD_REG_DEMO@DF_FERTILITY(2.4),Fertility - Regions,I,A,Annual,CTRY,Country,ITA,Italy,_Z,Not applicable,FERT_RATIO,Fertility rate,Y35T39,From 35 to 39 years,F,Female,BR_L_W,Live births per woman,2012,,0.30829,,ITA,Italy,A,Normal value,0,Units,2,Two
DATAFLOW,OECD.CFE.EDS:DSD_REG_DEMO@DF_FERTILITY(2.4),Fertility - Regions,I,A,Annual,CTRY,Country,ITA,Italy,_Z,Not applicable,FERT_RATIO,Fertility rate,Y35T39,From 35 to 39 years,F,Female,BR_L_W,Live births per woman,2013,,0.30163,,ITA,Italy,A,Normal value,0,Units,2,Two
DATAFLOW,OECD.CFE.EDS:DSD_REG_DEMO@DF_FERTILITY(2.4),Fertility - Regions,I,A,Annual,CTRY,Country,DEU,Germany,_Z,Not applicable,FERT_RATIO,Fertility rate,Y35T39,From 35 to 39 years,F,Female,BR_L_W,Live births per woman,2013,,0.26827,,DEU,Germany,A,Normal value,0,Units,2,Two
DATAFLOW,OECD.CFE.EDS:DSD_REG_DEMO@DF_FERTILITY(2.4),Fertility - Regions,I,A,Annual,CTRY,Country,FRA,France,_Z,Not applicable,FERT_RATIO,Fertility rate,Y35T39,From 35 to 39 years,F,Female,BR_L_W,Live births per woman,2013,,0.3069,,FRA,France,A,Normal value,0,Units,2,Two
DATAFLOW,OECD.CFE.EDS:DSD_REG_DEMO@DF_FERTILITY(2.4),Fertility - Regions,I,A,Annual,CTRY,Country,JPN,Japan,_Z,Not applicable,FERT_RATIO,Fertility rate,Y35T39,From 35 to 39 years,F,Female,BR_L_W,Live births per woman,2013,,0.2571,,JPN,Japan,A,Normal value,0,Units,2,Two
DATAFLOW,OECD.CFE.EDS:DSD_REG_DEMO@DF_FERTILITY(2.4),Fertility - Regions,I,A,Annual,CTRY,Country,KOR,Korea,_Z,Not applicable,FERT_RATIO,Fertility rate,Y35T39,From 35 to 39 years,F,Female,BR_L_W,Live births per woman,2013,,0.1975,,KOR,Korea,A,Normal value,0,Units,2,Two
DATAFLOW,OECD.CFE.EDS:DSD_REG_DEMO@DF_FERTILITY(2.4),Fertility - Regions,I,A,Annual,CTRY,Country,ESP,Spain,_Z,Not applicable,FERT_RATIO,Fertility rate,Y35T39,From 35 to 39 years,F,Female,BR_L_W,Live births per woman,2013,,0.30464,,ESP,Spain,A,Normal value,0,Units,2,Two
DATAFLOW,OECD.CFE.EDS:DSD_REG_DEMO@DF_FERTILITY(2.4),Fertility - Regions,I,A,Annual,CTRY,Country,ESP,Spain,_Z,Not applicable,FERT_RATIO,Fertility rate,Y35T39,From 35 to 39 years,F,Female,BR_L_W,Live births per woman,2014,,0.31911,,ESP,Spain,A,Normal value,0,Units,2,Two
DATAFLOW,OECD.CFE.EDS:DSD_REG_DEMO@DF_FERTILITY(2.4),Fertility - Regions,I,A,Annual,CTRY,Country,KOR,Korea,_Z,Not applicable,FERT_RATIO,Fertility rate,Y35T39,From 35 to 39 years,F,Female,BR_L_W,Live births per woman,2014,,0.216,,KOR,Korea,A,Normal value,0,Units,2,Two
DATAFLOW,OECD.CFE.EDS:DSD_REG_DEMO@DF_FERTILITY(2.4),Fertility - Regions,I,A,Annual,CTRY,Country,JPN,Japan,_Z,Not applicable,FERT_RATIO,Fertility rate,Y35T39,From 35 to 39 years,F,Female,BR_L_W,Live births per woman,2014,,0.26389999999999997,,JPN,Japan,A,Normal value,0,Units,2,Two
DATAFLOW,OECD.CFE.EDS:DSD_REG_DEMO@DF_FERTILITY(2.4),Fertility - Regions,I,A,Annual,CTRY,Country,FRA,France,_Z,Not applicable,FERT_RATIO,Fertility rate,Y35T39,From 35 to 39 years,F,Female,BR_L_W,Live births per woman,2014,,0.31512,,FRA,France,A,Normal value,0,Units,2,Two
DATAFLOW,OECD.CFE.EDS:DSD_REG_DEMO@DF_FERTILITY(2.4),Fertility - Regions,I,A,Annual,CTRY,Country,DEU,Germany,_Z,Not applicable,FERT_RATIO,Fertility rate,Y35T39,From 35 to 39 years,F,Female,BR_L_W,Live births per woman,2014,,0.28355,,DEU,Germany,A,Normal value,0,Units,2,Two
DATAFLOW,OECD.CFE.EDS:DSD_REG_DEMO@DF_FERTILITY(2.4),Fertility - Regions,I,A,Annual,CTRY,Country,ITA,Italy,_Z,Not applicable,FERT_RATIO,Fertility rate,Y35T39,From 35 to 39 years,F,Female,BR_L_W,Live births per woman,2014,,0.30019,,ITA,Italy,A,Normal value,0,Units,2,Two
DATAFLOW,OECD.CFE.EDS:DSD_REG_DEMO@DF_FERTILITY(2.4),Fertility - Regions,I,A,Annual,CTRY,Country,ITA,Italy,_Z,Not applicable,FERT_RATIO,Fertility rate,Y35T39,From 35 to 39 years,F,Female,BR_L_W,Live births per woman,2015,,0.30147,,ITA,Italy,A,Normal value,0,Units,2,Two
DATAFLOW,OECD.CFE.EDS:DSD_REG_DEMO@DF_FERTILITY(2.4),Fertility - Regions,I,A,Annual,CTRY,Country,DEU,Germany,_Z,Not applicable,FERT_RATIO,Fertility rate,Y35T39,From 35 to 39 years,F,Female,BR_L_W,Live births per woman,2015,,0.29153,,DEU,Germany,A,Normal value,0,Units,2,Two
DATAFLOW,OECD.CFE.EDS:DSD_REG_DEMO@DF_FERTILITY(2.4),Fertility - Regions,I,A,Annual,CTRY,Country,FRA,France,_Z,Not applicable,FERT_RATIO,Fertility rate,Y35T39,From 35 to 39 years,F,Female,BR_L_W,Live births per woman,2015,,0.31593,,FRA,France,A,Normal value,0,Units,2,Two
DATAFLOW,OECD.CFE.EDS:DSD_REG_DEMO@DF_FERTILITY(2.4),Fertility - Regions,I,A,Annual,CTRY,Country,JPN,Japan,_Z,Not applicable,FERT_RATIO,Fertility rate,Y35T39,From 35 to 39 years,F,Female,BR_L_W,Live births per woman,2015,,0.28038,,JPN,Japan,A,Normal value,0,Units,2,Two
DATAFLOW,OECD.CFE.EDS:DSD_REG_DEMO@DF_FERTILITY(2.4),Fertility - Regions,I,A,Annual,CTRY,Country,KOR,Korea,_Z,Not applicable,FERT_RATIO,Fertility rate,Y35T39,From 35 to 39 years,F,Female,BR_L_W,Live births per woman,2015,,0.2415,,KOR,Korea,A,Normal value,0,Units,2,Two
DATAFLOW,OECD.CFE.EDS:DSD_REG_DEMO@DF_FERTILITY(2.4),Fertility - Regions,I,A,Annual,CTRY,Country,ESP,Spain,_Z,Not applicable,FERT_RATIO,Fertility rate,Y35T39,From 35 to 39 years,F,Female,BR_L_W,Live births per woman,2015,,0.32875,,ESP,Spain,A,Normal value,0,Units,2,Two
DATAFLOW,OECD.CFE.EDS:DSD_REG_DEMO@DF_FERTILITY(2.4),Fertility - Regions,I,A,Annual,CTRY,Country,ESP,Spain,_Z,Not applicable,FERT_RATIO,Fertility rate,Y35T39,From 35 to 39 years,F,Female,BR_L_W,Live births per woman,2016,,0.33533,,ESP,Spain,A,Normal value,0,Units,2,Two
DATAFLOW,OECD.CFE.EDS:DSD_REG_DEMO@DF_FERTILITY(2.4),Fertility - Regions,I,A,Annual,CTRY,Country,KOR,Korea,_Z,Not applicable,FERT_RATIO,Fertility rate,Y35T39,From 35 to 39 years,F,Female,BR_L_W,Live births per woman,2016,,0.24349999999999997,,KOR,Korea,A,Normal value,0,Units,2,Two
DATAFLOW,OECD.CFE.EDS:DSD_REG_DEMO@DF_FERTILITY(2.4),Fertility - Regions,I,A,Annual,CTRY,Country,JPN,Japan,_Z,Not applicable,FERT_RATIO,Fertility rate,Y35T39,From 35 to 39 years,F,Female,BR_L_W,Live births per woman,2016,,0.27902,,JPN,Japan,A,Normal value,0,Units,2,Two
DATAFLOW,OECD.CFE.EDS:DSD_REG_DEMO@DF_FERTILITY(2.4),Fertility - Regions,I,A,Annual,CTRY,Country,FRA,France,_Z,Not applicable,FERT_RATIO,Fertility rate,Y35T39,From 35 to 39 years,F,Female,BR_L_W,Live births per woman,2016,,0.31526,,FRA,France,A,Normal value,0,Units,2,Two
DATAFLOW,OECD.CFE.EDS:DSD_REG_DEMO@DF_FERTILITY(2.4),Fertility - Regions,I,A,Annual,CTRY,Country,DEU,Germany,_Z,Not applicable,FERT_RATIO,Fertility rate,Y35T39,From 35 to 39 years,F,Female,BR_L_W,Live births per woman,2016,,0.30886,,DEU,Germany,A,Normal value,0,Units,2,Two
DATAFLOW,OECD.CFE.EDS:DSD_REG_DEMO@DF_FERTILITY(2.4),Fertility - Regions,I,A,Annual,CTRY,Country,ITA,Italy,_Z,Not applicable,FERT_RATIO,Fertility rate,Y35T39,From 35 to 39 years,F,Female,BR_L_W,Live births per woman,2016,,0.30355,,ITA,Italy,A,Normal value,0,Units,2,Two
DATAFLOW,OECD.CFE.EDS:DSD_REG_DEMO@DF_FERTILITY(2.4),Fertility - Regions,I,A,Annual,CTRY,Country,ITA,Italy,_Z,Not applicable,FERT_RATIO,Fertility rate,Y35T39,From 35 to 39 years,F,Female,BR_L_W,Live births per woman,2017,,0.30612,,ITA,Italy,A,Normal value,0,Units,2,Two
DATAFLOW,OECD.CFE.EDS:DSD_REG_DEMO@DF_FERTILITY(2.4),Fertility - Regions,I,A,Annual,CTRY,Country,DEU,Germany,_Z,Not applicable,FERT_RATIO,Fertility rate,Y35T39,From 35 to 39 years,F,Female,BR_L_W,Live births per woman,2017,,0.30902999999999997,,DEU,Germany,A,Normal value,0,Units,2,Two
DATAFLOW,OECD.CFE.EDS:DSD_REG_DEMO@DF_FERTILITY(2.4),Fertility - Regions,I,A,Annual,CTRY,Country,FRA,France,_Z,Not applicable,FERT_RATIO,Fertility rate,Y35T39,From 35 to 39 years,F,Female,BR_L_W,Live births per woman,2017,,0.31584,,FRA,France,A,Normal value,0,Units,2,Two
DATAFLOW,OECD.CFE.EDS:DSD_REG_DEMO@DF_FERTILITY(2.4),Fertility - Regions,I,A,Annual,CTRY,Country,JPN,Japan,_Z,Not applicable,FERT_RATIO,Fertility rate,Y35T39,From 35 to 39 years,F,Female,BR_L_W,Live births per woman,2017,,0.27901,,JPN,Japan,A,Normal value,0,Units,2,Two
DATAFLOW,OECD.CFE.EDS:DSD_REG_DEMO@DF_FERTILITY(2.4),Fertility - Regions,I,A,Annual,CTRY,Country,KOR,Korea,_Z,Not applicable,FERT_RATIO,Fertility rate,Y35T39,From 35 to 39 years,F,Female,BR_L_W,Live births per woman,2017,,0.23599999999999996,,KOR,Korea,A,Normal value,0,Units,2,Two
DATAFLOW,OECD.CFE.EDS:DSD_REG_DEMO@DF_FERTILITY(2.4),Fertility - Regions,I,A,Annual,CTRY,Country,ESP,Spain,_Z,Not applicable,FERT_RATIO,Fertility rate,Y35T39,From 35 to 39 years,F,Female,BR_L_W,Live births per woman,2017,,0.33325000000000005,,ESP,Spain,A,Normal value,0,Units,2,Two
DATAFLOW,OECD.CFE.EDS:DSD_REG_DEMO@DF_FERTILITY(2.4),Fertility - Regions,I,A,Annual,CTRY,Country,ESP,Spain,_Z,Not applicable,FERT_RATIO,Fertility rate,Y35T39,From 35 to 39 years,F,Female,BR_L_W,Live births per woman,2018,,0.32656999999999997,,ESP,Spain,A,Normal value,0,Units,2,Two
DATAFLOW,OECD.CFE.EDS:DSD_REG_DEMO@DF_FERTILITY(2.4),Fertility - Regions,I,A,Annual,CTRY,Country,KOR,Korea,_Z,Not applicable,FERT_RATIO,Fertility rate,Y35T39,From 35 to 39 years,F,Female,BR_L_W,Live births per woman,2018,,0.2305,,KOR,Korea,A,Normal value,0,Units,2,Two
DATAFLOW,OECD.CFE.EDS:DSD_REG_DEMO@DF_FERTILITY(2.4),Fertility - Regions,I,A,Annual,CTRY,Country,JPN,Japan,_Z,Not applicable,FERT_RATIO,Fertility rate,Y35T39,From 35 to 39 years,F,Female,BR_L_W,Live births per woman,2018,,0.2781,,JPN,Japan,A,Normal value,0,Units,2,Two
DATAFLOW,OECD.CFE.EDS:DSD_REG_DEMO@DF_FERTILITY(2.4),Fertility - Regions,I,A,Annual,CTRY,Country,FRA,France,_Z,Not applicable,FERT_RATIO,Fertility rate,Y35T39,From 35 to 39 years,F,Female,BR_L_W,Live births per woman,2018,,0.31714,,FRA,France,A,Normal value,0,Units,2,Two
DATAFLOW,OECD.CFE.EDS:DSD_REG_DEMO@DF_FERTILITY(2.4),Fertility - Regions,I,A,Annual,CTRY,Country,DEU,Germany,_Z,Not applicable,FERT_RATIO,Fertility rate,Y35T39,From 35 to 39 years,F,Female,BR_L_W,Live births per woman,2018,,0.31537000000000004,,DEU,Germany,A,Normal value,0,Units,2,Two
DATAFLOW,OECD.CFE.EDS:DSD_REG_DEMO@DF_FERTILITY(2.4),Fertility - Regions,I,A,Annual,CTRY,Country,ITA,Italy,_Z,Not applicable,FERT_RATIO,Fertility rate,Y35T39,From 35 to 39 years,F,Female,BR_L_W,Live births per woman,2018,,0.30116,,ITA,Italy,A,Normal value,0,Units,2,Two
DATAFLOW,OECD.CFE.EDS:DSD_REG_DEMO@DF_FERTILITY(2.4),Fertility - Regions,I,A,Annual,CTRY,Country,ITA,Italy,_Z,Not applicable,FERT_RATIO,Fertility rate,Y35T39,From 35 to 39 years,F,Female,BR_L_W,Live births per woman,2019,,0.30252999999999997,,ITA,Italy,A,Normal value,0,Units,2,Two
DATAFLOW,OECD.CFE.EDS:DSD_REG_DEMO@DF_FERTILITY(2.4),Fertility - Regions,I,A,Annual,CTRY,Country,DEU,Germany,_Z,Not applicable,FERT_RATIO,Fertility rate,Y35T39,From 35 to 39 years,F,Female,BR_L_W,Live births per woman,2019,,0.31379,,DEU,Germany,A,Normal value,0,Units,2,Two
DATAFLOW,OECD.CFE.EDS:DSD_REG_DEMO@DF_FERTILITY(2.4),Fertility - Regions,I,A,Annual,CTRY,Country,FRA,France,_Z,Not applicable,FERT_RATIO,Fertility rate,Y35T39,From 35 to 39 years,F,Female,BR_L_W,Live births per woman,2019,,0.31965,,FRA,France,A,Normal value,0,Units,2,Two
DATAFLOW,OECD.CFE.EDS:DSD_REG_DEMO@DF_FERTILITY(2.4),Fertility - Regions,I,A,Annual,CTRY,Country,JPN,Japan,_Z,Not applicable,FERT_RATIO,Fertility rate,Y35T39,From 35 to 39 years,F,Female,BR_L_W,Live births per woman,2019,,0.26996,,JPN,Japan,A,Normal value,0,Units,2,Two
DATAFLOW,OECD.CFE.EDS:DSD_REG_DEMO@DF_FERTILITY(2.4),Fertility - Regions,I,A,Annual,CTRY,Country,KOR,Korea,_Z,Not applicable,FERT_RATIO,Fertility rate,Y35T39,From 35 to 39 years,F,Female,BR_L_W,Live births per woman,2019,,0.225,,KOR,Korea,A,Normal value,0,Units,2,Two
DATAFLOW,OECD.CFE.EDS:DSD_REG_DEMO@DF_FERTILITY(2.4),Fertility - Regions,I,A,Annual,CTRY,Country,ESP,Spain,_Z,Not applicable,FERT_RATIO,Fertility rate,Y35T39,From 35 to 39 years,F,Female,BR_L_W,Live births per woman,2019,,0.32495999999999997,,ESP,Spain,A,Normal value,0,Units,2,Two
DATAFLOW,OECD.CFE.EDS:DSD_REG_DEMO@DF_FERTILITY(2.4),Fertility - Regions,I,A,Annual,CTRY,Country,ESP,Spain,_Z,Not applicable,FERT_RATIO,Fertility rate,Y35T39,From 35 to 39 years,F,Female,BR_L_W,Live births per woman,2020,,0.31544999999999995,,ESP,Spain,A,Normal value,0,Units,2,Two
DATAFLOW,OECD.CFE.EDS:DSD_REG_DEMO@DF_FERTILITY(2.4),Fertility - Regions,I,A,Annual,CTRY,Country,KOR,Korea,_Z,Not applicable,FERT_RATIO,Fertility rate,Y35T39,From 35 to 39 years,F,Female,BR_L_W,Live births per woman,2020,,0.2115,,KOR,Korea,A,Normal value,0,Units,2,Two
DATAFLOW,OECD.CFE.EDS:DSD_REG_DEMO@DF_FERTILITY(2.4),Fertility - Regions,I,A,Annual,CTRY,Country,JPN,Japan,_Z,Not applicable,FERT_RATIO,Fertility rate,Y35T39,From 35 to 39 years,F,Female,BR_L_W,Live births per woman,2020,,0.26587,,JPN,Japan,A,Normal value,0,Units,2,Two
DATAFLOW,OECD.CFE.EDS:DSD_REG_DEMO@DF_FERTILITY(2.4),Fertility - Regions,I,A,Annual,CTRY,Country,FRA,France,_Z,Not applicable,FERT_RATIO,Fertility rate,Y35T39,From 35 to 39 years,F,Female,BR_L_W,Live births per woman,2020,,0.31720000000000004,,FRA,France,A,Normal value,0,Units,2,Two
DATAFLOW,OECD.CFE.EDS:DSD_REG_DEMO@DF_FERTILITY(2.4),Fertility - Regions,I,A,Annual,CTRY,Country,DEU,Germany,_Z,Not applicable,FERT_RATIO,Fertility rate,Y35T39,From 35 to 39 years,F,Female,BR_L_W,Live births per woman,2020,,0.31500999999999996,,DEU,Germany,A,Normal value,0,Units,2,Two
DATAFLOW,OECD.CFE.EDS:DSD_REG_DEMO@DF_FERTILITY(2.4),Fertility - Regions,I,A,Annual,CTRY,Country,ITA,Italy,_Z,Not applicable,FERT_RATIO,Fertility rate,Y35T39,From 35 to 39 years,F,Female,BR_L_W,Live births per woman,2020,,0.29988000000000004,,ITA,Italy,A,Normal value,0,Units,2,Two
DATAFLOW,OECD.CFE.EDS:DSD_REG_DEMO@DF_FERTILITY(2.4),Fertility - Regions,I,A,Annual,CTRY,Country,ITA,Italy,_Z,Not applicable,FERT_RATIO,Fertility rate,Y35T39,From 35 to 39 years,F,Female,BR_L_W,Live births per woman,2021,,0.3166,,ITA,Italy,A,Normal value,0,Units,2,Two
DATAFLOW,OECD.CFE.EDS:DSD_REG_DEMO@DF_FERTILITY(2.4),Fertility - Regions,I,A,Annual,CTRY,Country,FRA,France,_Z,Not applicable,FERT_RATIO,Fertility rate,Y35T39,From 35 to 39 years,F,Female,BR_L_W,Live births per woman,2021,,0.33202,,FRA,France,A,Normal value,0,Units,2,Two
DATAFLOW,OECD.CFE.EDS:DSD_REG_DEMO@DF_FERTILITY(2.4),Fertility - Regions,I,A,Annual,CTRY,Country,JPN,Japan,_Z,Not applicable,FERT_RATIO,Fertility rate,Y35T39,From 35 to 39 years,F,Female,BR_L_W,Live births per woman,2021,,0.26697,,JPN,Japan,A,Normal value,0,Units,2,Two
DATAFLOW,OECD.CFE.EDS:DSD_REG_DEMO@DF_FERTILITY(2.4),Fertility - Regions,I,A,Annual,CTRY,Country,KOR,Korea,_Z,Not applicable,FERT_RATIO,Fertility rate,Y35T39,From 35 to 39 years,F,Female,BR_L_W,Live births per woman,2021,,0.2175,,KOR,Korea,A,Normal value,0,Units,2,Two
DATAFLOW,OECD.CFE.EDS:DSD_REG_DEMO@DF_FERTILITY(2.4),Fertility - Regions,I,A,Annual,CTRY,Country,ESP,Spain,_Z,Not applicable,FERT_RATIO,Fertility rate,Y35T39,From 35 to 39 years,F,Female,BR_L_W,Live births per woman,2021,,0.32716,,ESP,Spain,A,Normal value,0,Units,2,Two
DATAFLOW,OECD.CFE.EDS:DSD_REG_DEMO@DF_FERTILITY(2.4),Fertility - Regions,I,A,Annual,CTRY,Country,ESP,Spain,_Z,Not applicable,FERT_RATIO,Fertility rate,Y35T39,From 35 to 39 years,F,Female,BR_L_W,Live births per woman,2022,,0.32213,,ESP,Spain,A,Normal value,0,Units,2,Two
DATAFLOW,OECD.CFE.EDS:DSD_REG_DEMO@DF_FERTILITY(2.4),Fertility - Regions,I,A,Annual,CTRY,Country,FRA,France,_Z,Not applicable,FERT_RATIO,Fertility rate,Y35T39,From 35 to 39 years,F,Female,BR_L_W,Live births per woman,2022,,0.32633999999999996,,FRA,France,A,Normal value,0,Units,2,Two
DATAFLOW,OECD.CFE.EDS:DSD_REG_DEMO@DF_FERTILITY(2.4),Fertility - Regions,I,A,Annual,CTRY,Country,DEU,Germany,_Z,Not applicable,FERT_RATIO,Fertility rate,Y35T39,From 35 to 39 years,F,Female,BR_L_W,Live births per woman,2022,,0.29908,,DEU,Germany,A,Normal value,0,Units,2,Two
DATAFLOW,OECD.CFE.EDS:DSD_REG_DEMO@DF_FERTILITY(2.4),Fertility - Regions,I,A,Annual,CTRY,Country,ITA,Italy,_Z,Not applicable,FERT_RATIO,Fertility rate,Y35T39,From 35 to 39 years,F,Female,BR_L_W,Live births per woman,2022,,0.30935,,ITA,Italy,A,Normal value,0,Units,2,Two
DATAFLOW,OECD.CFE.EDS:DSD_REG_DEMO@DF_FERTILITY(2.4),Fertility - Regions,I,A,Annual,CTRY,Country,FRA,France,_Z,Not applicable,FERT_RATIO,Fertility rate,Y20T24,From 20 to 24 years,F,Female,BR_L_W,Live births per woman,2000,,0.3225,,FRA,France,A,Normal value,0,Units,2,Two
DATAFLOW,OECD.CFE.EDS:DSD_REG_DEMO@DF_FERTILITY(2.4),Fertility - Regions,I,A,Annual,CTRY,Country,DEU,Germany,_Z,Not applicable,FERT_RATIO,Fertility rate,Y20T24,From 20 to 24 years,F,Female,BR_L_W,Live births per woman,2000,,0.2851,,DEU,Germany,A,Normal value,0,Units,2,Two
DATAFLOW,OECD.CFE.EDS:DSD_REG_DEMO@DF_FERTILITY(2.4),Fertility - Regions,I,A,Annual,CTRY,Country,ESP,Spain,_Z,Not applicable,FERT_RATIO,Fertility rate,Y20T24,From 20 to 24 years,F,Female,BR_L_W,Live births per woman,2000,,0.1236,,ESP,Spain,A,Normal value,0,Units,2,Two
DATAFLOW,OECD.CFE.EDS:DSD_REG_DEMO@DF_FERTILITY(2.4),Fertility - Regions,I,A,Annual,CTRY,Country,KOR,Korea,_Z,Not applicable,FERT_RATIO,Fertility rate,Y20T24,From 20 to 24 years,F,Female,BR_L_W,Live births per woman,2000,,0.196,,KOR,Korea,A,Normal value,0,Units,2,Two
DATAFLOW,OECD.CFE.EDS:DSD_REG_DEMO@DF_FERTILITY(2.4),Fertility - Regions,I,A,Annual,CTRY,Country,ITA,Italy,_Z,Not applicable,FERT_RATIO,Fertility rate,Y20T24,From 20 to 24 years,F,Female,BR_L_W,Live births per woman,2000,,0.16732,,ITA,Italy,A,Normal value,0,Units,2,Two
DATAFLOW,OECD.CFE.EDS:DSD_REG_DEMO@DF_FERTILITY(2.4),Fertility - Regions,I,A,Annual,CTRY,Country,ITA,Italy,_Z,Not applicable,FERT_RATIO,Fertility rate,Y20T24,From 20 to 24 years,F,Female,BR_L_W,Live births per woman,2001,,0.16566999999999998,,ITA,Italy,A,Normal value,0,Units,2,Two
DATAFLOW,OECD.CFE.EDS:DSD_REG_DEMO@DF_FERTILITY(2.4),Fertility - Regions,I,A,Annual,CTRY,Country,KOR,Korea,_Z,Not applicable,FERT_RATIO,Fertility rate,Y20T24,From 20 to 24 years,F,Female,BR_L_W,Live births per woman,2001,,0.1585,,KOR,Korea,A,Normal value,0,Units,2,Two
DATAFLOW,OECD.CFE.EDS:DSD_REG_DEMO@DF_FERTILITY(2.4),Fertility - Regions,I,A,Annual,CTRY,Country,ESP,Spain,_Z,Not applicable,FERT_RATIO,Fertility rate,Y20T24,From 20 to 24 years,F,Female,BR_L_W,Live births per woman,2001,,0.13012999999999997,,ESP,Spain,A,Normal value,0,Units,2,Two
DATAFLOW,OECD.CFE.EDS:DSD_REG_DEMO@DF_FERTILITY(2.4),Fertility - Regions,I,A,Annual,CTRY,Country,DEU,Germany,_Z,Not applicable,FERT_RATIO,Fertility rate,Y20T24,From 20 to 24 years,F,Female,BR_L_W,Live births per woman,2001,,0.27398999999999996,,DEU,Germany,A,Normal value,0,Units,2,Two
DATAFLOW,OECD.CFE.EDS:DSD_REG_DEMO@DF_FERTILITY(2.4),Fertility - Regions,I,A,Annual,CTRY,Country,FRA,France,_Z,Not applicable,FERT_RATIO,Fertility rate,Y20T24,From 20 to 24 years,F,Female,BR_L_W,Live births per woman,2001,,0.32682,,FRA,France,A,Normal value,0,Units,2,Two
DATAFLOW,OECD.CFE.EDS:DSD_REG_DEMO@DF_FERTILITY(2.4),Fertility - Regions,I,A,Annual,CTRY,Country,FRA,France,_Z,Not applicable,FERT_RATIO,Fertility rate,Y20T24,From 20 to 24 years,F,Female,BR_L_W,Live births per woman,2002,,0.31806,,FRA,France,A,Normal value,0,Units,2,Two
DATAFLOW,OECD.CFE.EDS:DSD_REG_DEMO@DF_FERTILITY(2.4),Fertility - Regions,I,A,Annual,CTRY,Country,DEU,Germany,_Z,Not applicable,FERT_RATIO,Fertility rate,Y20T24,From 20 to 24 years,F,Female,BR_L_W,Live births per woman,2002,,0.26273,,DEU,Germany,A,Normal value,0,Units,2,Two
DATAFLOW,OECD.CFE.EDS:DSD_REG_DEMO@DF_FERTILITY(2.4),Fertility - Regions,I,A,Annual,CTRY,Country,ESP,Spain,_Z,Not applicable,FERT_RATIO,Fertility rate,Y20T24,From 20 to 24 years,F,Female,BR_L_W,Live births per woman,2002,,0.13704,,ESP,Spain,A,Normal value,0,Units,2,Two
DATAFLOW,OECD.CFE.EDS:DSD_REG_DEMO@DF_FERTILITY(2.4),Fertility - Regions,I,A,Annual,CTRY,Country,KOR,Korea,_Z,Not applicable,FERT_RATIO,Fertility rate,Y20T24,From 20 to 24 years,F,Female,BR_L_W,Live births per woman,2002,,0.134,,KOR,Korea,A,Normal value,0,Units,2,Two
DATAFLOW,OECD.CFE.EDS:DSD_REG_DEMO@DF_FERTILITY(2.4),Fertility - Regions,I,A,Annual,CTRY,Country,ITA,Italy,_Z,Not applicable,FERT_RATIO,Fertility rate,Y20T24,From 20 to 24 years,F,Female,BR_L_W,Live births per woman,2002,,0.16272999999999999,,ITA,Italy,A,Normal value,0,Units,2,Two
DATAFLOW,OECD.CFE.EDS:DSD_REG_DEMO@DF_FERTILITY(2.4),Fertility - Regions,I,A,Annual,CTRY,Country,ITA,Italy,_Z,Not applicable,FERT_RATIO,Fertility rate,Y20T24,From 20 to 24 years,F,Female,BR_L_W,Live births per woman,2003,,0.15938,,ITA,Italy,A,Normal value,0,Units,2,Two
DATAFLOW,OECD.CFE.EDS:DSD_REG_DEMO@DF_FERTILITY(2.4),Fertility - Regions,I,A,Annual,CTRY,Country,KOR,Korea,_Z,Not applicable,FERT_RATIO,Fertility rate,Y20T24,From 20 to 24 years,F,Female,BR_L_W,Live births per woman,2003,,0.1195,,KOR,Korea,A,Normal value,0,Units,2,Two
DATAFLOW,OECD.CFE.EDS:DSD_REG_DEMO@DF_FERTILITY(2.4),Fertility - Regions,I,A,Annual,CTRY,Country,ESP,Spain,_Z,Not applicable,FERT_RATIO,Fertility rate,Y20T24,From 20 to 24 years,F,Female,BR_L_W,Live births per woman,2003,,0.14228999999999997,,ESP,Spain,A,Normal value,0,Units,2,Two
DATAFLOW,OECD.CFE.EDS:DSD_REG_DEMO@DF_FERTILITY(2.4),Fertility - Regions,I,A,Annual,CTRY,Country,DEU,Germany,_Z,Not applicable,FERT_RATIO,Fertility rate,Y20T24,From 20 to 24 years,F,Female,BR_L_W,Live births per woman,2003,,0.25258,,DEU,Germany,A,Normal value,0,Units,2,Two
DATAFLOW,OECD.CFE.EDS:DSD_REG_DEMO@DF_FERTILITY(2.4),Fertility - Regions,I,A,Annual,CTRY,Country,FRA,France,_Z,Not applicable,FERT_RATIO,Fertility rate,Y20T24,From 20 to 24 years,F,Female,BR_L_W,Live births per woman,2003,,0.31318999999999997,,FRA,France,A,Normal value,0,Units,2,Two
DATAFLOW,OECD.CFE.EDS:DSD_REG_DEMO@DF_FERTILITY(2.4),Fertility - Regions,I,A,Annual,CTRY,Country,FRA,France,_Z,Not applicable,FERT_RATIO,Fertility rate,Y20T24,From 20 to 24 years,F,Female,BR_L_W,Live births per woman,2004,,0.31621999999999995,,FRA,France,A,Normal value,0,Units,2,Two
DATAFLOW,OECD.CFE.EDS:DSD_REG_DEMO@DF_FERTILITY(2.4),Fertility - Regions,I,A,Annual,CTRY,Country,DEU,Germany,_Z,Not applicable,FERT_RATIO,Fertility rate,Y20T24,From 20 to 24 years,F,Female,BR_L_W,Live births per woman,2004,,0.24642,,DEU,Germany,A,Normal value,0,Units,2,Two
DATAFLOW,OECD.CFE.EDS:DSD_REG_DEMO@DF_FERTILITY(2.4),Fertility - Regions,I,A,Annual,CTRY,Country,ESP,Spain,_Z,Not applicable,FERT_RATIO,Fertility rate,Y20T24,From 20 to 24 years,F,Female,BR_L_W,Live births per woman,2004,,0.14962,,ESP,Spain,A,Normal value,0,Units,2,Two
DATAFLOW,OECD.CFE.EDS:DSD_REG_DEMO@DF_FERTILITY(2.4),Fertility - Regions,I,A,Annual,CTRY,Country,KOR,Korea,_Z,Not applicable,FERT_RATIO,Fertility rate,Y20T24,From 20 to 24 years,F,Female,BR_L_W,Live births per woman,2004,,0.104,,KOR,Korea,A,Normal value,0,Units,2,Two
DATAFLOW,OECD.CFE.EDS:DSD_REG_DEMO@DF_FERTILITY(2.4),Fertility - Regions,I,A,Annual,CTRY,Country,ITA,Italy,_Z,Not applicable,FERT_RATIO,Fertility rate,Y20T24,From 20 to 24 years,F,Female,BR_L_W,Live births per woman,2004,,0.16967,,ITA,Italy,A,Normal value,0,Units,2,Two
DATAFLOW,OECD.CFE.EDS:DSD_REG_DEMO@DF_FERTILITY(2.4),Fertility - Regions,I,A,Annual,CTRY,Country,ITA,Italy,_Z,Not applicable,FERT_RATIO,Fertility rate,Y20T24,From 20 to 24 years,F,Female,BR_L_W,Live births per woman,2005,,0.16818,,ITA,Italy,A,Normal value,0,Units,2,Two
DATAFLOW,OECD.CFE.EDS:DSD_REG_DEMO@DF_FERTILITY(2.4),Fertility - Regions,I,A,Annual,CTRY,Country,KOR,Korea,_Z,Not applicable,FERT_RATIO,Fertility rate,Y20T24,From 20 to 24 years,F,Female,BR_L_W,Live births per woman,2005,,0.09,,KOR,Korea,A,Normal value,0,Units,2,Two
DATAFLOW,OECD.CFE.EDS:DSD_REG_DEMO@DF_FERTILITY(2.4),Fertility - Regions,I,A,Annual,CTRY,Country,ESP,Spain,_Z,Not applicable,FERT_RATIO,Fertility rate,Y20T24,From 20 to 24 years,F,Female,BR_L_W,Live births per woman,2005,,0.1513,,ESP,Spain,A,Normal value,0,Units,2,Two
DATAFLOW,OECD.CFE.EDS:DSD_REG_DEMO@DF_FERTILITY(2.4),Fertility - Regions,I,A,Annual,CTRY,Country,DEU,Germany,_Z,Not applicable,FERT_RATIO,Fertility rate,Y20T24,From 20 to 24 years,F,Female,BR_L_W,Live births per woman,2005,,0.23504999999999998,,DEU,Germany,A,Normal value,0,Units,2,Two
DATAFLOW,OECD.CFE.EDS:DSD_REG_DEMO@DF_FERTILITY(2.4),Fertility - Regions,I,A,Annual,CTRY,Country,FRA,France,_Z,Not applicable,FERT_RATIO,Fertility rate,Y20T24,From 20 to 24 years,F,Female,BR_L_W,Live births per woman,2005,,0.3136,,FRA,France,A,Normal value,0,Units,2,Two
DATAFLOW,OECD.CFE.EDS:DSD_REG_DEMO@DF_FERTILITY(2.4),Fertility - Regions,I,A,Annual,CTRY,Country,FRA,France,_Z,Not applicable,FERT_RATIO,Fertility rate,Y20T24,From 20 to 24 years,F,Female,BR_L_W,Live births per woman,2006,,0.3201,,FRA,France,A,Normal value,0,Units,2,Two
DATAFLOW,OECD.CFE.EDS:DSD_REG_DEMO@DF_FERTILITY(2.4),Fertility - Regions,I,A,Annual,CTRY,Country,DEU,Germany,_Z,Not applicable,FERT_RATIO,Fertility rate,Y20T24,From 20 to 24 years,F,Female,BR_L_W,Live births per woman,2006,,0.22518000000000002,,DEU,Germany,A,Normal value,0,Units,2,Two
DATAFLOW,OECD.CFE.EDS:DSD_REG_DEMO@DF_FERTILITY(2.4),Fertility - Regions,I,A,Annual,CTRY,Country,ESP,Spain,_Z,Not applicable,FERT_RATIO,Fertility rate,Y20T24,From 20 to 24 years,F,Female,BR_L_W,Live births per woman,2006,,0.16077,,ESP,Spain,A,Normal value,0,Units,2,Two
DATAFLOW,OECD.CFE.EDS:DSD_REG_DEMO@DF_FERTILITY(2.4),Fertility - Regions,I,A,Annual,CTRY,Country,KOR,Korea,_Z,Not applicable,FERT_RATIO,Fertility rate,Y20T24,From 20 to 24 years,F,Female,BR_L_W,Live births per woman,2006,,0.089,,KOR,Korea,A,Normal value,0,Units,2,Two
DATAFLOW,OECD.CFE.EDS:DSD_REG_DEMO@DF_FERTILITY(2.4),Fertility - Regions,I,A,Annual,CTRY,Country,ITA,Italy,_Z,Not applicable,FERT_RATIO,Fertility rate,Y20T24,From 20 to 24 years,F,Female,BR_L_W,Live births per woman,2006,,0.17099,,ITA,Italy,A,Normal value,0,Units,2,Two
DATAFLOW,OECD.CFE.EDS:DSD_REG_DEMO@DF_FERTILITY(2.4),Fertility - Regions,I,A,Annual,CTRY,Country,ITA,Italy,_Z,Not applicable,FERT_RATIO,Fertility rate,Y20T24,From 20 to 24 years,F,Female,BR_L_W,Live births per woman,2007,,0.17457,,ITA,Italy,A,Normal value,0,Units,2,Two
DATAFLOW,OECD.CFE.EDS:DSD_REG_DEMO@DF_FERTILITY(2.4),Fertility - Regions,I,A,Annual,CTRY,Country,KOR,Korea,_Z,Not applicable,FERT_RATIO,Fertility rate,Y20T24,From 20 to 24 years,F,Female,BR_L_W,Live births per woman,2007,,0.0985,,KOR,Korea,A,Normal value,0,Units,2,Two
DATAFLOW,OECD.CFE.EDS:DSD_REG_DEMO@DF_FERTILITY(2.4),Fertility - Regions,I,A,Annual,CTRY,Country,ESP,Spain,_Z,Not applicable,FERT_RATIO,Fertility rate,Y20T24,From 20 to 24 years,F,Female,BR_L_W,Live births per woman,2007,,0.17207,,ESP,Spain,A,Normal value,0,Units,2,Two
DATAFLOW,OECD.CFE.EDS:DSD_REG_DEMO@DF_FERTILITY(2.4),Fertility - Regions,I,A,Annual,CTRY,Country,DEU,Germany,_Z,Not applicable,FERT_RATIO,Fertility rate,Y20T24,From 20 to 24 years,F,Female,BR_L_W,Live births per woman,2007,,0.21894,,DEU,Germany,A,Normal value,0,Units,2,Two
DATAFLOW,OECD.CFE.EDS:DSD_REG_DEMO@DF_FERTILITY(2.4),Fertility - Regions,I,A,Annual,CTRY,Country,FRA,France,_Z,Not applicable,FERT_RATIO,Fertility rate,Y20T24,From 20 to 24 years,F,Female,BR_L_W,Live births per woman,2007,,0.31138,,FRA,France,A,Normal value,0,Units,2,Two
DATAFLOW,OECD.CFE.EDS:DSD_REG_DEMO@DF_FERTILITY(2.4),Fertility - Regions,I,A,Annual,CTRY,Country,FRA,France,_Z,Not applicable,FERT_RATIO,Fertility rate,Y20T24,From 20 to 24 years,F,Female,BR_L_W,Live births per woman,2008,,0.31622999999999996,,FRA,France,A,Normal value,0,Units,2,Two
DATAFLOW,OECD.CFE.EDS:DSD_REG_DEMO@DF_FERTILITY(2.4),Fertility - Regions,I,A,Annual,CTRY,Country,DEU,Germany,_Z,Not applicable,FERT_RATIO,Fertility rate,Y20T24,From 20 to 24 years,F,Female,BR_L_W,Live births per woman,2008,,0.21056,,DEU,Germany,A,Normal value,0,Units,2,Two
DATAFLOW,OECD.CFE.EDS:DSD_REG_DEMO@DF_FERTILITY(2.4),Fertility - Regions,I,A,Annual,CTRY,Country,ESP,Spain,_Z,Not applicable,FERT_RATIO,Fertility rate,Y20T24,From 20 to 24 years,F,Female,BR_L_W,Live births per woman,2008,,0.18824999999999997,,ESP,Spain,A,Normal value,0,Units,2,Two
DATAFLOW,OECD.CFE.EDS:DSD_REG_DEMO@DF_FERTILITY(2.4),Fertility - Regions,I,A,Annual,CTRY,Country,KOR,Korea,_Z,Not applicable,FERT_RATIO,Fertility rate,Y20T24,From 20 to 24 years,F,Female,BR_L_W,Live births per woman,2008,,0.091,,KOR,Korea,A,Normal value,0,Units,2,Two
DATAFLOW,OECD.CFE.EDS:DSD_REG_DEMO@DF_FERTILITY(2.4),Fertility - Regions,I,A,Annual,CTRY,Country,ITA,Italy,_Z,Not applicable,FERT_RATIO,Fertility rate,Y20T24,From 20 to 24 years,F,Female,BR_L_W,Live births per woman,2008,,0.18123,,ITA,Italy,A,Normal value,0,Units,2,Two
DATAFLOW,OECD.CFE.EDS:DSD_REG_DEMO@DF_FERTILITY(2.4),Fertility - Regions,I,A,Annual,CTRY,Country,ITA,Italy,_Z,Not applicable,FERT_RATIO,Fertility rate,Y20T24,From 20 to 24 years,F,Female,BR_L_W,Live births per woman,2009,,0.17986999999999997,,ITA,Italy,A,Normal value,0,Units,2,Two
DATAFLOW,OECD.CFE.EDS:DSD_REG_DEMO@DF_FERTILITY(2.4),Fertility - Regions,I,A,Annual,CTRY,Country,KOR,Korea,_Z,Not applicable,FERT_RATIO,Fertility rate,Y20T24,From 20 to 24 years,F,Female,BR_L_W,Live births per woman,2009,,0.0825,,KOR,Korea,A,Normal value,0,Units,2,Two
DATAFLOW,OECD.CFE.EDS:DSD_REG_DEMO@DF_FERTILITY(2.4),Fertility - Regions,I,A,Annual,CTRY,Country,ESP,Spain,_Z,Not applicable,FERT_RATIO,Fertility rate,Y20T24,From 20 to 24 years,F,Female,BR_L_W,Live births per woman,2009,,0.17314000000000002,,ESP,Spain,A,Normal value,0,Units,2,Two
DATAFLOW,OECD.CFE.EDS:DSD_REG_DEMO@DF_FERTILITY(2.4),Fertility - Regions,I,A,Annual,CTRY,Country,JPN,Japan,_Z,Not applicable,FERT_RATIO,Fertility rate,Y20T24,From 20 to 24 years,F,Female,BR_L_W,Live births per woman,2009,,0.17360999999999996,,JPN,Japan,A,Normal value,0,Units,2,Two
DATAFLOW,OECD.CFE.EDS:DSD_REG_DEMO@DF_FERTILITY(2.4),Fertility - Regions,I,A,Annual,CTRY,Country,DEU,Germany,_Z,Not applicable,FERT_RATIO,Fertility rate,Y20T24,From 20 to 24 years,F,Female,BR_L_W,Live births per woman,2009,,0.19862000000000002,,DEU,Germany,A,Normal value,0,Units,2,Two
DATAFLOW,OECD.CFE.EDS:DSD_REG_DEMO@DF_FERTILITY(2.4),Fertility - Regions,I,A,Annual,CTRY,Country,FRA,France,_Z,Not applicable,FERT_RATIO,Fertility rate,Y20T24,From 20 to 24 years,F,Female,BR_L_W,Live births per woman,2009,,0.31277,,FRA,France,A,Normal value,0,Units,2,Two
DATAFLOW,OECD.CFE.EDS:DSD_REG_DEMO@DF_FERTILITY(2.4),Fertility - Regions,I,A,Annual,CTRY,Country,FRA,France,_Z,Not applicable,FERT_RATIO,Fertility rate,Y20T24,From 20 to 24 years,F,Female,BR_L_W,Live births per woman,2010,,0.31332,,FRA,France,A,Normal value,0,Units,2,Two
DATAFLOW,OECD.CFE.EDS:DSD_REG_DEMO@DF_FERTILITY(2.4),Fertility - Regions,I,A,Annual,CTRY,Country,DEU,Germany,_Z,Not applicable,FERT_RATIO,Fertility rate,Y20T24,From 20 to 24 years,F,Female,BR_L_W,Live births per woman,2010,,0.19431,,DEU,Germany,A,Normal value,0,Units,2,Two
DATAFLOW,OECD.CFE.EDS:DSD_REG_DEMO@DF_FERTILITY(2.4),Fertility - Regions,I,A,Annual,CTRY,Country,JPN,Japan,_Z,Not applicable,FERT_RATIO,Fertility rate,Y20T24,From 20 to 24 years,F,Female,BR_L_W,Live births per woman,2010,,0.17555,,JPN,Japan,A,Normal value,0,Units,2,Two
DATAFLOW,OECD.CFE.EDS:DSD_REG_DEMO@DF_FERTILITY(2.4),Fertility - Regions,I,A,Annual,CTRY,Country,ESP,Spain,_Z,Not applicable,FERT_RATIO,Fertility rate,Y20T24,From 20 to 24 years,F,Female,BR_L_W,Live births per woman,2010,,0.16765999999999998,,ESP,Spain,A,Normal value,0,Units,2,Two
DATAFLOW,OECD.CFE.EDS:DSD_REG_DEMO@DF_FERTILITY(2.4),Fertility - Regions,I,A,Annual,CTRY,Country,KOR,Korea,_Z,Not applicable,FERT_RATIO,Fertility rate,Y20T24,From 20 to 24 years,F,Female,BR_L_W,Live births per woman,2010,,0.0825,,KOR,Korea,A,Normal value,0,Units,2,Two
DATAFLOW,OECD.CFE.EDS:DSD_REG_DEMO@DF_FERTILITY(2.4),Fertility - Regions,I,A,Annual,CTRY,Country,ITA,Italy,_Z,Not applicable,FERT_RATIO,Fertility rate,Y20T24,From 20 to 24 years,F,Female,BR_L_W,Live births per woman,2010,,0.17491,,ITA,Italy,A,Normal value,0,Units,2,Two
DATAFLOW,OECD.CFE.EDS:DSD_REG_DEMO@DF_FERTILITY(2.4),Fertility - Regions,I,A,Annual,CTRY,Country,ITA,Italy,_Z,Not applicable,FERT_RATIO,Fertility rate,Y20T24,From 20 to 24 years,F,Female,BR_L_W,Live births per woman,2011,,0.16921,,ITA,Italy,A,Normal value,0,Units,2,Two
DATAFLOW,OECD.CFE.EDS:DSD_REG_DEMO@DF_FERTILITY(2.4),Fertility - Regions,I,A,Annual,CTRY,Country,KOR,Korea,_Z,Not applicable,FERT_RATIO,Fertility rate,Y20T24,From 20 to 24 years,F,Female,BR_L_W,Live births per woman,2011,,0.08200000000000002,,KOR,Korea,A,Normal value,0,Units,2,Two
DATAFLOW,OECD.CFE.EDS:DSD_REG_DEMO@DF_FERTILITY(2.4),Fertility - Regions,I,A,Annual,CTRY,Country,ESP,Spain,_Z,Not applicable,FERT_RATIO,Fertility rate,Y20T24,From 20 to 24 years,F,Female,BR_L_W,Live births per woman,2011,,0.15236,,ESP,Spain,A,Normal value,0,Units,2,Two
DATAFLOW,OECD.CFE.EDS:DSD_REG_DEMO@DF_FERTILITY(2.4),Fertility - Regions,I,A,Annual,CTRY,Country,JPN,Japan,_Z,Not applicable,FERT_RATIO,Fertility rate,Y20T24,From 20 to 24 years,F,Female,BR_L_W,Live births per woman,2011,,0.16703000000000004,,JPN,Japan,A,Normal value,0,Units,2,Two
DATAFLOW,OECD.CFE.EDS:DSD_REG_DEMO@DF_FERTILITY(2.4),Fertility - Regions,I,A,Annual,CTRY,Country,DEU,Germany,_Z,Not applicable,FERT_RATIO,Fertility rate,Y20T24,From 20 to 24 years,F,Female,BR_L_W,Live births per woman,2011,,0.18147000000000002,,DEU,Germany,A,Normal value,0,Units,2,Two
DATAFLOW,OECD.CFE.EDS:DSD_REG_DEMO@DF_FERTILITY(2.4),Fertility - Regions,I,A,Annual,CTRY,Country,FRA,France,_Z,Not applicable,FERT_RATIO,Fertility rate,Y20T24,From 20 to 24 years,F,Female,BR_L_W,Live births per woman,2011,,0.30485,,FRA,France,A,Normal value,0,Units,2,Two
DATAFLOW,OECD.CFE.EDS:DSD_REG_DEMO@DF_FERTILITY(2.4),Fertility - Regions,I,A,Annual,CTRY,Country,FRA,France,_Z,Not applicable,FERT_RATIO,Fertility rate,Y20T24,From 20 to 24 years,F,Female,BR_L_W,Live births per woman,2012,,0.29957,,FRA,France,A,Normal value,0,Units,2,Two
DATAFLOW,OECD.CFE.EDS:DSD_REG_DEMO@DF_FERTILITY(2.4),Fertility - Regions,I,A,Annual,CTRY,Country,DEU,Germany,_Z,Not applicable,FERT_RATIO,Fertility rate,Y20T24,From 20 to 24 years,F,Female,BR_L_W,Live births per woman,2012,,0.18317,,DEU,Germany,A,Normal value,0,Units,2,Two
DATAFLOW,OECD.CFE.EDS:DSD_REG_DEMO@DF_FERTILITY(2.4),Fertility - Regions,I,A,Annual,CTRY,Country,JPN,Japan,_Z,Not applicable,FERT_RATIO,Fertility rate,Y20T24,From 20 to 24 years,F,Female,BR_L_W,Live births per woman,2012,,0.15638999999999997,,JPN,Japan,A,Normal value,0,Units,2,Two
DATAFLOW,OECD.CFE.EDS:DSD_REG_DEMO@DF_FERTILITY(2.4),Fertility - Regions,I,A,Annual,CTRY,Country,ESP,Spain,_Z,Not applicable,FERT_RATIO,Fertility rate,Y20T24,From 20 to 24 years,F,Female,BR_L_W,Live births per woman,2012,,0.14541,,ESP,Spain,A,Normal value,0,Units,2,Two
DATAFLOW,OECD.CFE.EDS:DSD_REG_DEMO@DF_FERTILITY(2.4),Fertility - Regions,I,A,Annual,CTRY,Country,KOR,Korea,_Z,Not applicable,FERT_RATIO,Fertility rate,Y20T24,From 20 to 24 years,F,Female,BR_L_W,Live births per woman,2012,,0.08,,KOR,Korea,A,Normal value,0,Units,2,Two
DATAFLOW,OECD.CFE.EDS:DSD_REG_DEMO@DF_FERTILITY(2.4),Fertility - Regions,I,A,Annual,CTRY,Country,ITA,Italy,_Z,Not applicable,FERT_RATIO,Fertility rate,Y20T24,From 20 to 24 years,F,Female,BR_L_W,Live births per woman,2012,,0.16627999999999998,,ITA,Italy,A,Normal value,0,Units,2,Two
DATAFLOW,OECD.CFE.EDS:DSD_REG_DEMO@DF_FERTILITY(2.4),Fertility - Regions,I,A,Annual,CTRY,Country,ITA,Italy,_Z,Not applicable,FERT_RATIO,Fertility rate,Y20T24,From 20 to 24 years,F,Female,BR_L_W,Live births per woman,2013,,0.15631,,ITA,Italy,A,Normal value,0,Units,2,Two
DATAFLOW,OECD.CFE.EDS:DSD_REG_DEMO@DF_FERTILITY(2.4),Fertility - Regions,I,A,Annual,CTRY,Country,KOR,Korea,_Z,Not applicable,FERT_RATIO,Fertility rate,Y20T24,From 20 to 24 years,F,Female,BR_L_W,Live births per woman,2013,,0.07000000000000002,,KOR,Korea,A,Normal value,0,Units,2,Two
DATAFLOW,OECD.CFE.EDS:DSD_REG_DEMO@DF_FERTILITY(2.4),Fertility - Regions,I,A,Annual,CTRY,Country,ESP,Spain,_Z,Not applicable,FERT_RATIO,Fertility rate,Y20T24,From 20 to 24 years,F,Female,BR_L_W,Live births per woman,2013,,0.13416999999999998,,ESP,Spain,A,Normal value,0,Units,2,Two
DATAFLOW,OECD.CFE.EDS:DSD_REG_DEMO@DF_FERTILITY(2.4),Fertility - Regions,I,A,Annual,CTRY,Country,JPN,Japan,_Z,Not applicable,FERT_RATIO,Fertility rate,Y20T24,From 20 to 24 years,F,Female,BR_L_W,Live births per woman,2013,,0.15098000000000003,,JPN,Japan,A,Normal value,0,Units,2,Two
DATAFLOW,OECD.CFE.EDS:DSD_REG_DEMO@DF_FERTILITY(2.4),Fertility - Regions,I,A,Annual,CTRY,Country,DEU,Germany,_Z,Not applicable,FERT_RATIO,Fertility rate,Y20T24,From 20 to 24 years,F,Female,BR_L_W,Live births per woman,2013,,0.17638,,DEU,Germany,A,Normal value,0,Units,2,Two
DATAFLOW,OECD.CFE.EDS:DSD_REG_DEMO@DF_FERTILITY(2.4),Fertility - Regions,I,A,Annual,CTRY,Country,FRA,France,_Z,Not applicable,FERT_RATIO,Fertility rate,Y20T24,From 20 to 24 years,F,Female,BR_L_W,Live births per woman,2013,,0.28845,,FRA,France,A,Normal value,0,Units,2,Two
DATAFLOW,OECD.CFE.EDS:DSD_REG_DEMO@DF_FERTILITY(2.4),Fertility - Regions,I,A,Annual,CTRY,Country,FRA,France,_Z,Not applicable,FERT_RATIO,Fertility rate,Y20T24,From 20 to 24 years,F,Female,BR_L_W,Live births per woman,2014,,0.28381999999999996,,FRA,France,A,Normal value,0,Units,2,Two
DATAFLOW,OECD.CFE.EDS:DSD_REG_DEMO@DF_FERTILITY(2.4),Fertility - Regions,I,A,Annual,CTRY,Country,DEU,Germany,_Z,Not applicable,FERT_RATIO,Fertility rate,Y20T24,From 20 to 24 years,F,Female,BR_L_W,Live births per woman,2014,,0.17512999999999998,,DEU,Germany,A,Normal value,0,Units,2,Two
DATAFLOW,OECD.CFE.EDS:DSD_REG_DEMO@DF_FERTILITY(2.4),Fertility - Regions,I,A,Annual,CTRY,Country,JPN,Japan,_Z,Not applicable,FERT_RATIO,Fertility rate,Y20T24,From 20 to 24 years,F,Female,BR_L_W,Live births per woman,2014,,0.14376,,JPN,Japan,A,Normal value,0,Units,2,Two
DATAFLOW,OECD.CFE.EDS:DSD_REG_DEMO@DF_FERTILITY(2.4),Fertility - Regions,I,A,Annual,CTRY,Country,ESP,Spain,_Z,Not applicable,FERT_RATIO,Fertility rate,Y20T24,From 20 to 24 years,F,Female,BR_L_W,Live births per woman,2014,,0.13236,,ESP,Spain,A,Normal value,0,Units,2,Two
DATAFLOW,OECD.CFE.EDS:DSD_REG_DEMO@DF_FERTILITY(2.4),Fertility - Regions,I,A,Annual,CTRY,Country,KOR,Korea,_Z,Not applicable,FERT_RATIO,Fertility rate,Y20T24,From 20 to 24 years,F,Female,BR_L_W,Live births per woman,2014,,0.0655,,KOR,Korea,A,Normal value,0,Units,2,Two
DATAFLOW,OECD.CFE.EDS:DSD_REG_DEMO@DF_FERTILITY(2.4),Fertility - Regions,I,A,Annual,CTRY,Country,ITA,Italy,_Z,Not applicable,FERT_RATIO,Fertility rate,Y20T24,From 20 to 24 years,F,Female,BR_L_W,Live births per woman,2014,,0.15103,,ITA,Italy,A,Normal value,0,Units,2,Two
DATAFLOW,OECD.CFE.EDS:DSD_REG_DEMO@DF_FERTILITY(2.4),Fertility - Regions,I,A,Annual,CTRY,Country,ITA,Italy,_Z,Not applicable,FERT_RATIO,Fertility rate,Y20T24,From 20 to 24 years,F,Female,BR_L_W,Live births per woman,2015,,0.14251000000000003,,ITA,Italy,A,Normal value,0,Units,2,Two
DATAFLOW,OECD.CFE.EDS:DSD_REG_DEMO@DF_FERTILITY(2.4),Fertility - Regions,I,A,Annual,CTRY,Country,KOR,Korea,_Z,Not applicable,FERT_RATIO,Fertility rate,Y20T24,From 20 to 24 years,F,Female,BR_L_W,Live births per woman,2015,,0.0625,,KOR,Korea,A,Normal value,0,Units,2,Two
DATAFLOW,OECD.CFE.EDS:DSD_REG_DEMO@DF_FERTILITY(2.4),Fertility - Regions,I,A,Annual,CTRY,Country,ESP,Spain,_Z,Not applicable,FERT_RATIO,Fertility rate,Y20T24,From 20 to 24 years,F,Female,BR_L_W,Live births per woman,2015,,0.12963,,ESP,Spain,A,Normal value,0,Units,2,Two
DATAFLOW,OECD.CFE.EDS:DSD_REG_DEMO@DF_FERTILITY(2.4),Fertility - Regions,I,A,Annual,CTRY,Country,JPN,Japan,_Z,Not applicable,FERT_RATIO,Fertility rate,Y20T24,From 20 to 24 years,F,Female,BR_L_W,Live births per woman,2015,,0.1412,,JPN,Japan,A,Normal value,0,Units,2,Two
DATAFLOW,OECD.CFE.EDS:DSD_REG_DEMO@DF_FERTILITY(2.4),Fertility - Regions,I,A,Annual,CTRY,Country,DEU,Germany,_Z,Not applicable,FERT_RATIO,Fertility rate,Y20T24,From 20 to 24 years,F,Female,BR_L_W,Live births per woman,2015,,0.1763,,DEU,Germany,A,Normal value,0,Units,2,Two
DATAFLOW,OECD.CFE.EDS:DSD_REG_DEMO@DF_FERTILITY(2.4),Fertility - Regions,I,A,Annual,CTRY,Country,FRA,France,_Z,Not applicable,FERT_RATIO,Fertility rate,Y20T24,From 20 to 24 years,F,Female,BR_L_W,Live births per woman,2015,,0.27040000000000003,,FRA,France,A,Normal value,0,Units,2,Two
DATAFLOW,OECD.CFE.EDS:DSD_REG_DEMO@DF_FERTILITY(2.4),Fertility - Regions,I,A,Annual,CTRY,Country,FRA,France,_Z,Not applicable,FERT_RATIO,Fertility rate,Y20T24,From 20 to 24 years,F,Female,BR_L_W,Live births per woman,2016,,0.2609,,FRA,France,A,Normal value,0,Units,2,Two
DATAFLOW,OECD.CFE.EDS:DSD_REG_DEMO@DF_FERTILITY(2.4),Fertility - Regions,I,A,Annual,CTRY,Country,DEU,Germany,_Z,Not applicable,FERT_RATIO,Fertility rate,Y20T24,From 20 to 24 years,F,Female,BR_L_W,Live births per woman,2016,,0.19439,,DEU,Germany,A,Normal value,0,Units,2,Two
DATAFLOW,OECD.CFE.EDS:DSD_REG_DEMO@DF_FERTILITY(2.4),Fertility - Regions,I,A,Annual,CTRY,Country,JPN,Japan,_Z,Not applicable,FERT_RATIO,Fertility rate,Y20T24,From 20 to 24 years,F,Female,BR_L_W,Live births per woman,2016,,0.13736,,JPN,Japan,A,Normal value,0,Units,2,Two
DATAFLOW,OECD.CFE.EDS:DSD_REG_DEMO@DF_FERTILITY(2.4),Fertility - Regions,I,A,Annual,CTRY,Country,ESP,Spain,_Z,Not applicable,FERT_RATIO,Fertility rate,Y20T24,From 20 to 24 years,F,Female,BR_L_W,Live births per woman,2016,,0.12718000000000002,,ESP,Spain,A,Normal value,0,Units,2,Two
DATAFLOW,OECD.CFE.EDS:DSD_REG_DEMO@DF_FERTILITY(2.4),Fertility - Regions,I,A,Annual,CTRY,Country,KOR,Korea,_Z,Not applicable,FERT_RATIO,Fertility rate,Y20T24,From 20 to 24 years,F,Female,BR_L_W,Live births per woman,2016,,0.0575,,KOR,Korea,A,Normal value,0,Units,2,Two
DATAFLOW,OECD.CFE.EDS:DSD_REG_DEMO@DF_FERTILITY(2.4),Fertility - Regions,I,A,Annual,CTRY,Country,ITA,Italy,_Z,Not applicable,FERT_RATIO,Fertility rate,Y20T24,From 20 to 24 years,F,Female,BR_L_W,Live births per woman,2016,,0.13740000000000002,,ITA,Italy,A,Normal value,0,Units,2,Two
DATAFLOW,OECD.CFE.EDS:DSD_REG_DEMO@DF_FERTILITY(2.4),Fertility - Regions,I,A,Annual,CTRY,Country,ITA,Italy,_Z,Not applicable,FERT_RATIO,Fertility rate,Y20T24,From 20 to 24 years,F,Female,BR_L_W,Live births per woman,2017,,0.1315,,ITA,Italy,A,Normal value,0,Units,2,Two
DATAFLOW,OECD.CFE.EDS:DSD_REG_DEMO@DF_FERTILITY(2.4),Fertility - Regions,I,A,Annual,CTRY,Country,KOR,Korea,_Z,Not applicable,FERT_RATIO,Fertility rate,Y20T24,From 20 to 24 years,F,Female,BR_L_W,Live births per woman,2017,,0.048,,KOR,Korea,A,Normal value,0,Units,2,Two
DATAFLOW,OECD.CFE.EDS:DSD_REG_DEMO@DF_FERTILITY(2.4),Fertility - Regions,I,A,Annual,CTRY,Country,ESP,Spain,_Z,Not applicable,FERT_RATIO,Fertility rate,Y20T24,From 20 to 24 years,F,Female,BR_L_W,Live births per woman,2017,,0.12491000000000001,,ESP,Spain,A,Normal value,0,Units,2,Two
DATAFLOW,OECD.CFE.EDS:DSD_REG_DEMO@DF_FERTILITY(2.4),Fertility - Regions,I,A,Annual,CTRY,Country,JPN,Japan,_Z,Not applicable,FERT_RATIO,Fertility rate,Y20T24,From 20 to 24 years,F,Female,BR_L_W,Live births per woman,2017,,0.13107,,JPN,Japan,A,Normal value,0,Units,2,Two
DATAFLOW,OECD.CFE.EDS:DSD_REG_DEMO@DF_FERTILITY(2.4),Fertility - Regions,I,A,Annual,CTRY,Country,DEU,Germany,_Z,Not applicable,FERT_RATIO,Fertility rate,Y20T24,From 20 to 24 years,F,Female,BR_L_W,Live births per woman,2017,,0.18252,,DEU,Germany,A,Normal value,0,Units,2,Two
DATAFLOW,OECD.CFE.EDS:DSD_REG_DEMO@DF_FERTILITY(2.4),Fertility - Regions,I,A,Annual,CTRY,Country,FRA,France,_Z,Not applicable,FERT_RATIO,Fertility rate,Y20T24,From 20 to 24 years,F,Female,BR_L_W,Live births per woman,2017,,0.25177,,FRA,France,A,Normal value,0,Units,2,Two
DATAFLOW,OECD.CFE.EDS:DSD_REG_DEMO@DF_FERTILITY(2.4),Fertility - Regions,I,A,Annual,CTRY,Country,FRA,France,_Z,Not applicable,FERT_RATIO,Fertility rate,Y20T24,From 20 to 24 years,F,Female,BR_L_W,Live births per woman,2018,,0.24266,,FRA,France,A,Normal value,0,Units,2,Two
DATAFLOW,OECD.CFE.EDS:DSD_REG_DEMO@DF_FERTILITY(2.4),Fertility - Regions,I,A,Annual,CTRY,Country,DEU,Germany,_Z,Not applicable,FERT_RATIO,Fertility rate,Y20T24,From 20 to 24 years,F,Female,BR_L_W,Live births per woman,2018,,0.17814000000000002,,DEU,Germany,A,Normal value,0,Units,2,Two
DATAFLOW,OECD.CFE.EDS:DSD_REG_DEMO@DF_FERTILITY(2.4),Fertility - Regions,I,A,Annual,CTRY,Country,JPN,Japan,_Z,Not applicable,FERT_RATIO,Fertility rate,Y20T24,From 20 to 24 years,F,Female,BR_L_W,Live births per woman,2018,,0.12561,,JPN,Japan,A,Normal value,0,Units,2,Two
DATAFLOW,OECD.CFE.EDS:DSD_REG_DEMO@DF_FERTILITY(2.4),Fertility - Regions,I,A,Annual,CTRY,Country,ESP,Spain,_Z,Not applicable,FERT_RATIO,Fertility rate,Y20T24,From 20 to 24 years,F,Female,BR_L_W,Live births per woman,2018,,0.1201,,ESP,Spain,A,Normal value,0,Units,2,Two
DATAFLOW,OECD.CFE.EDS:DSD_REG_DEMO@DF_FERTILITY(2.4),Fertility - Regions,I,A,Annual,CTRY,Country,KOR,Korea,_Z,Not applicable,FERT_RATIO,Fertility rate,Y20T24,From 20 to 24 years,F,Female,BR_L_W,Live births per woman,2018,,0.04100000000000001,,KOR,Korea,A,Normal value,0,Units,2,Two
DATAFLOW,OECD.CFE.EDS:DSD_REG_DEMO@DF_FERTILITY(2.4),Fertility - Regions,I,A,Annual,CTRY,Country,ITA,Italy,_Z,Not applicable,FERT_RATIO,Fertility rate,Y20T24,From 20 to 24 years,F,Female,BR_L_W,Live births per woman,2018,,0.1243,,ITA,Italy,A,Normal value,0,Units,2,Two
DATAFLOW,OECD.CFE.EDS:DSD_REG_DEMO@DF_FERTILITY(2.4),Fertility - Regions,I,A,Annual,CTRY,Country,ITA,Italy,_Z,Not applicable,FERT_RATIO,Fertility rate,Y20T24,From 20 to 24 years,F,Female,BR_L_W,Live births per woman,2019,,0.11766,,ITA,Italy,A,Normal value,0,Units,2,Two
DATAFLOW,OECD.CFE.EDS:DSD_REG_DEMO@DF_FERTILITY(2.4),Fertility - Regions,I,A,Annual,CTRY,Country,KOR,Korea,_Z,Not applicable,FERT_RATIO,Fertility rate,Y20T24,From 20 to 24 years,F,Female,BR_L_W,Live births per woman,2019,,0.0355,,KOR,Korea,A,Normal value,0,Units,2,Two
DATAFLOW,OECD.CFE.EDS:DSD_REG_DEMO@DF_FERTILITY(2.4),Fertility - Regions,I,A,Annual,CTRY,Country,ESP,Spain,_Z,Not applicable,FERT_RATIO,Fertility rate,Y20T24,From 20 to 24 years,F,Female,BR_L_W,Live births per woman,2019,,0.11934,,ESP,Spain,A,Normal value,0,Units,2,Two
DATAFLOW,OECD.CFE.EDS:DSD_REG_DEMO@DF_FERTILITY(2.4),Fertility - Regions,I,A,Annual,CTRY,Country,JPN,Japan,_Z,Not applicable,FERT_RATIO,Fertility rate,Y20T24,From 20 to 24 years,F,Female,BR_L_W,Live births per woman,2019,,0.11669,,JPN,Japan,A,Normal value,0,Units,2,Two
DATAFLOW,OECD.CFE.EDS:DSD_REG_DEMO@DF_FERTILITY(2.4),Fertility - Regions,I,A,Annual,CTRY,Country,DEU,Germany,_Z,Not applicable,FERT_RATIO,Fertility rate,Y20T24,From 20 to 24 years,F,Female,BR_L_W,Live births per woman,2019,,0.16920000000000002,,DEU,Germany,A,Normal value,0,Units,2,Two
DATAFLOW,OECD.CFE.EDS:DSD_REG_DEMO@DF_FERTILITY(2.4),Fertility - Regions,I,A,Annual,CTRY,Country,FRA,France,_Z,Not applicable,FERT_RATIO,Fertility rate,Y20T24,From 20 to 24 years,F,Female,BR_L_W,Live births per woman,2019,,0.24087,,FRA,France,A,Normal value,0,Units,2,Two
DATAFLOW,OECD.CFE.EDS:DSD_REG_DEMO@DF_FERTILITY(2.4),Fertility - Regions,I,A,Annual,CTRY,Country,FRA,France,_Z,Not applicable,FERT_RATIO,Fertility rate,Y20T24,From 20 to 24 years,F,Female,BR_L_W,Live births per woman,2020,,0.22799999999999998,,FRA,France,A,Normal value,0,Units,2,Two
DATAFLOW,OECD.CFE.EDS:DSD_REG_DEMO@DF_FERTILITY(2.4),Fertility - Regions,I,A,Annual,CTRY,Country,DEU,Germany,_Z,Not applicable,FERT_RATIO,Fertility rate,Y20T24,From 20 to 24 years,F,Female,BR_L_W,Live births per woman,2020,,0.16122,,DEU,Germany,A,Normal value,0,Units,2,Two
DATAFLOW,OECD.CFE.EDS:DSD_REG_DEMO@DF_FERTILITY(2.4),Fertility - Regions,I,A,Annual,CTRY,Country,JPN,Japan,_Z,Not applicable,FERT_RATIO,Fertility rate,Y20T24,From 20 to 24 years,F,Female,BR_L_W,Live births per woman,2020,,0.10815,,JPN,Japan,A,Normal value,0,Units,2,Two
DATAFLOW,OECD.CFE.EDS:DSD_REG_DEMO@DF_FERTILITY(2.4),Fertility - Regions,I,A,Annual,CTRY,Country,ESP,Spain,_Z,Not applicable,FERT_RATIO,Fertility rate,Y20T24,From 20 to 24 years,F,Female,BR_L_W,Live births per woman,2020,,0.11302999999999999,,ESP,Spain,A,Normal value,0,Units,2,Two
DATAFLOW,OECD.CFE.EDS:DSD_REG_DEMO@DF_FERTILITY(2.4),Fertility - Regions,I,A,Annual,CTRY,Country,KOR,Korea,_Z,Not applicable,FERT_RATIO,Fertility rate,Y20T24,From 20 to 24 years,F,Female,BR_L_W,Live births per woman,2020,,0.031,,KOR,Korea,A,Normal value,0,Units,2,Two
DATAFLOW,OECD.CFE.EDS:DSD_REG_DEMO@DF_FERTILITY(2.4),Fertility - Regions,I,A,Annual,CTRY,Country,ITA,Italy,_Z,Not applicable,FERT_RATIO,Fertility rate,Y20T24,From 20 to 24 years,F,Female,BR_L_W,Live births per woman,2020,,0.11192,,ITA,Italy,A,Normal value,0,Units,2,Two
DATAFLOW,OECD.CFE.EDS:DSD_REG_DEMO@DF_FERTILITY(2.4),Fertility - Regions,I,A,Annual,CTRY,Country,ITA,Italy,_Z,Not applicable,FERT_RATIO,Fertility rate,Y20T24,From 20 to 24 years,F,Female,BR_L_W,Live births per woman,2021,,0.10437,,ITA,Italy,A,Normal value,0,Units,2,Two
DATAFLOW,OECD.CFE.EDS:DSD_REG_DEMO@DF_FERTILITY(2.4),Fertility - Regions,I,A,Annual,CTRY,Country,KOR,Korea,_Z,Not applicable,FERT_RATIO,Fertility rate,Y20T24,From 20 to 24 years,F,Female,BR_L_W,Live births per woman,2021,,0.025,,KOR,Korea,A,Normal value,0,Units,2,Two
DATAFLOW,OECD.CFE.EDS:DSD_REG_DEMO@DF_FERTILITY(2.4),Fertility - Regions,I,A,Annual,CTRY,Country,ESP,Spain,_Z,Not applicable,FERT_RATIO,Fertility rate,Y20T24,From 20 to 24 years,F,Female,BR_L_W,Live births per woman,2021,,0.10135,,ESP,Spain,A,Normal value,0,Units,2,Two
DATAFLOW,OECD.CFE.EDS:DSD_REG_DEMO@DF_FERTILITY(2.4),Fertility - Regions,I,A,Annual,CTRY,Country,JPN,Japan,_Z,Not applicable,FERT_RATIO,Fertility rate,Y20T24,From 20 to 24 years,F,Female,BR_L_W,Live births per woman,2021,,0.09793,,JPN,Japan,A,Normal value,0,Units,2,Two
DATAFLOW,OECD.CFE.EDS:DSD_REG_DEMO@DF_FERTILITY(2.4),Fertility - Regions,I,A,Annual,CTRY,Country,FRA,France,_Z,Not applicable,FERT_RATIO,Fertility rate,Y20T24,From 20 to 24 years,F,Female,BR_L_W,Live births per woman,2021,,0.21395,,FRA,France,A,Normal value,0,Units,2,Two
DATAFLOW,OECD.CFE.EDS:DSD_REG_DEMO@DF_FERTILITY(2.4),Fertility - Regions,I,A,Annual,CTRY,Country,FRA,France,_Z,Not applicable,FERT_RATIO,Fertility rate,Y20T24,From 20 to 24 years,F,Female,BR_L_W,Live births per woman,2022,,0.21149999999999997,,FRA,France,A,Normal value,0,Units,2,Two
DATAFLOW,OECD.CFE.EDS:DSD_REG_DEMO@DF_FERTILITY(2.4),Fertility - Regions,I,A,Annual,CTRY,Country,DEU,Germany,_Z,Not applicable,FERT_RATIO,Fertility rate,Y20T24,From 20 to 24 years,F,Female,BR_L_W,Live births per woman,2022,,0.15097,,DEU,Germany,A,Normal value,0,Units,2,Two
DATAFLOW,OECD.CFE.EDS:DSD_REG_DEMO@DF_FERTILITY(2.4),Fertility - Regions,I,A,Annual,CTRY,Country,ESP,Spain,_Z,Not applicable,FERT_RATIO,Fertility rate,Y20T24,From 20 to 24 years,F,Female,BR_L_W,Live births per woman,2022,,0.10196,,ESP,Spain,A,Normal value,0,Units,2,Two
DATAFLOW,OECD.CFE.EDS:DSD_REG_DEMO@DF_FERTILITY(2.4),Fertility - Regions,I,A,Annual,CTRY,Country,ITA,Italy,_Z,Not applicable,FERT_RATIO,Fertility rate,Y20T24,From 20 to 24 years,F,Female,BR_L_W,Live births per woman,2022,,0.10214999999999999,,ITA,Italy,A,Normal value,0,Units,2,Two
DATAFLOW,OECD.CFE.EDS:DSD_REG_DEMO@DF_FERTILITY(2.4),Fertility - Regions,I,A,Annual,CTRY,Country,DEU,Germany,_Z,Not applicable,FERT_RATIO,Fertility rate,_T,Total,F,Female,BR_L_W,Live births per woman,2000,,1.38,,DEU,Germany,A,Normal value,0,Units,2,Two
DATAFLOW,OECD.CFE.EDS:DSD_REG_DEMO@DF_FERTILITY(2.4),Fertility - Regions,I,A,Annual,CTRY,Country,ITA,Italy,_Z,Not applicable,FERT_RATIO,Fertility rate,_T,Total,F,Female,BR_L_W,Live births per woman,2000,,1.26,,ITA,Italy,A,Normal value,0,Units,2,Two
DATAFLOW,OECD.CFE.EDS:DSD_REG_DEMO@DF_FERTILITY(2.4),Fertility - Regions,I,A,Annual,CTRY,Country,ESP,Spain,_Z,Not applicable,FERT_RATIO,Fertility rate,_T,Total,F,Female,BR_L_W,Live births per woman,2000,,1.22,,ESP,Spain,A,Normal value,0,Units,2,Two
DATAFLOW,OECD.CFE.EDS:DSD_REG_DEMO@DF_FERTILITY(2.4),Fertility - Regions,I,A,Annual,CTRY,Country,FRA,France,_Z,Not applicable,FERT_RATIO,Fertility rate,_T,Total,F,Female,BR_L_W,Live births per woman,2000,,1.89,,FRA,France,A,Normal value,0,Units,2,Two
DATAFLOW,OECD.CFE.EDS:DSD_REG_DEMO@DF_FERTILITY(2.4),Fertility - Regions,I,A,Annual,CTRY,Country,KOR,Korea,_Z,Not applicable,FERT_RATIO,Fertility rate,_T,Total,F,Female,BR_L_W,Live births per woman,2000,,1.48,,KOR,Korea,A,Normal value,0,Units,2,Two
DATAFLOW,OECD.CFE.EDS:DSD_REG_DEMO@DF_FERTILITY(2.4),Fertility - Regions,I,A,Annual,CTRY,Country,JPN,Japan,_Z,Not applicable,FERT_RATIO,Fertility rate,_T,Total,F,Female,BR_L_W,Live births per woman,2000,,1.36,,JPN,Japan,A,Normal value,0,Units,2,Two
DATAFLOW,OECD.CFE.EDS:DSD_REG_DEMO@DF_FERTILITY(2.4),Fertility - Regions,I,A,Annual,CTRY,Country,JPN,Japan,_Z,Not applicable,FERT_RATIO,Fertility rate,_T,Total,F,Female,BR_L_W,Live births per woman,2001,,1.33,,JPN,Japan,A,Normal value,0,Units,2,Two
DATAFLOW,OECD.CFE.EDS:DSD_REG_DEMO@DF_FERTILITY(2.4),Fertility - Regions,I,A,Annual,CTRY,Country,KOR,Korea,_Z,Not applicable,FERT_RATIO,Fertility rate,_T,Total,F,Female,BR_L_W,Live births per woman,2001,,1.309,,KOR,Korea,A,Normal value,0,Units,2,Two
DATAFLOW,OECD.CFE.EDS:DSD_REG_DEMO@DF_FERTILITY(2.4),Fertility - Regions,I,A,Annual,CTRY,Country,FRA,France,_Z,Not applicable,FERT_RATIO,Fertility rate,_T,Total,F,Female,BR_L_W,Live births per woman,2001,,1.9,,FRA,France,A,Normal value,0,Units,2,Two
DATAFLOW,OECD.CFE.EDS:DSD_REG_DEMO@DF_FERTILITY(2.4),Fertility - Regions,I,A,Annual,CTRY,Country,ESP,Spain,_Z,Not applicable,FERT_RATIO,Fertility rate,_T,Total,F,Female,BR_L_W,Live births per woman,2001,,1.23,,ESP,Spain,A,Normal value,0,Units,2,Two
DATAFLOW,OECD.CFE.EDS:DSD_REG_DEMO@DF_FERTILITY(2.4),Fertility - Regions,I,A,Annual,CTRY,Country,ITA,Italy,_Z,Not applicable,FERT_RATIO,Fertility rate,_T,Total,F,Female,BR_L_W,Live births per woman,2001,,1.25,,ITA,Italy,A,Normal value,0,Units,2,Two
DATAFLOW,OECD.CFE.EDS:DSD_REG_DEMO@DF_FERTILITY(2.4),Fertility - Regions,I,A,Annual,CTRY,Country,DEU,Germany,_Z,Not applicable,FERT_RATIO,Fertility rate,_T,Total,F,Female,BR_L_W,Live births per woman,2001,,1.35,,DEU,Germany,A,Normal value,0,Units,2,Two
DATAFLOW,OECD.CFE.EDS:DSD_REG_DEMO@DF_FERTILITY(2.4),Fertility - Regions,I,A,Annual,CTRY,Country,DEU,Germany,_Z,Not applicable,FERT_RATIO,Fertility rate,_T,Total,F,Female,BR_L_W,Live births per woman,2002,,1.34,,DEU,Germany,A,Normal value,0,Units,2,Two
DATAFLOW,OECD.CFE.EDS:DSD_REG_DEMO@DF_FERTILITY(2.4),Fertility - Regions,I,A,Annual,CTRY,Country,ITA,Italy,_Z,Not applicable,FERT_RATIO,Fertility rate,_T,Total,F,Female,BR_L_W,Live births per woman,2002,,1.27,,ITA,Italy,A,Normal value,0,Units,2,Two
DATAFLOW,OECD.CFE.EDS:DSD_REG_DEMO@DF_FERTILITY(2.4),Fertility - Regions,I,A,Annual,CTRY,Country,ESP,Spain,_Z,Not applicable,FERT_RATIO,Fertility rate,_T,Total,F,Female,BR_L_W,Live births per woman,2002,,1.25,,ESP,Spain,A,Normal value,0,Units,2,Two
DATAFLOW,OECD.CFE.EDS:DSD_REG_DEMO@DF_FERTILITY(2.4),Fertility - Regions,I,A,Annual,CTRY,Country,FRA,France,_Z,Not applicable,FERT_RATIO,Fertility rate,_T,Total,F,Female,BR_L_W,Live births per woman,2002,,1.88,,FRA,France,A,Normal value,0,Units,2,Two
DATAFLOW,OECD.CFE.EDS:DSD_REG_DEMO@DF_FERTILITY(2.4),Fertility - Regions,I,A,Annual,CTRY,Country,KOR,Korea,_Z,Not applicable,FERT_RATIO,Fertility rate,_T,Total,F,Female,BR_L_W,Live births per woman,2002,,1.178,,KOR,Korea,A,Normal value,0,Units,2,Two
DATAFLOW,OECD.CFE.EDS:DSD_REG_DEMO@DF_FERTILITY(2.4),Fertility - Regions,I,A,Annual,CTRY,Country,JPN,Japan,_Z,Not applicable,FERT_RATIO,Fertility rate,_T,Total,F,Female,BR_L_W,Live births per woman,2002,,1.32,,JPN,Japan,A,Normal value,0,Units,2,Two
DATAFLOW,OECD.CFE.EDS:DSD_REG_DEMO@DF_FERTILITY(2.4),Fertility - Regions,I,A,Annual,CTRY,Country,JPN,Japan,_Z,Not applicable,FERT_RATIO,Fertility rate,_T,Total,F,Female,BR_L_W,Live births per woman,2003,,1.29,,JPN,Japan,A,Normal value,0,Units,2,Two
DATAFLOW,OECD.CFE.EDS:DSD_REG_DEMO@DF_FERTILITY(2.4),Fertility - Regions,I,A,Annual,CTRY,Country,KOR,Korea,_Z,Not applicable,FERT_RATIO,Fertility rate,_T,Total,F,Female,BR_L_W,Live births per woman,2003,,1.191,,KOR,Korea,A,Normal value,0,Units,2,Two
DATAFLOW,OECD.CFE.EDS:DSD_REG_DEMO@DF_FERTILITY(2.4),Fertility - Regions,I,A,Annual,CTRY,Country,FRA,France,_Z,Not applicable,FERT_RATIO,Fertility rate,_T,Total,F,Female,BR_L_W,Live births per woman,2003,,1.89,,FRA,France,A,Normal value,0,Units,2,Two
DATAFLOW,OECD.CFE.EDS:DSD_REG_DEMO@DF_FERTILITY(2.4),Fertility - Regions,I,A,Annual,CTRY,Country,ESP,Spain,_Z,Not applicable,FERT_RATIO,Fertility rate,_T,Total,F,Female,BR_L_W,Live births per woman,2003,,1.3,,ESP,Spain,A,Normal value,0,Units,2,Two
DATAFLOW,OECD.CFE.EDS:DSD_REG_DEMO@DF_FERTILITY(2.4),Fertility - Regions,I,A,Annual,CTRY,Country,ITA,Italy,_Z,Not applicable,FERT_RATIO,Fertility rate,_T,Total,F,Female,BR_L_W,Live births per woman,2003,,1.29,,ITA,Italy,A,Normal value,0,Units,2,Two
DATAFLOW,OECD.CFE.EDS:DSD_REG_DEMO@DF_FERTILITY(2.4),Fertility - Regions,I,A,Annual,CTRY,Country,DEU,Germany,_Z,Not applicable,FERT_RATIO,Fertility rate,_T,Total,F,Female,BR_L_W,Live births per woman,2003,,1.34,,DEU,Germany,A,Normal value,0,Units,2,Two
DATAFLOW,OECD.CFE.EDS:DSD_REG_DEMO@DF_FERTILITY(2.4),Fertility - Regions,I,A,Annual,CTRY,Country,DEU,Germany,_Z,Not applicable,FERT_RATIO,Fertility rate,_T,Total,F,Female,BR_L_W,Live births per woman,2004,,1.36,,DEU,Germany,A,Normal value,0,Units,2,Two
DATAFLOW,OECD.CFE.EDS:DSD_REG_DEMO@DF_FERTILITY(2.4),Fertility - Regions,I,A,Annual,CTRY,Country,ITA,Italy,_Z,Not applicable,FERT_RATIO,Fertility rate,_T,Total,F,Female,BR_L_W,Live births per woman,2004,,1.34,,ITA,Italy,A,Normal value,0,Units,2,Two
DATAFLOW,OECD.CFE.EDS:DSD_REG_DEMO@DF_FERTILITY(2.4),Fertility - Regions,I,A,Annual,CTRY,Country,ESP,Spain,_Z,Not applicable,FERT_RATIO,Fertility rate,_T,Total,F,Female,BR_L_W,Live births per woman,2004,,1.31,,ESP,Spain,A,Normal value,0,Units,2,Two
DATAFLOW,OECD.CFE.EDS:DSD_REG_DEMO@DF_FERTILITY(2.4),Fertility - Regions,I,A,Annual,CTRY,Country,FRA,France,_Z,Not applicable,FERT_RATIO,Fertility rate,_T,Total,F,Female,BR_L_W,Live births per woman,2004,,1.92,,FRA,France,A,Normal value,0,Units,2,Two
DATAFLOW,OECD.CFE.EDS:DSD_REG_DEMO@DF_FERTILITY(2.4),Fertility - Regions,I,A,Annual,CTRY,Country,KOR,Korea,_Z,Not applicable,FERT_RATIO,Fertility rate,_T,Total,F,Female,BR_L_W,Live births per woman,2004,,1.164,,KOR,Korea,A,Normal value,0,Units,2,Two
DATAFLOW,OECD.CFE.EDS:DSD_REG_DEMO@DF_FERTILITY(2.4),Fertility - Regions,I,A,Annual,CTRY,Country,JPN,Japan,_Z,Not applicable,FERT_RATIO,Fertility rate,_T,Total,F,Female,BR_L_W,Live births per woman,2004,,1.29,,JPN,Japan,A,Normal value,0,Units,2,Two
DATAFLOW,OECD.CFE.EDS:DSD_REG_DEMO@DF_FERTILITY(2.4),Fertility - Regions,I,A,Annual,CTRY,Country,JPN,Japan,_Z,Not applicable,FERT_RATIO,Fertility rate,_T,Total,F,Female,BR_L_W,Live births per woman,2005,,1.26,,JPN,Japan,A,Normal value,0,Units,2,Two
DATAFLOW,OECD.CFE.EDS:DSD_REG_DEMO@DF_FERTILITY(2.4),Fertility - Regions,I,A,Annual,CTRY,Country,KOR,Korea,_Z,Not applicable,FERT_RATIO,Fertility rate,_T,Total,F,Female,BR_L_W,Live births per woman,2005,,1.085,,KOR,Korea,A,Normal value,0,Units,2,Two
DATAFLOW,OECD.CFE.EDS:DSD_REG_DEMO@DF_FERTILITY(2.4),Fertility - Regions,I,A,Annual,CTRY,Country,FRA,France,_Z,Not applicable,FERT_RATIO,Fertility rate,_T,Total,F,Female,BR_L_W,Live births per woman,2005,,1.94,,FRA,France,A,Normal value,0,Units,2,Two
DATAFLOW,OECD.CFE.EDS:DSD_REG_DEMO@DF_FERTILITY(2.4),Fertility - Regions,I,A,Annual,CTRY,Country,ESP,Spain,_Z,Not applicable,FERT_RATIO,Fertility rate,_T,Total,F,Female,BR_L_W,Live births per woman,2005,,1.33,,ESP,Spain,A,Normal value,0,Units,2,Two
DATAFLOW,OECD.CFE.EDS:DSD_REG_DEMO@DF_FERTILITY(2.4),Fertility - Regions,I,A,Annual,CTRY,Country,ITA,Italy,_Z,Not applicable,FERT_RATIO,Fertility rate,_T,Total,F,Female,BR_L_W,Live births per woman,2005,,1.34,,ITA,Italy,A,Normal value,0,Units,2,Two
DATAFLOW,OECD.CFE.EDS:DSD_REG_DEMO@DF_FERTILITY(2.4),Fertility - Regions,I,A,Annual,CTRY,Country,DEU,Germany,_Z,Not applicable,FERT_RATIO,Fertility rate,_T,Total,F,Female,BR_L_W,Live births per woman,2005,,1.34,,DEU,Germany,A,Normal value,0,Units,2,Two
DATAFLOW,OECD.CFE.EDS:DSD_REG_DEMO@DF_FERTILITY(2.4),Fertility - Regions,I,A,Annual,CTRY,Country,DEU,Germany,_Z,Not applicable,FERT_RATIO,Fertility rate,_T,Total,F,Female,BR_L_W,Live births per woman,2006,,1.33,,DEU,Germany,A,Normal value,0,Units,2,Two
DATAFLOW,OECD.CFE.EDS:DSD_REG_DEMO@DF_FERTILITY(2.4),Fertility - Regions,I,A,Annual,CTRY,Country,ITA,Italy,_Z,Not applicable,FERT_RATIO,Fertility rate,_T,Total,F,Female,BR_L_W,Live births per woman,2006,,1.37,,ITA,Italy,A,Normal value,0,Units,2,Two
DATAFLOW,OECD.CFE.EDS:DSD_REG_DEMO@DF_FERTILITY(2.4),Fertility - Regions,I,A,Annual,CTRY,Country,ESP,Spain,_Z,Not applicable,FERT_RATIO,Fertility rate,_T,Total,F,Female,BR_L_W,Live births per woman,2006,,1.36,,ESP,Spain,A,Normal value,0,Units,2,Two
DATAFLOW,OECD.CFE.EDS:DSD_REG_DEMO@DF_FERTILITY(2.4),Fertility - Regions,I,A,Annual,CTRY,Country,FRA,France,_Z,Not applicable,FERT_RATIO,Fertility rate,_T,Total,F,Female,BR_L_W,Live births per woman,2006,,2,,FRA,France,A,Normal value,0,Units,2,Two
DATAFLOW,OECD.CFE.EDS:DSD_REG_DEMO@DF_FERTILITY(2.4),Fertility - Regions,I,A,Annual,CTRY,Country,KOR,Korea,_Z,Not applicable,FERT_RATIO,Fertility rate,_T,Total,F,Female,BR_L_W,Live births per woman,2006,,1.132,,KOR,Korea,A,Normal value,0,Units,2,Two
DATAFLOW,OECD.CFE.EDS:DSD_REG_DEMO@DF_FERTILITY(2.4),Fertility - Regions,I,A,Annual,CTRY,Country,JPN,Japan,_Z,Not applicable,FERT_RATIO,Fertility rate,_T,Total,F,Female,BR_L_W,Live births per woman,2006,,1.32,,JPN,Japan,A,Normal value,0,Units,2,Two
DATAFLOW,OECD.CFE.EDS:DSD_REG_DEMO@DF_FERTILITY(2.4),Fertility - Regions,I,A,Annual,CTRY,Country,JPN,Japan,_Z,Not applicable,FERT_RATIO,Fertility rate,_T,Total,F,Female,BR_L_W,Live births per woman,2007,,1.34,,JPN,Japan,A,Normal value,0,Units,2,Two
DATAFLOW,OECD.CFE.EDS:DSD_REG_DEMO@DF_FERTILITY(2.4),Fertility - Regions,I,A,Annual,CTRY,Country,KOR,Korea,_Z,Not applicable,FERT_RATIO,Fertility rate,_T,Total,F,Female,BR_L_W,Live births per woman,2007,,1.259,,KOR,Korea,A,Normal value,0,Units,2,Two
DATAFLOW,OECD.CFE.EDS:DSD_REG_DEMO@DF_FERTILITY(2.4),Fertility - Regions,I,A,Annual,CTRY,Country,FRA,France,_Z,Not applicable,FERT_RATIO,Fertility rate,_T,Total,F,Female,BR_L_W,Live births per woman,2007,,1.98,,FRA,France,A,Normal value,0,Units,2,Two
DATAFLOW,OECD.CFE.EDS:DSD_REG_DEMO@DF_FERTILITY(2.4),Fertility - Regions,I,A,Annual,CTRY,Country,ESP,Spain,_Z,Not applicable,FERT_RATIO,Fertility rate,_T,Total,F,Female,BR_L_W,Live births per woman,2007,,1.38,,ESP,Spain,A,Normal value,0,Units,2,Two
DATAFLOW,OECD.CFE.EDS:DSD_REG_DEMO@DF_FERTILITY(2.4),Fertility - Regions,I,A,Annual,CTRY,Country,ITA,Italy,_Z,Not applicable,FERT_RATIO,Fertility rate,_T,Total,F,Female,BR_L_W,Live births per woman,2007,,1.4,,ITA,Italy,A,Normal value,0,Units,2,Two
DATAFLOW,OECD.CFE.EDS:DSD_REG_DEMO@DF_FERTILITY(2.4),Fertility - Regions,I,A,Annual,CTRY,Country,DEU,Germany,_Z,Not applicable,FERT_RATIO,Fertility rate,_T,Total,F,Female,BR_L_W,Live births per woman,2007,,1.37,,DEU,Germany,A,Normal value,0,Units,2,Two
DATAFLOW,OECD.CFE.EDS:DSD_REG_DEMO@DF_FERTILITY(2.4),Fertility - Regions,I,A,Annual,CTRY,Country,DEU,Germany,_Z,Not applicable,FERT_RATIO,Fertility rate,_T,Total,F,Female,BR_L_W,Live births per woman,2008,,1.38,,DEU,Germany,A,Normal value,0,Units,2,Two
DATAFLOW,OECD.CFE.EDS:DSD_REG_DEMO@DF_FERTILITY(2.4),Fertility - Regions,I,A,Annual,CTRY,Country,ITA,Italy,_Z,Not applicable,FERT_RATIO,Fertility rate,_T,Total,F,Female,BR_L_W,Live births per woman,2008,,1.45,,ITA,Italy,A,Normal value,0,Units,2,Two
DATAFLOW,OECD.CFE.EDS:DSD_REG_DEMO@DF_FERTILITY(2.4),Fertility - Regions,I,A,Annual,CTRY,Country,ESP,Spain,_Z,Not applicable,FERT_RATIO,Fertility rate,_T,Total,F,Female,BR_L_W,Live births per woman,2008,,1.45,,ESP,Spain,A,Normal value,0,Units,2,Two
DATAFLOW,OECD.CFE.EDS:DSD_REG_DEMO@DF_FERTILITY(2.4),Fertility - Regions,I,A,Annual,CTRY,Country,FRA,France,_Z,Not applicable,FERT_RATIO,Fertility rate,_T,Total,F,Female,BR_L_W,Live births per woman,2008,,2.01,,FRA,France,A,Normal value,0,Units,2,Two
DATAFLOW,OECD.CFE.EDS:DSD_REG_DEMO@DF_FERTILITY(2.4),Fertility - Regions,I,A,Annual,CTRY,Country,KOR,Korea,_Z,Not applicable,FERT_RATIO,Fertility rate,_T,Total,F,Female,BR_L_W,Live births per woman,2008,,1.192,,KOR,Korea,A,Normal value,0,Units,2,Two
DATAFLOW,OECD.CFE.EDS:DSD_REG_DEMO@DF_FERTILITY(2.4),Fertility - Regions,I,A,Annual,CTRY,Country,JPN,Japan,_Z,Not applicable,FERT_RATIO,Fertility rate,_T,Total,F,Female,BR_L_W,Live births per woman,2008,,1.37,,JPN,Japan,A,Normal value,0,Units,2,Two
DATAFLOW,OECD.CFE.EDS:DSD_REG_DEMO@DF_FERTILITY(2.4),Fertility - Regions,I,A,Annual,CTRY,Country,JPN,Japan,_Z,Not applicable,FERT_RATIO,Fertility rate,_T,Total,F,Female,BR_L_W,Live births per woman,2009,,1.37,,JPN,Japan,A,Normal value,0,Units,2,Two
DATAFLOW,OECD.CFE.EDS:DSD_REG_DEMO@DF_FERTILITY(2.4),Fertility - Regions,I,A,Annual,CTRY,Country,KOR,Korea,_Z,Not applicable,FERT_RATIO,Fertility rate,_T,Total,F,Female,BR_L_W,Live births per woman,2009,,1.149,,KOR,Korea,A,Normal value,0,Units,2,Two
DATAFLOW,OECD.CFE.EDS:DSD_REG_DEMO@DF_FERTILITY(2.4),Fertility - Regions,I,A,Annual,CTRY,Country,FRA,France,_Z,Not applicable,FERT_RATIO,Fertility rate,_T,Total,F,Female,BR_L_W,Live births per woman,2009,,2,,FRA,France,A,Normal value,0,Units,2,Two
DATAFLOW,OECD.CFE.EDS:DSD_REG_DEMO@DF_FERTILITY(2.4),Fertility - Regions,I,A,Annual,CTRY,Country,ESP,Spain,_Z,Not applicable,FERT_RATIO,Fertility rate,_T,Total,F,Female,BR_L_W,Live births per woman,2009,,1.38,,ESP,Spain,A,Normal value,0,Units,2,Two
DATAFLOW,OECD.CFE.EDS:DSD_REG_DEMO@DF_FERTILITY(2.4),Fertility - Regions,I,A,Annual,CTRY,Country,ITA,Italy,_Z,Not applicable,FERT_RATIO,Fertility rate,_T,Total,F,Female,BR_L_W,Live births per woman,2009,,1.45,,ITA,Italy,A,Normal value,0,Units,2,Two
DATAFLOW,OECD.CFE.EDS:DSD_REG_DEMO@DF_FERTILITY(2.4),Fertility - Regions,I,A,Annual,CTRY,Country,DEU,Germany,_Z,Not applicable,FERT_RATIO,Fertility rate,_T,Total,F,Female,BR_L_W,Live births per woman,2009,,1.36,,DEU,Germany,A,Normal value,0,Units,2,Two
DATAFLOW,OECD.CFE.EDS:DSD_REG_DEMO@DF_FERTILITY(2.4),Fertility - Regions,I,A,Annual,CTRY,Country,DEU,Germany,_Z,Not applicable,FERT_RATIO,Fertility rate,_T,Total,F,Female,BR_L_W,Live births per woman,2010,,1.39,,DEU,Germany,A,Normal value,0,Units,2,Two
DATAFLOW,OECD.CFE.EDS:DSD_REG_DEMO@DF_FERTILITY(2.4),Fertility - Regions,I,A,Annual,CTRY,Country,ITA,Italy,_Z,Not applicable,FERT_RATIO,Fertility rate,_T,Total,F,Female,BR_L_W,Live births per woman,2010,,1.46,,ITA,Italy,A,Normal value,0,Units,2,Two
DATAFLOW,OECD.CFE.EDS:DSD_REG_DEMO@DF_FERTILITY(2.4),Fertility - Regions,I,A,Annual,CTRY,Country,ESP,Spain,_Z,Not applicable,FERT_RATIO,Fertility rate,_T,Total,F,Female,BR_L_W,Live births per woman,2010,,1.37,,ESP,Spain,A,Normal value,0,Units,2,Two
DATAFLOW,OECD.CFE.EDS:DSD_REG_DEMO@DF_FERTILITY(2.4),Fertility - Regions,I,A,Annual,CTRY,Country,FRA,France,_Z,Not applicable,FERT_RATIO,Fertility rate,_T,Total,F,Female,BR_L_W,Live births per woman,2010,,2.03,,FRA,France,A,Normal value,0,Units,2,Two
DATAFLOW,OECD.CFE.EDS:DSD_REG_DEMO@DF_FERTILITY(2.4),Fertility - Regions,I,A,Annual,CTRY,Country,KOR,Korea,_Z,Not applicable,FERT_RATIO,Fertility rate,_T,Total,F,Female,BR_L_W,Live births per woman,2010,,1.226,,KOR,Korea,A,Normal value,0,Units,2,Two
DATAFLOW,OECD.CFE.EDS:DSD_REG_DEMO@DF_FERTILITY(2.4),Fertility - Regions,I,A,Annual,CTRY,Country,JPN,Japan,_Z,Not applicable,FERT_RATIO,Fertility rate,_T,Total,F,Female,BR_L_W,Live births per woman,2010,,1.39,,JPN,Japan,A,Normal value,0,Units,2,Two
DATAFLOW,OECD.CFE.EDS:DSD_REG_DEMO@DF_FERTILITY(2.4),Fertility - Regions,I,A,Annual,CTRY,Country,JPN,Japan,_Z,Not applicable,FERT_RATIO,Fertility rate,_T,Total,F,Female,BR_L_W,Live births per woman,2011,,1.39,,JPN,Japan,A,Normal value,0,Units,2,Two
DATAFLOW,OECD.CFE.EDS:DSD_REG_DEMO@DF_FERTILITY(2.4),Fertility - Regions,I,A,Annual,CTRY,Country,KOR,Korea,_Z,Not applicable,FERT_RATIO,Fertility rate,_T,Total,F,Female,BR_L_W,Live births per woman,2011,,1.244,,KOR,Korea,A,Normal value,0,Units,2,Two
DATAFLOW,OECD.CFE.EDS:DSD_REG_DEMO@DF_FERTILITY(2.4),Fertility - Regions,I,A,Annual,CTRY,Country,FRA,France,_Z,Not applicable,FERT_RATIO,Fertility rate,_T,Total,F,Female,BR_L_W,Live births per woman,2011,,2.01,,FRA,France,A,Normal value,0,Units,2,Two
DATAFLOW,OECD.CFE.EDS:DSD_REG_DEMO@DF_FERTILITY(2.4),Fertility - Regions,I,A,Annual,CTRY,Country,ESP,Spain,_Z,Not applicable,FERT_RATIO,Fertility rate,_T,Total,F,Female,BR_L_W,Live births per woman,2011,,1.34,,ESP,Spain,A,Normal value,0,Units,2,Two
DATAFLOW,OECD.CFE.EDS:DSD_REG_DEMO@DF_FERTILITY(2.4),Fertility - Regions,I,A,Annual,CTRY,Country,ITA,Italy,_Z,Not applicable,FERT_RATIO,Fertility rate,_T,Total,F,Female,BR_L_W,Live births per woman,2011,,1.44,,ITA,Italy,A,Normal value,0,Units,2,Two
DATAFLOW,OECD.CFE.EDS:DSD_REG_DEMO@DF_FERTILITY(2.4),Fertility - Regions,I,A,Annual,CTRY,Country,DEU,Germany,_Z,Not applicable,FERT_RATIO,Fertility rate,_T,Total,F,Female,BR_L_W,Live births per woman,2011,,1.36,,DEU,Germany,A,Normal value,0,Units,2,Two
DATAFLOW,OECD.CFE.EDS:DSD_REG_DEMO@DF_FERTILITY(2.4),Fertility - Regions,I,A,Annual,CTRY,Country,DEU,Germany,_Z,Not applicable,FERT_RATIO,Fertility rate,_T,Total,F,Female,BR_L_W,Live births per woman,2012,,1.41,,DEU,Germany,A,Normal value,0,Units,2,Two
DATAFLOW,OECD.CFE.EDS:DSD_REG_DEMO@DF_FERTILITY(2.4),Fertility - Regions,I,A,Annual,CTRY,Country,ITA,Italy,_Z,Not applicable,FERT_RATIO,Fertility rate,_T,Total,F,Female,BR_L_W,Live births per woman,2012,,1.43,,ITA,Italy,A,Normal value,0,Units,2,Two
DATAFLOW,OECD.CFE.EDS:DSD_REG_DEMO@DF_FERTILITY(2.4),Fertility - Regions,I,A,Annual,CTRY,Country,ESP,Spain,_Z,Not applicable,FERT_RATIO,Fertility rate,_T,Total,F,Female,BR_L_W,Live births per woman,2012,,1.32,,ESP,Spain,A,Normal value,0,Units,2,Two
DATAFLOW,OECD.CFE.EDS:DSD_REG_DEMO@DF_FERTILITY(2.4),Fertility - Regions,I,A,Annual,CTRY,Country,FRA,France,_Z,Not applicable,FERT_RATIO,Fertility rate,_T,Total,F,Female,BR_L_W,Live births per woman,2012,,2.01,,FRA,France,A,Normal value,0,Units,2,Two
DATAFLOW,OECD.CFE.EDS:DSD_REG_DEMO@DF_FERTILITY(2.4),Fertility - Regions,I,A,Annual,CTRY,Country,KOR,Korea,_Z,Not applicable,FERT_RATIO,Fertility rate,_T,Total,F,Female,BR_L_W,Live births per woman,2012,,1.297,,KOR,Korea,A,Normal value,0,Units,2,Two
DATAFLOW,OECD.CFE.EDS:DSD_REG_DEMO@DF_FERTILITY(2.4),Fertility - Regions,I,A,Annual,CTRY,Country,JPN,Japan,_Z,Not applicable,FERT_RATIO,Fertility rate,_T,Total,F,Female,BR_L_W,Live births per woman,2012,,1.41,,JPN,Japan,A,Normal value,0,Units,2,Two
DATAFLOW,OECD.CFE.EDS:DSD_REG_DEMO@DF_FERTILITY(2.4),Fertility - Regions,I,A,Annual,CTRY,Country,JPN,Japan,_Z,Not applicable,FERT_RATIO,Fertility rate,_T,Total,F,Female,BR_L_W,Live births per woman,2013,,1.43,,JPN,Japan,A,Normal value,0,Units,2,Two
DATAFLOW,OECD.CFE.EDS:DSD_REG_DEMO@DF_FERTILITY(2.4),Fertility - Regions,I,A,Annual,CTRY,Country,KOR,Korea,_Z,Not applicable,FERT_RATIO,Fertility rate,_T,Total,F,Female,BR_L_W,Live births per woman,2013,,1.187,,KOR,Korea,A,Normal value,0,Units,2,Two
DATAFLOW,OECD.CFE.EDS:DSD_REG_DEMO@DF_FERTILITY(2.4),Fertility - Regions,I,A,Annual,CTRY,Country,FRA,France,_Z,Not applicable,FERT_RATIO,Fertility rate,_T,Total,F,Female,BR_L_W,Live births per woman,2013,,1.99,,FRA,France,A,Normal value,0,Units,2,Two
DATAFLOW,OECD.CFE.EDS:DSD_REG_DEMO@DF_FERTILITY(2.4),Fertility - Regions,I,A,Annual,CTRY,Country,ESP,Spain,_Z,Not applicable,FERT_RATIO,Fertility rate,_T,Total,F,Female,BR_L_W,Live births per woman,2013,,1.28,,ESP,Spain,A,Normal value,0,Units,2,Two
DATAFLOW,OECD.CFE.EDS:DSD_REG_DEMO@DF_FERTILITY(2.4),Fertility - Regions,I,A,Annual,CTRY,Country,ITA,Italy,_Z,Not applicable,FERT_RATIO,Fertility rate,_T,Total,F,Female,BR_L_W,Live births per woman,2013,,1.39,,ITA,Italy,A,Normal value,0,Units,2,Two
DATAFLOW,OECD.CFE.EDS:DSD_REG_DEMO@DF_FERTILITY(2.4),Fertility - Regions,I,A,Annual,CTRY,Country,DEU,Germany,_Z,Not applicable,FERT_RATIO,Fertility rate,_T,Total,F,Female,BR_L_W,Live births per woman,2013,,1.42,,DEU,Germany,A,Normal value,0,Units,2,Two
DATAFLOW,OECD.CFE.EDS:DSD_REG_DEMO@DF_FERTILITY(2.4),Fertility - Regions,I,A,Annual,CTRY,Country,DEU,Germany,_Z,Not applicable,FERT_RATIO,Fertility rate,_T,Total,F,Female,BR_L_W,Live births per woman,2014,,1.48,,DEU,Germany,A,Normal value,0,Units,2,Two
DATAFLOW,OECD.CFE.EDS:DSD_REG_DEMO@DF_FERTILITY(2.4),Fertility - Regions,I,A,Annual,CTRY,Country,ITA,Italy,_Z,Not applicable,FERT_RATIO,Fertility rate,_T,Total,F,Female,BR_L_W,Live births per woman,2014,,1.38,,ITA,Italy,A,Normal value,0,Units,2,Two
DATAFLOW,OECD.CFE.EDS:DSD_REG_DEMO@DF_FERTILITY(2.4),Fertility - Regions,I,A,Annual,CTRY,Country,ESP,Spain,_Z,Not applicable,FERT_RATIO,Fertility rate,_T,Total,F,Female,BR_L_W,Live births per woman,2014,,1.32,,ESP,Spain,A,Normal value,0,Units,2,Two
DATAFLOW,OECD.CFE.EDS:DSD_REG_DEMO@DF_FERTILITY(2.4),Fertility - Regions,I,A,Annual,CTRY,Country,FRA,France,_Z,Not applicable,FERT_RATIO,Fertility rate,_T,Total,F,Female,BR_L_W,Live births per woman,2014,,2,,FRA,France,A,Normal value,0,Units,2,Two
DATAFLOW,OECD.CFE.EDS:DSD_REG_DEMO@DF_FERTILITY(2.4),Fertility - Regions,I,A,Annual,CTRY,Country,KOR,Korea,_Z,Not applicable,FERT_RATIO,Fertility rate,_T,Total,F,Female,BR_L_W,Live births per woman,2014,,1.205,,KOR,Korea,A,Normal value,0,Units,2,Two
DATAFLOW,OECD.CFE.EDS:DSD_REG_DEMO@DF_FERTILITY(2.4),Fertility - Regions,I,A,Annual,CTRY,Country,JPN,Japan,_Z,Not applicable,FERT_RATIO,Fertility rate,_T,Total,F,Female,BR_L_W,Live births per woman,2014,,1.42,,JPN,Japan,A,Normal value,0,Units,2,Two
DATAFLOW,OECD.CFE.EDS:DSD_REG_DEMO@DF_FERTILITY(2.4),Fertility - Regions,I,A,Annual,CTRY,Country,JPN,Japan,_Z,Not applicable,FERT_RATIO,Fertility rate,_T,Total,F,Female,BR_L_W,Live births per woman,2015,,1.45,,JPN,Japan,A,Normal value,0,Units,2,Two
DATAFLOW,OECD.CFE.EDS:DSD_REG_DEMO@DF_FERTILITY(2.4),Fertility - Regions,I,A,Annual,CTRY,Country,KOR,Korea,_Z,Not applicable,FERT_RATIO,Fertility rate,_T,Total,F,Female,BR_L_W,Live births per woman,2015,,1.239,,KOR,Korea,A,Normal value,0,Units,2,Two
DATAFLOW,OECD.CFE.EDS:DSD_REG_DEMO@DF_FERTILITY(2.4),Fertility - Regions,I,A,Annual,CTRY,Country,FRA,France,_Z,Not applicable,FERT_RATIO,Fertility rate,_T,Total,F,Female,BR_L_W,Live births per woman,2015,,1.96,,FRA,France,A,Normal value,0,Units,2,Two
DATAFLOW,OECD.CFE.EDS:DSD_REG_DEMO@DF_FERTILITY(2.4),Fertility - Regions,I,A,Annual,CTRY,Country,ESP,Spain,_Z,Not applicable,FERT_RATIO,Fertility rate,_T,Total,F,Female,BR_L_W,Live births per woman,2015,,1.33,,ESP,Spain,A,Normal value,0,Units,2,Two
DATAFLOW,OECD.CFE.EDS:DSD_REG_DEMO@DF_FERTILITY(2.4),Fertility - Regions,I,A,Annual,CTRY,Country,ITA,Italy,_Z,Not applicable,FERT_RATIO,Fertility rate,_T,Total,F,Female,BR_L_W,Live births per woman,2015,,1.36,,ITA,Italy,A,Normal value,0,Units,2,Two
DATAFLOW,OECD.CFE.EDS:DSD_REG_DEMO@DF_FERTILITY(2.4),Fertility - Regions,I,A,Annual,CTRY,Country,DEU,Germany,_Z,Not applicable,FERT_RATIO,Fertility rate,_T,Total,F,Female,BR_L_W,Live births per woman,2015,,1.5,,DEU,Germany,A,Normal value,0,Units,2,Two
DATAFLOW,OECD.CFE.EDS:DSD_REG_DEMO@DF_FERTILITY(2.4),Fertility - Regions,I,A,Annual,CTRY,Country,DEU,Germany,_Z,Not applicable,FERT_RATIO,Fertility rate,_T,Total,F,Female,BR_L_W,Live births per woman,2016,,1.6,,DEU,Germany,A,Normal value,0,Units,2,Two
DATAFLOW,OECD.CFE.EDS:DSD_REG_DEMO@DF_FERTILITY(2.4),Fertility - Regions,I,A,Annual,CTRY,Country,ITA,Italy,_Z,Not applicable,FERT_RATIO,Fertility rate,_T,Total,F,Female,BR_L_W,Live births per woman,2016,,1.35,,ITA,Italy,A,Normal value,0,Units,2,Two
DATAFLOW,OECD.CFE.EDS:DSD_REG_DEMO@DF_FERTILITY(2.4),Fertility - Regions,I,A,Annual,CTRY,Country,ESP,Spain,_Z,Not applicable,FERT_RATIO,Fertility rate,_T,Total,F,Female,BR_L_W,Live births per woman,2016,,1.33,,ESP,Spain,A,Normal value,0,Units,2,Two
DATAFLOW,OECD.CFE.EDS:DSD_REG_DEMO@DF_FERTILITY(2.4),Fertility - Regions,I,A,Annual,CTRY,Country,FRA,France,_Z,Not applicable,FERT_RATIO,Fertility rate,_T,Total,F,Female,BR_L_W,Live births per woman,2016,,1.92,,FRA,France,A,Normal value,0,Units,2,Two
DATAFLOW,OECD.CFE.EDS:DSD_REG_DEMO@DF_FERTILITY(2.4),Fertility - Regions,I,A,Annual,CTRY,Country,KOR,Korea,_Z,Not applicable,FERT_RATIO,Fertility rate,_T,Total,F,Female,BR_L_W,Live births per woman,2016,,1.172,,KOR,Korea,A,Normal value,0,Units,2,Two
DATAFLOW,OECD.CFE.EDS:DSD_REG_DEMO@DF_FERTILITY(2.4),Fertility - Regions,I,A,Annual,CTRY,Country,JPN,Japan,_Z,Not applicable,FERT_RATIO,Fertility rate,_T,Total,F,Female,BR_L_W,Live births per woman,2016,,1.44,,JPN,Japan,A,Normal value,0,Units,2,Two
DATAFLOW,OECD.CFE.EDS:DSD_REG_DEMO@DF_FERTILITY(2.4),Fertility - Regions,I,A,Annual,CTRY,Country,JPN,Japan,_Z,Not applicable,FERT_RATIO,Fertility rate,_T,Total,F,Female,BR_L_W,Live births per woman,2017,,1.43,,JPN,Japan,A,Normal value,0,Units,2,Two
DATAFLOW,OECD.CFE.EDS:DSD_REG_DEMO@DF_FERTILITY(2.4),Fertility - Regions,I,A,Annual,CTRY,Country,KOR,Korea,_Z,Not applicable,FERT_RATIO,Fertility rate,_T,Total,F,Female,BR_L_W,Live births per woman,2017,,1.052,,KOR,Korea,A,Normal value,0,Units,2,Two
DATAFLOW,OECD.CFE.EDS:DSD_REG_DEMO@DF_FERTILITY(2.4),Fertility - Regions,I,A,Annual,CTRY,Country,FRA,France,_Z,Not applicable,FERT_RATIO,Fertility rate,_T,Total,F,Female,BR_L_W,Live births per woman,2017,,1.89,,FRA,France,A,Normal value,0,Units,2,Two
DATAFLOW,OECD.CFE.EDS:DSD_REG_DEMO@DF_FERTILITY(2.4),Fertility - Regions,I,A,Annual,CTRY,Country,ESP,Spain,_Z,Not applicable,FERT_RATIO,Fertility rate,_T,Total,F,Female,BR_L_W,Live births per woman,2017,,1.3,,ESP,Spain,A,Normal value,0,Units,2,Two
DATAFLOW,OECD.CFE.EDS:DSD_REG_DEMO@DF_FERTILITY(2.4),Fertility - Regions,I,A,Annual,CTRY,Country,ITA,Italy,_Z,Not applicable,FERT_RATIO,Fertility rate,_T,Total,F,Female,BR_L_W,Live births per woman,2017,,1.33,,ITA,Italy,A,Normal value,0,Units,2,Two
DATAFLOW,OECD.CFE.EDS:DSD_REG_DEMO@DF_FERTILITY(2.4),Fertility - Regions,I,A,Annual,CTRY,Country,DEU,Germany,_Z,Not applicable,FERT_RATIO,Fertility rate,_T,Total,F,Female,BR_L_W,Live births per woman,2017,,1.58,,DEU,Germany,A,Normal value,0,Units,2,Two
DATAFLOW,OECD.CFE.EDS:DSD_REG_DEMO@DF_FERTILITY(2.4),Fertility - Regions,I,A,Annual,CTRY,Country,DEU,Germany,_Z,Not applicable,FERT_RATIO,Fertility rate,_T,Total,F,Female,BR_L_W,Live births per woman,2018,,1.57,,DEU,Germany,A,Normal value,0,Units,2,Two
DATAFLOW,OECD.CFE.EDS:DSD_REG_DEMO@DF_FERTILITY(2.4),Fertility - Regions,I,A,Annual,CTRY,Country,ESP,Spain,_Z,Not applicable,FERT_RATIO,Fertility rate,_T,Total,F,Female,BR_L_W,Live births per woman,2018,,1.25,,ESP,Spain,A,Normal value,0,Units,2,Two
DATAFLOW,OECD.CFE.EDS:DSD_REG_DEMO@DF_FERTILITY(2.4),Fertility - Regions,I,A,Annual,CTRY,Country,FRA,France,_Z,Not applicable,FERT_RATIO,Fertility rate,_T,Total,F,Female,BR_L_W,Live births per woman,2018,,1.87,,FRA,France,A,Normal value,0,Units,2,Two
DATAFLOW,OECD.CFE.EDS:DSD_REG_DEMO@DF_FERTILITY(2.4),Fertility - Regions,I,A,Annual,CTRY,Country,KOR,Korea,_Z,Not applicable,FERT_RATIO,Fertility rate,_T,Total,F,Female,BR_L_W,Live births per woman,2018,,0.977,,KOR,Korea,A,Normal value,0,Units,2,Two
DATAFLOW,OECD.CFE.EDS:DSD_REG_DEMO@DF_FERTILITY(2.4),Fertility - Regions,I,A,Annual,CTRY,Country,JPN,Japan,_Z,Not applicable,FERT_RATIO,Fertility rate,_T,Total,F,Female,BR_L_W,Live births per woman,2018,,1.42,,JPN,Japan,A,Normal value,0,Units,2,Two
DATAFLOW,OECD.CFE.EDS:DSD_REG_DEMO@DF_FERTILITY(2.4),Fertility - Regions,I,A,Annual,CTRY,Country,JPN,Japan,_Z,Not applicable,FERT_RATIO,Fertility rate,_T,Total,F,Female,BR_L_W,Live births per woman,2019,,1.36,,JPN,Japan,A,Normal value,0,Units,2,Two
DATAFLOW,OECD.CFE.EDS:DSD_REG_DEMO@DF_FERTILITY(2.4),Fertility - Regions,I,A,Annual,CTRY,Country,KOR,Korea,_Z,Not applicable,FERT_RATIO,Fertility rate,_T,Total,F,Female,BR_L_W,Live births per woman,2019,,0.918,,KOR,Korea,A,Normal value,0,Units,2,Two
DATAFLOW,OECD.CFE.EDS:DSD_REG_DEMO@DF_FERTILITY(2.4),Fertility - Regions,I,A,Annual,CTRY,Country,FRA,France,_Z,Not applicable,FERT_RATIO,Fertility rate,_T,Total,F,Female,BR_L_W,Live births per woman,2019,,1.86,,FRA,France,A,Normal value,0,Units,2,Two
DATAFLOW,OECD.CFE.EDS:DSD_REG_DEMO@DF_FERTILITY(2.4),Fertility - Regions,I,A,Annual,CTRY,Country,ESP,Spain,_Z,Not applicable,FERT_RATIO,Fertility rate,_T,Total,F,Female,BR_L_W,Live births per woman,2019,,1.23,,ESP,Spain,A,Normal value,0,Units,2,Two
DATAFLOW,OECD.CFE.EDS:DSD_REG_DEMO@DF_FERTILITY(2.4),Fertility - Regions,I,A,Annual,CTRY,Country,ITA,Italy,_Z,Not applicable,FERT_RATIO,Fertility rate,_T,Total,F,Female,BR_L_W,Live births per woman,2019,,1.26,,ITA,Italy,A,Normal value,0,Units,2,Two
DATAFLOW,OECD.CFE.EDS:DSD_REG_DEMO@DF_FERTILITY(2.4),Fertility - Regions,I,A,Annual,CTRY,Country,DEU,Germany,_Z,Not applicable,FERT_RATIO,Fertility rate,_T,Total,F,Female,BR_L_W,Live births per woman,2019,,1.55,,DEU,Germany,A,Normal value,0,Units,2,Two
DATAFLOW,OECD.CFE.EDS:DSD_REG_DEMO@DF_FERTILITY(2.4),Fertility - Regions,I,A,Annual,CTRY,Country,DEU,Germany,_Z,Not applicable,FERT_RATIO,Fertility rate,_T,Total,F,Female,BR_L_W,Live births per woman,2020,,1.54,,DEU,Germany,A,Normal value,0,Units,2,Two
DATAFLOW,OECD.CFE.EDS:DSD_REG_DEMO@DF_FERTILITY(2.4),Fertility - Regions,I,A,Annual,CTRY,Country,ITA,Italy,_Z,Not applicable,FERT_RATIO,Fertility rate,_T,Total,F,Female,BR_L_W,Live births per woman,2020,,1.24,,ITA,Italy,A,Normal value,0,Units,2,Two
DATAFLOW,OECD.CFE.EDS:DSD_REG_DEMO@DF_FERTILITY(2.4),Fertility - Regions,I,A,Annual,CTRY,Country,ESP,Spain,_Z,Not applicable,FERT_RATIO,Fertility rate,_T,Total,F,Female,BR_L_W,Live births per woman,2020,,1.18,,ESP,Spain,A,Normal value,0,Units,2,Two
DATAFLOW,OECD.CFE.EDS:DSD_REG_DEMO@DF_FERTILITY(2.4),Fertility - Regions,I,A,Annual,CTRY,Country,FRA,France,_Z,Not applicable,FERT_RATIO,Fertility rate,_T,Total,F,Female,BR_L_W,Live births per woman,2020,,1.82,,FRA,France,A,Normal value,0,Units,2,Two
DATAFLOW,OECD.CFE.EDS:DSD_REG_DEMO@DF_FERTILITY(2.4),Fertility - Regions,I,A,Annual,CTRY,Country,KOR,Korea,_Z,Not applicable,FERT_RATIO,Fertility rate,_T,Total,F,Female,BR_L_W,Live births per woman,2020,,0.837,,KOR,Korea,A,Normal value,0,Units,2,Two
DATAFLOW,OECD.CFE.EDS:DSD_REG_DEMO@DF_FERTILITY(2.4),Fertility - Regions,I,A,Annual,CTRY,Country,JPN,Japan,_Z,Not applicable,FERT_RATIO,Fertility rate,_T,Total,F,Female,BR_L_W,Live births per woman,2020,,1.33,,JPN,Japan,A,Normal value,0,Units,2,Two
DATAFLOW,OECD.CFE.EDS:DSD_REG_DEMO@DF_FERTILITY(2.4),Fertility - Regions,I,A,Annual,CTRY,Country,JPN,Japan,_Z,Not applicable,FERT_RATIO,Fertility rate,_T,Total,F,Female,BR_L_W,Live births per woman,2021,,1.3,,JPN,Japan,A,Normal value,0,Units,2,Two
DATAFLOW,OECD.CFE.EDS:DSD_REG_DEMO@DF_FERTILITY(2.4),Fertility - Regions,I,A,Annual,CTRY,Country,KOR,Korea,_Z,Not applicable,FERT_RATIO,Fertility rate,_T,Total,F,Female,BR_L_W,Live births per woman,2021,,0.808,,KOR,Korea,A,Normal value,0,Units,2,Two
DATAFLOW,OECD.CFE.EDS:DSD_REG_DEMO@DF_FERTILITY(2.4),Fertility - Regions,I,A,Annual,CTRY,Country,FRA,France,_Z,Not applicable,FERT_RATIO,Fertility rate,_T,Total,F,Female,BR_L_W,Live births per woman,2021,,1.82,,FRA,France,A,Normal value,0,Units,2,Two
DATAFLOW,OECD.CFE.EDS:DSD_REG_DEMO@DF_FERTILITY(2.4),Fertility - Regions,I,A,Annual,CTRY,Country,ESP,Spain,_Z,Not applicable,FERT_RATIO,Fertility rate,_T,Total,F,Female,BR_L_W,Live births per woman,2021,,1.18,,ESP,Spain,A,Normal value,0,Units,2,Two
DATAFLOW,OECD.CFE.EDS:DSD_REG_DEMO@DF_FERTILITY(2.4),Fertility - Regions,I,A,Annual,CTRY,Country,ITA,Italy,_Z,Not applicable,FERT_RATIO,Fertility rate,_T,Total,F,Female,BR_L_W,Live births per woman,2021,,1.25,,ITA,Italy,A,Normal value,0,Units,2,Two
DATAFLOW,OECD.CFE.EDS:DSD_REG_DEMO@DF_FERTILITY(2.4),Fertility - Regions,I,A,Annual,CTRY,Country,DEU,Germany,_Z,Not applicable,FERT_RATIO,Fertility rate,_T,Total,F,Female,BR_L_W,Live births per woman,2021,,1.58,,DEU,Germany,A,Normal value,0,Units,2,Two
DATAFLOW,OECD.CFE.EDS:DSD_REG_DEMO@DF_FERTILITY(2.4),Fertility - Regions,I,A,Annual,CTRY,Country,DEU,Germany,_Z,Not applicable,FERT_RATIO,Fertility rate,_T,Total,F,Female,BR_L_W,Live births per woman,2022,,1.46,,DEU,Germany,A,Normal value,0,Units,2,Two
DATAFLOW,OECD.CFE.EDS:DSD_REG_DEMO@DF_FERTILITY(2.4),Fertility - Regions,I,A,Annual,CTRY,Country,ITA,Italy,_Z,Not applicable,FERT_RATIO,Fertility rate,_T,Total,F,Female,BR_L_W,Live births per woman,2022,,1.24,,ITA,Italy,A,Normal value,0,Units,2,Two
DATAFLOW,OECD.CFE.EDS:DSD_REG_DEMO@DF_FERTILITY(2.4),Fertility - Regions,I,A,Annual,CTRY,Country,ESP,Spain,_Z,Not applicable,FERT_RATIO,Fertility rate,_T,Total,F,Female,BR_L_W,Live births per woman,2022,,1.15,,ESP,Spain,A,Normal value,0,Units,2,Two
DATAFLOW,OECD.CFE.EDS:DSD_REG_DEMO@DF_FERTILITY(2.4),Fertility - Regions,I,A,Annual,CTRY,Country,ESP,Spain,_Z,Not applicable,FERT_RATIO,Fertility rate,_T,Total,F,Female,BR_L_W,Live births per woman,2023,,1.11,,ESP,Spain,A,Normal value,0,Units,2,Two
DATAFLOW,OECD.CFE.EDS:DSD_REG_DEMO@DF_FERTILITY(2.4),Fertility - Regions,I,A,Annual,CTRY,Country,ITA,Italy,_Z,Not applicable,FERT_RATIO,Fertility rate,_T,Total,F,Female,BR_L_W,Live births per woman,2023,,1.2,,ITA,Italy,A,Normal value,0,Units,2,Two
DATAFLOW,OECD.CFE.EDS:DSD_REG_DEMO@DF_FERTILITY(2.4),Fertility - Regions,I,A,Annual,CTRY,Country,ESP,Spain,_Z,Not applicable,FERT_RATIO,Fertility rate,_T,Total,F,Female,BR_L_W,Live births per woman,2024,,1.1,,ESP,Spain,A,Normal value,0,Units,2,Two
DATAFLOW,OECD.CFE.EDS:DSD_REG_DEMO@DF_FERTILITY(2.4),Fertility - Regions,I,A,Annual,CTRY,Country,KOR,Korea,_Z,Not applicable,FERT_RATIO,Fertility rate,_T,Total,F,Female,BR_L_W,Live births per woman,2022,,0.778,,KOR,Korea,A,Normal value,0,Units,2,Two
DATAFLOW,OECD.CFE.EDS:DSD_REG_DEMO@DF_FERTILITY(2.4),Fertility - Regions,I,A,Annual,CTRY,Country,JPN,Japan,_Z,Not applicable,FERT_RATIO,Fertility rate,_T,Total,F,Female,BR_L_W,Live births per woman,2022,,1.26,,JPN,Japan,A,Normal value,0,Units,2,Two
DATAFLOW,OECD.CFE.EDS:DSD_REG_DEMO@DF_FERTILITY(2.4),Fertility - Regions,I,A,Annual,CTRY,Country,JPN,Japan,_Z,Not applicable,FERT_RATIO,Fertility rate,_T,Total,F,Female,BR_L_W,Live births per woman,2023,,1.2,,JPN,Japan,A,Normal value,0,Units,2,Two
DATAFLOW,OECD.CFE.EDS:DSD_REG_DEMO@DF_FERTILITY(2.4),Fertility - Regions,I,A,Annual,CTRY,Country,KOR,Korea,_Z,Not applicable,FERT_RATIO,Fertility rate,_T,Total,F,Female,BR_L_W,Live births per woman,2023,,0.721,,KOR,Korea,A,Normal value,0,Units,2,Two
DATAFLOW,OECD.CFE.EDS:DSD_REG_DEMO@DF_FERTILITY(2.4),Fertility - Regions,I,A,Annual,CTRY,Country,ITA,Italy,_Z,Not applicable,FERT_RATIO,Fertility rate,_T,Total,F,Female,BR_L_W,Live births per woman,2024,,1.18,,ITA,Italy,A,Normal value,0,Units,2,Two
DATAFLOW,OECD.CFE.EDS:DSD_REG_DEMO@DF_FERTILITY(2.4),Fertility - Regions,I,A,Annual,CTRY,Country,KOR,Korea,_Z,Not applicable,FERT_RATIO,Fertility rate,_T,Total,F,Female,BR_L_W,Live births per woman,2024,,0.748,,KOR,Korea,A,Normal value,0,Units,2,Two
DATAFLOW,OECD.CFE.EDS:DSD_REG_DEMO@DF_FERTILITY(2.4),Fertility - Regions,I,A,Annual,CTRY,Country,JPN,Japan,_Z,Not applicable,FERT_RATIO,Fertility rate,_T,Total,F,Female,BR_L_W,Live births per woman,2024,,1.15,,JPN,Japan,A,Normal value,0,Units,2,Two
DATAFLOW,OECD.CFE.EDS:DSD_REG_DEMO@DF_FERTILITY(2.4),Fertility - Regions,I,A,Annual,CTRY,Country,DEU,Germany,_Z,Not applicable,FERT_RATIO,Fertility rate,_T,Total,F,Female,BR_L_W,Live births per woman,2024,,1.36,,DEU,Germany,A,Normal value,0,Units,2,Two
DATAFLOW,OECD.CFE.EDS:DSD_REG_DEMO@DF_FERTILITY(2.4),Fertility - Regions,I,A,Annual,CTRY,Country,USA,United States,_Z,Not applicable,FERT_RATIO,Fertility rate,_T,Total,F,Female,BR_L_W,Live births per woman,2001,,2.0305,,USA,United States,A,Normal value,0,Units,2,Two
DATAFLOW,OECD.CFE.EDS:DSD_REG_DEMO@DF_FERTILITY(2.4),Fertility - Regions,I,A,Annual,CTRY,Country,USA,United States,_Z,Not applicable,FERT_RATIO,Fertility rate,_T,Total,F,Female,BR_L_W,Live births per woman,2002,,2.0205,,USA,United States,A,Normal value,0,Units,2,Two
DATAFLOW,OECD.CFE.EDS:DSD_REG_DEMO@DF_FERTILITY(2.4),Fertility - Regions,I,A,Annual,CTRY,Country,USA,United States,_Z,Not applicable,FERT_RATIO,Fertility rate,_T,Total,F,Female,BR_L_W,Live births per woman,2003,,2.0475,,USA,United States,A,Normal value,0,Units,2,Two
DATAFLOW,OECD.CFE.EDS:DSD_REG_DEMO@DF_FERTILITY(2.4),Fertility - Regions,I,A,Annual,CTRY,Country,USA,United States,_Z,Not applicable,FERT_RATIO,Fertility rate,_T,Total,F,Female,BR_L_W,Live births per woman,2004,,2.0515,,USA,United States,A,Normal value,0,Units,2,Two
DATAFLOW,OECD.CFE.EDS:DSD_REG_DEMO@DF_FERTILITY(2.4),Fertility - Regions,I,A,Annual,CTRY,Country,USA,United States,_Z,Not applicable,FERT_RATIO,Fertility rate,_T,Total,F,Female,BR_L_W,Live births per woman,2005,,2.057,,USA,United States,A,Normal value,0,Units,2,Two
DATAFLOW,OECD.CFE.EDS:DSD_REG_DEMO@DF_FERTILITY(2.4),Fertility - Regions,I,A,Annual,CTRY,Country,USA,United States,_Z,Not applicable,FERT_RATIO,Fertility rate,_T,Total,F,Female,BR_L_W,Live births per woman,2006,,2.108,,USA,United States,A,Normal value,0,Units,2,Two
DATAFLOW,OECD.CFE.EDS:DSD_REG_DEMO@DF_FERTILITY(2.4),Fertility - Regions,I,A,Annual,CTRY,Country,USA,United States,_Z,Not applicable,FERT_RATIO,Fertility rate,_T,Total,F,Female,BR_L_W,Live births per woman,2007,,2.12,,USA,United States,A,Normal value,0,Units,2,Two
DATAFLOW,OECD.CFE.EDS:DSD_REG_DEMO@DF_FERTILITY(2.4),Fertility - Regions,I,A,Annual,CTRY,Country,USA,United States,_Z,Not applicable,FERT_RATIO,Fertility rate,_T,Total,F,Female,BR_L_W,Live births per woman,2008,,2.072,,USA,United States,A,Normal value,0,Units,2,Two
DATAFLOW,OECD.CFE.EDS:DSD_REG_DEMO@DF_FERTILITY(2.4),Fertility - Regions,I,A,Annual,CTRY,Country,USA,United States,_Z,Not applicable,FERT_RATIO,Fertility rate,_T,Total,F,Female,BR_L_W,Live births per woman,2009,,2.002,,USA,United States,A,Normal value,0,Units,2,Two
DATAFLOW,OECD.CFE.EDS:DSD_REG_DEMO@DF_FERTILITY(2.4),Fertility - Regions,I,A,Annual,CTRY,Country,USA,United States,_Z,Not applicable,FERT_RATIO,Fertility rate,_T,Total,F,Female,BR_L_W,Live births per woman,2010,,1.931,,USA,United States,A,Normal value,0,Units,2,Two
DATAFLOW,OECD.CFE.EDS:DSD_REG_DEMO@DF_FERTILITY(2.4),Fertility - Regions,I,A,Annual,CTRY,Country,USA,United States,_Z,Not applicable,FERT_RATIO,Fertility rate,_T,Total,F,Female,BR_L_W,Live births per woman,2011,,1.8945,,USA,United States,A,Normal value,0,Units,2,Two
DATAFLOW,OECD.CFE.EDS:DSD_REG_DEMO@DF_FERTILITY(2.4),Fertility - Regions,I,A,Annual,CTRY,Country,USA,United States,_Z,Not applicable,FERT_RATIO,Fertility rate,_T,Total,F,Female,BR_L_W,Live births per woman,2012,,1.8805,,USA,United States,A,Normal value,0,Units,2,Two
DATAFLOW,OECD.CFE.EDS:DSD_REG_DEMO@DF_FERTILITY(2.4),Fertility - Regions,I,A,Annual,CTRY,Country,USA,United States,_Z,Not applicable,FERT_RATIO,Fertility rate,_T,Total,F,Female,BR_L_W,Live births per woman,2013,,1.8575,,USA,United States,A,Normal value,0,Units,2,Two
DATAFLOW,OECD.CFE.EDS:DSD_REG_DEMO@DF_FERTILITY(2.4),Fertility - Regions,I,A,Annual,CTRY,Country,USA,United States,_Z,Not applicable,FERT_RATIO,Fertility rate,_T,Total,F,Female,BR_L_W,Live births per woman,2014,,1.8625,,USA,United States,A,Normal value,0,Units,2,Two
DATAFLOW,OECD.CFE.EDS:DSD_REG_DEMO@DF_FERTILITY(2.4),Fertility - Regions,I,A,Annual,CTRY,Country,USA,United States,_Z,Not applicable,FERT_RATIO,Fertility rate,_T,Total,F,Female,BR_L_W,Live births per woman,2015,,1.8435,,USA,United States,A,Normal value,0,Units,2,Two
DATAFLOW,OECD.CFE.EDS:DSD_REG_DEMO@DF_FERTILITY(2.4),Fertility - Regions,I,A,Annual,CTRY,Country,USA,United States,_Z,Not applicable,FERT_RATIO,Fertility rate,_T,Total,F,Female,BR_L_W,Live births per woman,2016,,1.8205,,USA,United States,A,Normal value,0,Units,2,Two
DATAFLOW,OECD.CFE.EDS:DSD_REG_DEMO@DF_FERTILITY(2.4),Fertility - Regions,I,A,Annual,CTRY,Country,USA,United States,_Z,Not applicable,FERT_RATIO,Fertility rate,_T,Total,F,Female,BR_L_W,Live births per woman,2017,,1.7655,,USA,United States,A,Normal value,0,Units,2,Two
DATAFLOW,OECD.CFE.EDS:DSD_REG_DEMO@DF_FERTILITY(2.4),Fertility - Regions,I,A,Annual,CTRY,Country,USA,United States,_Z,Not applicable,FERT_RATIO,Fertility rate,_T,Total,F,Female,BR_L_W,Live births per woman,2018,,1.7295,,USA,United States,A,Normal value,0,Units,2,Two
DATAFLOW,OECD.CFE.EDS:DSD_REG_DEMO@DF_FERTILITY(2.4),Fertility - Regions,I,A,Annual,CTRY,Country,USA,United States,_Z,Not applicable,FERT_RATIO,Fertility rate,_T,Total,F,Female,BR_L_W,Live births per woman,2019,,1.706,,USA,United States,A,Normal value,0,Units,2,Two
DATAFLOW,OECD.CFE.EDS:DSD_REG_DEMO@DF_FERTILITY(2.4),Fertility - Regions,I,A,Annual,CTRY,Country,USA,United States,_Z,Not applicable,FERT_RATIO,Fertility rate,_T,Total,F,Female,BR_L_W,Live births per woman,2020,,1.6415,,USA,United States,A,Normal value,0,Units,2,Two
DATAFLOW,OECD.CFE.EDS:DSD_REG_DEMO@DF_FERTILITY(2.4),Fertility - Regions,I,A,Annual,CTRY,Country,USA,United States,_Z,Not applicable,FERT_RATIO,Fertility rate,_T,Total,F,Female,BR_L_W,Live births per woman,2021,,1.664,,USA,United States,A,Normal value,0,Units,2,Two
DATAFLOW,OECD.CFE.EDS:DSD_REG_DEMO@DF_FERTILITY(2.4),Fertility - Regions,I,A,Annual,CTRY,Country,USA,United States,_Z,Not applicable,FERT_RATIO,Fertility rate,_T,Total,F,Female,BR_L_W,Live births per woman,2022,,1.6565,,USA,United States,A,Normal value,0,Units,2,Two
DATAFLOW,OECD.CFE.EDS:DSD_REG_DEMO@DF_FERTILITY(2.4),Fertility - Regions,I,A,Annual,CTRY,Country,USA,United States,_Z,Not applicable,FERT_RATIO,Fertility rate,_T,Total,F,Female,BR_L_W,Live births per woman,2023,,1.621,,USA,United States,A,Normal value,0,Units,2,Two
DATAFLOW,OECD.CFE.EDS:DSD_REG_DEMO@DF_FERTILITY(2.4),Fertility - Regions,I,A,Annual,CTRY,Country,JPN,Japan,_Z,Not applicable,LIVE_BIRTHS,Live births,Y0,0 years,_T,Total,BR,Births,2001,,1170662,,JPN,Japan,A,Normal value,0,Units,0,Zero
DATAFLOW,OECD.CFE.EDS:DSD_REG_DEMO@DF_FERTILITY(2.4),Fertility - Regions,I,A,Annual,CTRY,Country,JPN,Japan,_Z,Not applicable,LIVE_BIRTHS,Live births,Y0,0 years,_T,Total,BR,Births,2002,,1153855,,JPN,Japan,A,Normal value,0,Units,0,Zero
DATAFLOW,OECD.CFE.EDS:DSD_REG_DEMO@DF_FERTILITY(2.4),Fertility - Regions,I,A,Annual,CTRY,Country,JPN,Japan,_Z,Not applicable,LIVE_BIRTHS,Live births,Y0,0 years,_T,Total,BR,Births,2003,,1123610,,JPN,Japan,A,Normal value,0,Units,0,Zero
DATAFLOW,OECD.CFE.EDS:DSD_REG_DEMO@DF_FERTILITY(2.4),Fertility - Regions,I,A,Annual,CTRY,Country,JPN,Japan,_Z,Not applicable,LIVE_BIRTHS,Live births,Y0,0 years,_T,Total,BR,Births,2004,,1110721,,JPN,Japan,A,Normal value,0,Units,0,Zero
DATAFLOW,OECD.CFE.EDS:DSD_REG_DEMO@DF_FERTILITY(2.4),Fertility - Regions,I,A,Annual,CTRY,Country,JPN,Japan,_Z,Not applicable,LIVE_BIRTHS,Live births,Y0,0 years,_T,Total,BR,Births,2005,,1062530,,JPN,Japan,A,Normal value,0,Units,0,Zero
DATAFLOW,OECD.CFE.EDS:DSD_REG_DEMO@DF_FERTILITY(2.4),Fertility - Regions,I,A,Annual,CTRY,Country,JPN,Japan,_Z,Not applicable,LIVE_BIRTHS,Live births,Y0,0 years,_T,Total,BR,Births,2006,,1092674,,JPN,Japan,A,Normal value,0,Units,0,Zero
DATAFLOW,OECD.CFE.EDS:DSD_REG_DEMO@DF_FERTILITY(2.4),Fertility - Regions,I,A,Annual,CTRY,Country,JPN,Japan,_Z,Not applicable,LIVE_BIRTHS,Live births,Y0,0 years,_T,Total,BR,Births,2007,,1089818,,JPN,Japan,A,Normal value,0,Units,0,Zero
DATAFLOW,OECD.CFE.EDS:DSD_REG_DEMO@DF_FERTILITY(2.4),Fertility - Regions,I,A,Annual,CTRY,Country,JPN,Japan,_Z,Not applicable,LIVE_BIRTHS,Live births,Y0,0 years,_T,Total,BR,Births,2008,,1091156,,JPN,Japan,A,Normal value,0,Units,0,Zero
DATAFLOW,OECD.CFE.EDS:DSD_REG_DEMO@DF_FERTILITY(2.4),Fertility - Regions,I,A,Annual,CTRY,Country,JPN,Japan,_Z,Not applicable,LIVE_BIRTHS,Live births,Y0,0 years,_T,Total,BR,Births,2009,,1070036,,JPN,Japan,A,Normal value,0,Units,0,Zero
DATAFLOW,OECD.CFE.EDS:DSD_REG_DEMO@DF_FERTILITY(2.4),Fertility - Regions,I,A,Annual,CTRY,Country,JPN,Japan,_Z,Not applicable,LIVE_BIRTHS,Live births,Y0,0 years,_T,Total,BR,Births,2010,,1071305,,JPN,Japan,A,Normal value,0,Units,0,Zero
DATAFLOW,OECD.CFE.EDS:DSD_REG_DEMO@DF_FERTILITY(2.4),Fertility - Regions,I,A,Annual,CTRY,Country,JPN,Japan,_Z,Not applicable,LIVE_BIRTHS,Live births,Y0,0 years,_T,Total,BR,Births,2011,,1050807,,JPN,Japan,A,Normal value,0,Units,0,Zero
DATAFLOW,OECD.CFE.EDS:DSD_REG_DEMO@DF_FERTILITY(2.4),Fertility - Regions,I,A,Annual,CTRY,Country,JPN,Japan,_Z,Not applicable,LIVE_BIRTHS,Live births,Y0,0 years,_T,Total,BR,Births,2012,,1037232,,JPN,Japan,A,Normal value,0,Units,0,Zero
DATAFLOW,OECD.CFE.EDS:DSD_REG_DEMO@DF_FERTILITY(2.4),Fertility - Regions,I,A,Annual,CTRY,Country,JPN,Japan,_Z,Not applicable,LIVE_BIRTHS,Live births,Y0,0 years,_T,Total,BR,Births,2013,,1029817,,JPN,Japan,A,Normal value,0,Units,0,Zero
DATAFLOW,OECD.CFE.EDS:DSD_REG_DEMO@DF_FERTILITY(2.4),Fertility - Regions,I,A,Annual,CTRY,Country,JPN,Japan,_Z,Not applicable,LIVE_BIRTHS,Live births,Y0,0 years,_T,Total,BR,Births,2014,,1003609,,JPN,Japan,A,Normal value,0,Units,0,Zero
DATAFLOW,OECD.CFE.EDS:DSD_REG_DEMO@DF_FERTILITY(2.4),Fertility - Regions,I,A,Annual,CTRY,Country,JPN,Japan,_Z,Not applicable,LIVE_BIRTHS,Live births,Y0,0 years,_T,Total,BR,Births,2015,,1005721,,JPN,Japan,A,Normal value,0,Units,0,Zero
DATAFLOW,OECD.CFE.EDS:DSD_REG_DEMO@DF_FERTILITY(2.4),Fertility - Regions,I,A,Annual,CTRY,Country,JPN,Japan,_Z,Not applicable,LIVE_BIRTHS,Live births,Y0,0 years,_T,Total,BR,Births,2016,,977242,,JPN,Japan,A,Normal value,0,Units,0,Zero
DATAFLOW,OECD.CFE.EDS:DSD_REG_DEMO@DF_FERTILITY(2.4),Fertility - Regions,I,A,Annual,CTRY,Country,JPN,Japan,_Z,Not applicable,LIVE_BIRTHS,Live births,Y0,0 years,_T,Total,BR,Births,2017,,946146,,JPN,Japan,A,Normal value,0,Units,0,Zero
DATAFLOW,OECD.CFE.EDS:DSD_REG_DEMO@DF_FERTILITY(2.4),Fertility - Regions,I,A,Annual,CTRY,Country,JPN,Japan,_Z,Not applicable,LIVE_BIRTHS,Live births,Y0,0 years,_T,Total,BR,Births,2018,,918400,,JPN,Japan,A,Normal value,0,Units,0,Zero
DATAFLOW,OECD.CFE.EDS:DSD_REG_DEMO@DF_FERTILITY(2.4),Fertility - Regions,I,A,Annual,CTRY,Country,JPN,Japan,_Z,Not applicable,LIVE_BIRTHS,Live births,Y0,0 years,_T,Total,BR,Births,2019,,865239,,JPN,Japan,A,Normal value,0,Units,0,Zero
DATAFLOW,OECD.CFE.EDS:DSD_REG_DEMO@DF_FERTILITY(2.4),Fertility - Regions,I,A,Annual,CTRY,Country,JPN,Japan,_Z,Not applicable,LIVE_BIRTHS,Live births,Y0,0 years,_T,Total,BR,Births,2020,,840835,,JPN,Japan,A,Normal value,0,Units,0,Zero
DATAFLOW,OECD.CFE.EDS:DSD_REG_DEMO@DF_FERTILITY(2.4),Fertility - Regions,I,A,Annual,CTRY,Country,JPN,Japan,_Z,Not applicable,LIVE_BIRTHS,Live births,Y0,0 years,_T,Total,BR,Births,2021,,811622,,JPN,Japan,A,Normal value,0,Units,0,Zero
DATAFLOW,OECD.CFE.EDS:DSD_REG_DEMO@DF_FERTILITY(2.4),Fertility - Regions,I,A,Annual,CTRY,Country,JPN,Japan,_Z,Not applicable,LIVE_BIRTHS,Live births,Y0,0 years,_T,Total,BR,Births,2022,,770759,,JPN,Japan,A,Normal value,0,Units,0,Zero
DATAFLOW,OECD.CFE.EDS:DSD_REG_DEMO@DF_FERTILITY(2.4),Fertility - Regions,I,A,Annual,CTRY,Country,KOR,Korea,_Z,Not applicable,LIVE_BIRTHS,Live births,Y0,0 years,_T,Total,BR,Births,2023,,230028,,KOR,Korea,A,Normal value,0,Units,0,Zero
DATAFLOW,OECD.CFE.EDS:DSD_REG_DEMO@DF_FERTILITY(2.4),Fertility - Regions,I,A,Annual,CTRY,Country,JPN,Japan,_Z,Not applicable,LIVE_BIRTHS,Live births,Y0,0 years,_T,Total,BR,Births,2023,,727288,,JPN,Japan,A,Normal value,0,Units,0,Zero
DATAFLOW,OECD.CFE.EDS:DSD_REG_DEMO@DF_FERTILITY(2.4),Fertility - Regions,I,A,Annual,CTRY,Country,JPN,Japan,_Z,Not applicable,LIVE_BIRTHS,Live births,Y0,0 years,_T,Total,10P3HB,Per 1 000 inhabitants,2002,,9.051,,JPN,Japan,A,Normal value,0,Units,2,Two
DATAFLOW,OECD.CFE.EDS:DSD_REG_DEMO@DF_FERTILITY(2.4),Fertility - Regions,I,A,Annual,CTRY,Country,JPN,Japan,_Z,Not applicable,LIVE_BIRTHS,Live births,Y0,0 years,_T,Total,10P3HB,Per 1 000 inhabitants,2003,,8.799,,JPN,Japan,A,Normal value,0,Units,2,Two
DATAFLOW,OECD.CFE.EDS:DSD_REG_DEMO@DF_FERTILITY(2.4),Fertility - Regions,I,A,Annual,CTRY,Country,JPN,Japan,_Z,Not applicable,LIVE_BIRTHS,Live births,Y0,0 years,_T,Total,10P3HB,Per 1 000 inhabitants,2004,,8.692,,JPN,Japan,A,Normal value,0,Units,2,Two
DATAFLOW,OECD.CFE.EDS:DSD_REG_DEMO@DF_FERTILITY(2.4),Fertility - Regions,I,A,Annual,CTRY,Country,JPN,Japan,_Z,Not applicable,LIVE_BIRTHS,Live births,Y0,0 years,_T,Total,10P3HB,Per 1 000 inhabitants,2005,,8.316,,JPN,Japan,A,Normal value,0,Units,2,Two
DATAFLOW,OECD.CFE.EDS:DSD_REG_DEMO@DF_FERTILITY(2.4),Fertility - Regions,I,A,Annual,CTRY,Country,JPN,Japan,_Z,Not applicable,LIVE_BIRTHS,Live births,Y0,0 years,_T,Total,10P3HB,Per 1 000 inhabitants,2006,,8.543,,JPN,Japan,A,Normal value,0,Units,2,Two
DATAFLOW,OECD.CFE.EDS:DSD_REG_DEMO@DF_FERTILITY(2.4),Fertility - Regions,I,A,Annual,CTRY,Country,JPN,Japan,_Z,Not applicable,LIVE_BIRTHS,Live births,Y0,0 years,_T,Total,10P3HB,Per 1 000 inhabitants,2007,,8.512,,JPN,Japan,A,Normal value,0,Units,2,Two
DATAFLOW,OECD.CFE.EDS:DSD_REG_DEMO@DF_FERTILITY(2.4),Fertility - Regions,I,A,Annual,CTRY,Country,JPN,Japan,_Z,Not applicable,LIVE_BIRTHS,Live births,Y0,0 years,_T,Total,10P3HB,Per 1 000 inhabitants,2008,,8.519,,JPN,Japan,A,Normal value,0,Units,2,Two
DATAFLOW,OECD.CFE.EDS:DSD_REG_DEMO@DF_FERTILITY(2.4),Fertility - Regions,I,A,Annual,CTRY,Country,JPN,Japan,_Z,Not applicable,LIVE_BIRTHS,Live births,Y0,0 years,_T,Total,10P3HB,Per 1 000 inhabitants,2009,,8.358,,JPN,Japan,A,Normal value,0,Units,2,Two
DATAFLOW,OECD.CFE.EDS:DSD_REG_DEMO@DF_FERTILITY(2.4),Fertility - Regions,I,A,Annual,CTRY,Country,JPN,Japan,_Z,Not applicable,LIVE_BIRTHS,Live births,Y0,0 years,_T,Total,10P3HB,Per 1 000 inhabitants,2010,,8.366,,JPN,Japan,A,Normal value,0,Units,2,Two
DATAFLOW,OECD.CFE.EDS:DSD_REG_DEMO@DF_FERTILITY(2.4),Fertility - Regions,I,A,Annual,CTRY,Country,JPN,Japan,_Z,Not applicable,LIVE_BIRTHS,Live births,Y0,0 years,_T,Total,10P3HB,Per 1 000 inhabitants,2011,,8.22,,JPN,Japan,A,Normal value,0,Units,2,Two
DATAFLOW,OECD.CFE.EDS:DSD_REG_DEMO@DF_FERTILITY(2.4),Fertility - Regions,I,A,Annual,CTRY,Country,JPN,Japan,_Z,Not applicable,LIVE_BIRTHS,Live births,Y0,0 years,_T,Total,10P3HB,Per 1 000 inhabitants,2012,,8.129,,JPN,Japan,A,Normal value,0,Units,2,Two
DATAFLOW,OECD.CFE.EDS:DSD_REG_DEMO@DF_FERTILITY(2.4),Fertility - Regions,I,A,Annual,CTRY,Country,JPN,Japan,_Z,Not applicable,LIVE_BIRTHS,Live births,Y0,0 years,_T,Total,10P3HB,Per 1 000 inhabitants,2013,,8.082,,JPN,Japan,A,Normal value,0,Units,2,Two
DATAFLOW,OECD.CFE.EDS:DSD_REG_DEMO@DF_FERTILITY(2.4),Fertility - Regions,I,A,Annual,CTRY,Country,JPN,Japan,_Z,Not applicable,LIVE_BIRTHS,Live births,Y0,0 years,_T,Total,10P3HB,Per 1 000 inhabitants,2014,,7.888,,JPN,Japan,A,Normal value,0,Units,2,Two
DATAFLOW,OECD.CFE.EDS:DSD_REG_DEMO@DF_FERTILITY(2.4),Fertility - Regions,I,A,Annual,CTRY,Country,JPN,Japan,_Z,Not applicable,LIVE_BIRTHS,Live births,Y0,0 years,_T,Total,10P3HB,Per 1 000 inhabitants,2017,,7.455,,JPN,Japan,A,Normal value,0,Units,2,Two
DATAFLOW,OECD.CFE.EDS:DSD_REG_DEMO@DF_FERTILITY(2.4),Fertility - Regions,I,A,Annual,CTRY,Country,JPN,Japan,_Z,Not applicable,LIVE_BIRTHS,Live births,Y0,0 years,_T,Total,10P3HB,Per 1 000 inhabitants,2020,,6.666,,JPN,Japan,A,Normal value,0,Units,2,Two
DATAFLOW,OECD.CFE.EDS:DSD_REG_DEMO@DF_FERTILITY(2.4),Fertility - Regions,I,A,Annual,CTRY,Country,JPN,Japan,_Z,Not applicable,LIVE_BIRTHS,Live births,Y0,0 years,_T,Total,10P3HB,Per 1 000 inhabitants,2023,,5.849,,JPN,Japan,A,Normal value,0,Units,2,Two
DATAFLOW,OECD.CFE.EDS:DSD_REG_DEMO@DF_FERTILITY(2.4),Fertility - Regions,I,A,Annual,CTRY,Country,KOR,Korea,_Z,Not applicable,LIVE_BIRTHS,Live births,Y0,0 years,_T,Total,10P3HB,Per 1 000 inhabitants,2023,,4.482,,KOR,Korea,A,Normal value,0,Units,2,Two
DATAFLOW,OECD.CFE.EDS:DSD_REG_DEMO@DF_FERTILITY(2.4),Fertility - Regions,I,A,Annual,CTRY,Country,DEU,Germany,_Z,Not applicable,LIVE_BIRTHS,Live births,Y0,0 years,_T,Total,BR,Births,2024,,677117,,DEU,Germany,A,Normal value,0,Units,0,Zero
DATAFLOW,OECD.CFE.EDS:DSD_REG_DEMO@DF_FERTILITY(2.4),Fertility - Regions,I,A,Annual,CTRY,Country,DEU,Germany,_Z,Not applicable,LIVE_BIRTHS,Live births,Y0,0 years,_T,Total,10P3HB,Per 1 000 inhabitants,2024,,8.113,,DEU,Germany,A,Normal value,0,Units,2,Two
DATAFLOW,OECD.CFE.EDS:DSD_REG_DEMO@DF_FERTILITY(2.4),Fertility - Regions,I,A,Annual,CTRY,Country,ITA,Italy,_Z,Not applicable,LIVE_BIRTHS,Live births,Y0,0 years,_T,Total,10P3HB,Per 1 000 inhabitants,2024,,6.273,,ITA,Italy,A,Normal value,0,Units,2,Two
DATAFLOW,OECD.CFE.EDS:DSD_REG_DEMO@DF_FERTILITY(2.4),Fertility - Regions,I,A,Annual,CTRY,Country,JPN,Japan,_Z,Not applicable,LIVE_BIRTHS,Live births,Y0,0 years,_T,Total,BR,Births,2024,,686173,,JPN,Japan,A,Normal value,0,Units,0,Zero
DATAFLOW,OECD.CFE.EDS:DSD_REG_DEMO@DF_FERTILITY(2.4),Fertility - Regions,I,A,Annual,CTRY,Country,FRA,France,_Z,Not applicable,LIVE_BIRTHS,Live births,Y0,0 years,_T,Total,BR,Births,2024,,661236,,FRA,France,A,Normal value,0,Units,0,Zero
DATAFLOW,OECD.CFE.EDS:DSD_REG_DEMO@DF_FERTILITY(2.4),Fertility - Regions,I,A,Annual,CTRY,Country,KOR,Korea,_Z,Not applicable,LIVE_BIRTHS,Live births,Y0,0 years,_T,Total,BR,Births,2024,,238317,,KOR,Korea,A,Normal value,0,Units,0,Zero
DATAFLOW,OECD.CFE.EDS:DSD_REG_DEMO@DF_FERTILITY(2.4),Fertility - Regions,I,A,Annual,CTRY,Country,ITA,Italy,_Z,Not applicable,LIVE_BIRTHS,Live births,Y0,0 years,_T,Total,BR,Births,2024,,369944,,ITA,Italy,A,Normal value,0,Units,0,Zero
DATAFLOW,OECD.CFE.EDS:DSD_REG_DEMO@DF_FERTILITY(2.4),Fertility - Regions,I,A,Annual,CTRY,Country,JPN,Japan,_Z,Not applicable,LIVE_BIRTHS,Live births,Y0,0 years,_T,Total,10P3HB,Per 1 000 inhabitants,2024,,5.543,,JPN,Japan,A,Normal value,0,Units,2,Two
DATAFLOW,OECD.CFE.EDS:DSD_REG_DEMO@DF_FERTILITY(2.4),Fertility - Regions,I,A,Annual,CTRY,Country,FRA,France,_Z,Not applicable,LIVE_BIRTHS,Live births,Y0,0 years,_T,Total,10P3HB,Per 1 000 inhabitants,2024,,9.629,,FRA,France,A,Normal value,0,Units,2,Two
DATAFLOW,OECD.CFE.EDS:DSD_REG_DEMO@DF_FERTILITY(2.4),Fertility - Regions,I,A,Annual,CTRY,Country,KOR,Korea,_Z,Not applicable,LIVE_BIRTHS,Live births,Y0,0 years,_T,Total,10P3HB,Per 1 000 inhabitants,2024,,4.653,,KOR,Korea,A,Normal value,0,Units,2,Two
DATAFLOW,OECD.CFE.EDS:DSD_REG_DEMO@DF_FERTILITY(2.4),Fertility - Regions,I,A,Annual,CTRY,Country,USA,United States,_Z,Not applicable,LIVE_BIRTHS,Live births,Y0,0 years,_T,Total,BR,Births,2021,,3664292,,USA,United States,A,Normal value,0,Units,0,Zero
DATAFLOW,OECD.CFE.EDS:DSD_REG_DEMO@DF_FERTILITY(2.4),Fertility - Regions,I,A,Annual,CTRY,Country,USA,United States,_Z,Not applicable,LIVE_BIRTHS,Live births,Y0,0 years,_T,Total,10P3HB,Per 1 000 inhabitants,2021,,11.034,,USA,United States,A,Normal value,0,Units,2,Two
DATAFLOW,OECD.CFE.EDS:DSD_REG_DEMO@DF_FERTILITY(2.4),Fertility - Regions,I,A,Annual,CTRY,Country,USA,United States,_Z,Not applicable,LIVE_BIRTHS,Live births,Y0,0 years,_T,Total,10P3HB,Per 1 000 inhabitants,2022,,10.981,,USA,United States,A,Normal value,0,Units,2,Two
DATAFLOW,OECD.CFE.EDS:DSD_REG_DEMO@DF_FERTILITY(2.4),Fertility - Regions,I,A,Annual,CTRY,Country,USA,United States,_Z,Not applicable,LIVE_BIRTHS,Live births,Y0,0 years,_T,Total,BR,Births,2022,,3667758,,USA,United States,A,Normal value,0,Units,0,Zero
DATAFLOW,OECD.CFE.EDS:DSD_REG_DEMO@DF_FERTILITY(2.4),Fertility - Regions,I,A,Annual,CTRY,Country,USA,United States,_Z,Not applicable,LIVE_BIRTHS,Live births,Y0,0 years,_T,Total,BR,Births,2023,,3596017,,USA,United States,A,Normal value,0,Units,0,Zero
DATAFLOW,OECD.CFE.EDS:DSD_REG_DEMO@DF_FERTILITY(2.4),Fertility - Regions,I,A,Annual,CTRY,Country,USA,United States,_Z,Not applicable,LIVE_BIRTHS,Live births,Y0,0 years,_T,Total,10P3HB,Per 1 000 inhabitants,2023,,10.677,,USA,United States,A,Normal value,0,Units,2,Two
DATAFLOW,OECD.CFE.EDS:DSD_REG_DEMO@DF_FERTILITY(2.4),Fertility - Regions,I,A,Annual,CTRY,Country,USA,United States,_Z,Not applicable,LIVE_BIRTHS,Live births,Y0,0 years,_T,Total,10P3HB,Per 1 000 inhabitants,2024,,10.67,,USA,United States,A,Normal value,0,Units,2,Two
DATAFLOW,OECD.CFE.EDS:DSD_REG_DEMO@DF_FERTILITY(2.4),Fertility - Regions,I,A,Annual,CTRY,Country,USA,United States,_Z,Not applicable,LIVE_BIRTHS,Live births,Y0,0 years,_T,Total,BR,Births,2024,,3628934,,USA,United States,A,Normal value,0,Units,0,Zero
DATAFLOW,OECD.CFE.EDS:DSD_REG_DEMO@DF_FERTILITY(2.4),Fertility - Regions,I,A,Annual,CTRY,Country,USA,United States,_Z,Not applicable,LIVE_BIRTHS,Live births,Y0,0 years,_T,Total,BR,Births,2025,,3620461,,USA,United States,A,Normal value,0,Units,0,Zero
DATAFLOW,OECD.CFE.EDS:DSD_REG_DEMO@DF_FERTILITY(2.4),Fertility - Regions,I,A,Annual,CTRY,Country,USA,United States,_Z,Not applicable,LIVE_BIRTHS,Live births,Y0,0 years,_T,Total,10P3HB,Per 1 000 inhabitants,2025,,10.593,,USA,United States,A,Normal value,0,Units,2,Two
DATAFLOW,OECD.CFE.EDS:DSD_REG_DEMO@DF_FERTILITY(2.4),Fertility - Regions,I,A,Annual,CTRY,Country,ITA,Italy,_Z,Not applicable,FERT_RATIO,Fertility rate,_T,Total,F,Female,BR_L_W,Live births per woman,2018,,1.3,,ITA,Italy,B,Time series break,0,Units,2,Two
DATAFLOW,OECD.CFE.EDS:DSD_REG_DEMO@DF_FERTILITY(2.4),Fertility - Regions,I,A,Annual,CTRY,Country,FRA,France,_Z,Not applicable,FERT_RATIO,Fertility rate,_T,Total,F,Female,BR_L_W,Live births per woman,2023,,1.66,,FRA,France,P,Provisional value,0,Units,2,Two
DATAFLOW,OECD.CFE.EDS:DSD_REG_DEMO@DF_FERTILITY(2.4),Fertility - Regions,I,A,Annual,CTRY,Country,DEU,Germany,_Z,Not applicable,FERT_RATIO,Fertility rate,_T,Total,F,Female,BR_L_W,Live births per woman,2023,,1.39,,DEU,Germany,B,Time series break,0,Units,2,Two
DATAFLOW,OECD.CFE.EDS:DSD_REG_DEMO@DF_FERTILITY(2.4),Fertility - Regions,I,A,Annual,CTRY,Country,FRA,France,_Z,Not applicable,FERT_RATIO,Fertility rate,_T,Total,F,Female,BR_L_W,Live births per woman,2024,,1.61,,FRA,France,P,Provisional value,0,Units,2,Two
DATAFLOW,OECD.CFE.EDS:DSD_REG_DEMO@DF_FERTILITY(2.4),Fertility - Regions,I,A,Annual,CTRY,Country,FRA,France,_Z,Not applicable,FERT_RATIO,Fertility rate,_T,Total,F,Female,BR_L_W,Live births per woman,2022,,1.78,,FRA,France,P,Provisional value,0,Units,2,Two
