STRUCTURE,STRUCTURE_ID,STRUCTURE_NAME,ACTION,REF_AREA,Reference area,MEASURE,Measure,UNIT_MEASURE,Unit of measure,TRANSFORMATION,Transformation,ADJUSTMENT,Adjustment,SEX,Sex,AGE,Age,ACTIVITY,Economic activity,FREQ,Frequency of observation,TIME_PERIOD,Time period,OBS_VALUE,Observation value,BASE_PER,Base period,OBS_STATUS,Observation status,UNIT_MULT,Unit multiplier,DECIMALS,Decimals
DATAFLOW,OECD.SDD.TPS:DSD_LFS@DF_IALFS_LF_WAP_Q(1.0),Labour force participation rate,I,KOR,Korea,LF_WAP,Labour force participation rate,PT_WAP_SUB,Percentage of working age population in the same subgroup,_Z,Not applicable,N,Neither seasonally adjusted nor calendar adjusted,_T,Total,Y15T24,From 15 to 24 years,_Z,Not applicable,A,Annual,2007,,28.79773,,,,A,Normal value,0,Units,1,One
DATAFLOW,OECD.SDD.TPS:DSD_LFS@DF_IALFS_LF_WAP_Q(1.0),Labour force participation rate,I,KOR,Korea,LF_WAP,Labour force participation rate,PT_WAP_SUB,Percentage of working age population in the same subgroup,_Z,Not applicable,N,Neither seasonally adjusted nor calendar adjusted,_T,Total,Y15T24,From 15 to 24 years,_Z,Not applicable,A,Annual,2006,,30.88555,,,,A,Normal value,0,Units,1,One
DATAFLOW,OECD.SDD.TPS:DSD_LFS@DF_IALFS_LF_WAP_Q(1.0),Labour force participation rate,I,OECD,OECD,LF_WAP,Labour force participation rate,PT_WAP_SUB,Percentage of working age population in the same subgroup,_Z,Not applicable,N,Neither seasonally adjusted nor calendar adjusted,F,Female,Y15T24,From 15 to 24 years,_Z,Not applicable,A,Annual,2024,,45.09781,,,,E,Estimated value,0,Units,1,One
DATAFLOW,OECD.SDD.TPS:DSD_LFS@DF_IALFS_LF_WAP_Q(1.0),Labour force participation rate,I,KOR,Korea,LF_WAP,Labour force participation rate,PT_WAP_SUB,Percentage of working age population in the same subgroup,_Z,Not applicable,N,Neither seasonally adjusted nor calendar adjusted,_T,Total,Y25T54,From 25 to 54 years,_Z,Not applicable,A,Annual,2004,,75.98242,,,,A,Normal value,0,Units,1,One
DATAFLOW,OECD.SDD.TPS:DSD_LFS@DF_IALFS_LF_WAP_Q(1.0),Labour force participation rate,I,OECD,OECD,LF_WAP,Labour force participation rate,PT_WAP_SUB,Percentage of working age population in the same subgroup,_Z,Not applicable,N,Neither seasonally adjusted nor calendar adjusted,F,Female,Y55T64,From 55 to 64 years,_Z,Not applicable,A,Annual,2014,,51.27737,,,,E,Estimated value,0,Units,1,One
DATAFLOW,OECD.SDD.TPS:DSD_LFS@DF_IALFS_LF_WAP_Q(1.0),Labour force participation rate,I,OECD,OECD,LF_WAP,Labour force participation rate,PT_WAP_SUB,Percentage of working age population in the same subgroup,_Z,Not applicable,N,Neither seasonally adjusted nor calendar adjusted,M,Male,Y55T64,From 55 to 64 years,_Z,Not applicable,A,Annual,2013,,69.30759,,,,E,Estimated value,0,Units,1,One
DATAFLOW,OECD.SDD.TPS:DSD_LFS@DF_IALFS_LF_WAP_Q(1.0),Labour force participation rate,I,OECD,OECD,LF_WAP,Labour force participation rate,PT_WAP_SUB,Percentage of working age population in the same subgroup,_Z,Not applicable,N,Neither seasonally adjusted nor calendar adjusted,F,Female,Y15T64,From 15 to 64 years,_Z,Not applicable,A,Annual,2019,,65.13384,,,,E,Estimated value,0,Units,1,One
DATAFLOW,OECD.SDD.TPS:DSD_LFS@DF_IALFS_LF_WAP_Q(1.0),Labour force participation rate,I,OECD,OECD,LF_WAP,Labour force participation rate,PT_WAP_SUB,Percentage of working age population in the same subgroup,_Z,Not applicable,N,Neither seasonally adjusted nor calendar adjusted,_T,Total,Y15T64,From 15 to 64 years,_Z,Not applicable,A,Annual,2019,,72.77165,,,,E,Estimated value,0,Units,1,One
DATAFLOW,OECD.SDD.TPS:DSD_LFS@DF_IALFS_LF_WAP_Q(1.0),Labour force participation rate,I,KOR,Korea,LF_WAP,Labour force participation rate,PT_WAP_SUB,Percentage of working age population in the same subgroup,_Z,Not applicable,N,Neither seasonally adjusted nor calendar adjusted,_T,Total,Y25T54,From 25 to 54 years,_Z,Not applicable,A,Annual,2017,,79.11046,,,,A,Normal value,0,Units,1,One
DATAFLOW,OECD.SDD.TPS:DSD_LFS@DF_IALFS_LF_WAP_Q(1.0),Labour force participation rate,I,KOR,Korea,LF_WAP,Labour force participation rate,PT_WAP_SUB,Percentage of working age population in the same subgroup,_Z,Not applicable,N,Neither seasonally adjusted nor calendar adjusted,_T,Total,Y25T54,From 25 to 54 years,_Z,Not applicable,A,Annual,2016,,78.83057,,,,A,Normal value,0,Units,1,One
DATAFLOW,OECD.SDD.TPS:DSD_LFS@DF_IALFS_LF_WAP_Q(1.0),Labour force participation rate,I,KOR,Korea,LF_WAP,Labour force participation rate,PT_WAP_SUB,Percentage of working age population in the same subgroup,_Z,Not applicable,N,Neither seasonally adjusted nor calendar adjusted,_T,Total,Y25T54,From 25 to 54 years,_Z,Not applicable,A,Annual,2015,,78.53402,,,,A,Normal value,0,Units,1,One
DATAFLOW,OECD.SDD.TPS:DSD_LFS@DF_IALFS_LF_WAP_Q(1.0),Labour force participation rate,I,KOR,Korea,LF_WAP,Labour force participation rate,PT_WAP_SUB,Percentage of working age population in the same subgroup,_Z,Not applicable,N,Neither seasonally adjusted nor calendar adjusted,_T,Total,Y25T54,From 25 to 54 years,_Z,Not applicable,A,Annual,2014,,78.32442,,,,A,Normal value,0,Units,1,One
DATAFLOW,OECD.SDD.TPS:DSD_LFS@DF_IALFS_LF_WAP_Q(1.0),Labour force participation rate,I,KOR,Korea,LF_WAP,Labour force participation rate,PT_WAP_SUB,Percentage of working age population in the same subgroup,_Z,Not applicable,N,Neither seasonally adjusted nor calendar adjusted,_T,Total,Y25T54,From 25 to 54 years,_Z,Not applicable,A,Annual,2013,,77.30489,,,,A,Normal value,0,Units,1,One
DATAFLOW,OECD.SDD.TPS:DSD_LFS@DF_IALFS_LF_WAP_Q(1.0),Labour force participation rate,I,KOR,Korea,LF_WAP,Labour force participation rate,PT_WAP_SUB,Percentage of working age population in the same subgroup,_Z,Not applicable,N,Neither seasonally adjusted nor calendar adjusted,_T,Total,Y25T54,From 25 to 54 years,_Z,Not applicable,A,Annual,2012,,77.00399,,,,A,Normal value,0,Units,1,One
DATAFLOW,OECD.SDD.TPS:DSD_LFS@DF_IALFS_LF_WAP_Q(1.0),Labour force participation rate,I,KOR,Korea,LF_WAP,Labour force participation rate,PT_WAP_SUB,Percentage of working age population in the same subgroup,_Z,Not applicable,N,Neither seasonally adjusted nor calendar adjusted,_T,Total,Y25T54,From 25 to 54 years,_Z,Not applicable,A,Annual,2011,,76.84058,,,,A,Normal value,0,Units,1,One
DATAFLOW,OECD.SDD.TPS:DSD_LFS@DF_IALFS_LF_WAP_Q(1.0),Labour force participation rate,I,OECD,OECD,LF_WAP,Labour force participation rate,PT_WAP_SUB,Percentage of working age population in the same subgroup,_Z,Not applicable,N,Neither seasonally adjusted nor calendar adjusted,_T,Total,Y15T64,From 15 to 64 years,_Z,Not applicable,A,Annual,2024,,73.94847,,,,E,Estimated value,0,Units,1,One
DATAFLOW,OECD.SDD.TPS:DSD_LFS@DF_IALFS_LF_WAP_Q(1.0),Labour force participation rate,I,OECD,OECD,LF_WAP,Labour force participation rate,PT_WAP_SUB,Percentage of working age population in the same subgroup,_Z,Not applicable,N,Neither seasonally adjusted nor calendar adjusted,_T,Total,Y15T24,From 15 to 24 years,_Z,Not applicable,A,Annual,2024,,48.55588,,,,E,Estimated value,0,Units,1,One
DATAFLOW,OECD.SDD.TPS:DSD_LFS@DF_IALFS_LF_WAP_Q(1.0),Labour force participation rate,I,OECD,OECD,LF_WAP,Labour force participation rate,PT_WAP_SUB,Percentage of working age population in the same subgroup,_Z,Not applicable,N,Neither seasonally adjusted nor calendar adjusted,M,Male,Y15T64,From 15 to 64 years,_Z,Not applicable,A,Annual,2014,,79.65592,,,,E,Estimated value,0,Units,1,One
DATAFLOW,OECD.SDD.TPS:DSD_LFS@DF_IALFS_LF_WAP_Q(1.0),Labour force participation rate,I,OECD,OECD,LF_WAP,Labour force participation rate,PT_WAP_SUB,Percentage of working age population in the same subgroup,_Z,Not applicable,N,Neither seasonally adjusted nor calendar adjusted,F,Female,Y15T64,From 15 to 64 years,_Z,Not applicable,A,Annual,2014,,62.72983,,,,E,Estimated value,0,Units,1,One
DATAFLOW,OECD.SDD.TPS:DSD_LFS@DF_IALFS_LF_WAP_Q(1.0),Labour force participation rate,I,KOR,Korea,LF_WAP,Labour force participation rate,PT_WAP_SUB,Percentage of working age population in the same subgroup,_Z,Not applicable,N,Neither seasonally adjusted nor calendar adjusted,_T,Total,Y55T64,From 55 to 64 years,_Z,Not applicable,A,Annual,2019,,68.94456,,,,A,Normal value,0,Units,1,One
DATAFLOW,OECD.SDD.TPS:DSD_LFS@DF_IALFS_LF_WAP_Q(1.0),Labour force participation rate,I,KOR,Korea,LF_WAP,Labour force participation rate,PT_WAP_SUB,Percentage of working age population in the same subgroup,_Z,Not applicable,N,Neither seasonally adjusted nor calendar adjusted,_T,Total,Y55T64,From 55 to 64 years,_Z,Not applicable,A,Annual,2018,,68.8203,,,,A,Normal value,0,Units,1,One
DATAFLOW,OECD.SDD.TPS:DSD_LFS@DF_IALFS_LF_WAP_Q(1.0),Labour force participation rate,I,KOR,Korea,LF_WAP,Labour force participation rate,PT_WAP_SUB,Percentage of working age population in the same subgroup,_Z,Not applicable,N,Neither seasonally adjusted nor calendar adjusted,_T,Total,Y55T64,From 55 to 64 years,_Z,Not applicable,A,Annual,2017,,69.13613,,,,A,Normal value,0,Units,1,One
DATAFLOW,OECD.SDD.TPS:DSD_LFS@DF_IALFS_LF_WAP_Q(1.0),Labour force participation rate,I,KOR,Korea,LF_WAP,Labour force participation rate,PT_WAP_SUB,Percentage of working age population in the same subgroup,_Z,Not applicable,N,Neither seasonally adjusted nor calendar adjusted,_T,Total,Y55T64,From 55 to 64 years,_Z,Not applicable,A,Annual,2016,,68.04382,,,,A,Normal value,0,Units,1,One
DATAFLOW,OECD.SDD.TPS:DSD_LFS@DF_IALFS_LF_WAP_Q(1.0),Labour force participation rate,I,KOR,Korea,LF_WAP,Labour force participation rate,PT_WAP_SUB,Percentage of working age population in the same subgroup,_Z,Not applicable,N,Neither seasonally adjusted nor calendar adjusted,_T,Total,Y55T64,From 55 to 64 years,_Z,Not applicable,A,Annual,2015,,67.88459,,,,A,Normal value,0,Units,1,One
DATAFLOW,OECD.SDD.TPS:DSD_LFS@DF_IALFS_LF_WAP_Q(1.0),Labour force participation rate,I,KOR,Korea,LF_WAP,Labour force participation rate,PT_WAP_SUB,Percentage of working age population in the same subgroup,_Z,Not applicable,N,Neither seasonally adjusted nor calendar adjusted,_T,Total,Y55T64,From 55 to 64 years,_Z,Not applicable,A,Annual,2014,,67.43408,,,,A,Normal value,0,Units,1,One
DATAFLOW,OECD.SDD.TPS:DSD_LFS@DF_IALFS_LF_WAP_Q(1.0),Labour force participation rate,I,KOR,Korea,LF_WAP,Labour force participation rate,PT_WAP_SUB,Percentage of working age population in the same subgroup,_Z,Not applicable,N,Neither seasonally adjusted nor calendar adjusted,_T,Total,Y55T64,From 55 to 64 years,_Z,Not applicable,A,Annual,2013,,65.75259,,,,A,Normal value,0,Units,1,One
DATAFLOW,OECD.SDD.TPS:DSD_LFS@DF_IALFS_LF_WAP_Q(1.0),Labour force participation rate,I,KOR,Korea,LF_WAP,Labour force participation rate,PT_WAP_SUB,Percentage of working age population in the same subgroup,_Z,Not applicable,N,Neither seasonally adjusted nor calendar adjusted,_T,Total,Y55T64,From 55 to 64 years,_Z,Not applicable,A,Annual,2012,,64.72218,,,,A,Normal value,0,Units,1,One
DATAFLOW,OECD.SDD.TPS:DSD_LFS@DF_IALFS_LF_WAP_Q(1.0),Labour force participation rate,I,KOR,Korea,LF_WAP,Labour force participation rate,PT_WAP_SUB,Percentage of working age population in the same subgroup,_Z,Not applicable,N,Neither seasonally adjusted nor calendar adjusted,_T,Total,Y55T64,From 55 to 64 years,_Z,Not applicable,A,Annual,2011,,63.70939,,,,A,Normal value,0,Units,1,One
DATAFLOW,OECD.SDD.TPS:DSD_LFS@DF_IALFS_LF_WAP_Q(1.0),Labour force participation rate,I,KOR,Korea,LF_WAP,Labour force participation rate,PT_WAP_SUB,Percentage of working age population in the same subgroup,_Z,Not applicable,N,Neither seasonally adjusted nor calendar adjusted,_T,Total,Y55T64,From 55 to 64 years,_Z,Not applicable,A,Annual,2010,,62.65667,,,,A,Normal value,0,Units,1,One
DATAFLOW,OECD.SDD.TPS:DSD_LFS@DF_IALFS_LF_WAP_Q(1.0),Labour force participation rate,I,KOR,Korea,LF_WAP,Labour force participation rate,PT_WAP_SUB,Percentage of working age population in the same subgroup,_Z,Not applicable,N,Neither seasonally adjusted nor calendar adjusted,_T,Total,Y55T64,From 55 to 64 years,_Z,Not applicable,A,Annual,2009,,61.74624,,,,A,Normal value,0,Units,1,One
DATAFLOW,OECD.SDD.TPS:DSD_LFS@DF_IALFS_LF_WAP_Q(1.0),Labour force participation rate,I,KOR,Korea,LF_WAP,Labour force participation rate,PT_WAP_SUB,Percentage of working age population in the same subgroup,_Z,Not applicable,N,Neither seasonally adjusted nor calendar adjusted,_T,Total,Y55T64,From 55 to 64 years,_Z,Not applicable,A,Annual,2008,,61.79637,,,,A,Normal value,0,Units,1,One
DATAFLOW,OECD.SDD.TPS:DSD_LFS@DF_IALFS_LF_WAP_Q(1.0),Labour force participation rate,I,KOR,Korea,LF_WAP,Labour force participation rate,PT_WAP_SUB,Percentage of working age population in the same subgroup,_Z,Not applicable,N,Neither seasonally adjusted nor calendar adjusted,_T,Total,Y55T64,From 55 to 64 years,_Z,Not applicable,A,Annual,2007,,61.91117,,,,A,Normal value,0,Units,1,One
DATAFLOW,OECD.SDD.TPS:DSD_LFS@DF_IALFS_LF_WAP_Q(1.0),Labour force participation rate,I,KOR,Korea,LF_WAP,Labour force participation rate,PT_WAP_SUB,Percentage of working age population in the same subgroup,_Z,Not applicable,N,Neither seasonally adjusted nor calendar adjusted,_T,Total,Y55T64,From 55 to 64 years,_Z,Not applicable,A,Annual,2006,,60.72813,,,,A,Normal value,0,Units,1,One
DATAFLOW,OECD.SDD.TPS:DSD_LFS@DF_IALFS_LF_WAP_Q(1.0),Labour force participation rate,I,KOR,Korea,LF_WAP,Labour force participation rate,PT_WAP_SUB,Percentage of working age population in the same subgroup,_Z,Not applicable,N,Neither seasonally adjusted nor calendar adjusted,_T,Total,Y55T64,From 55 to 64 years,_Z,Not applicable,A,Annual,2005,,60.21036,,,,A,Normal value,0,Units,1,One
DATAFLOW,OECD.SDD.TPS:DSD_LFS@DF_IALFS_LF_WAP_Q(1.0),Labour force participation rate,I,KOR,Korea,LF_WAP,Labour force participation rate,PT_WAP_SUB,Percentage of working age population in the same subgroup,_Z,Not applicable,N,Neither seasonally adjusted nor calendar adjusted,_T,Total,Y55T64,From 55 to 64 years,_Z,Not applicable,A,Annual,2004,,60.12862,,,,A,Normal value,0,Units,1,One
DATAFLOW,OECD.SDD.TPS:DSD_LFS@DF_IALFS_LF_WAP_Q(1.0),Labour force participation rate,I,KOR,Korea,LF_WAP,Labour force participation rate,PT_WAP_SUB,Percentage of working age population in the same subgroup,_Z,Not applicable,N,Neither seasonally adjusted nor calendar adjusted,_T,Total,Y55T64,From 55 to 64 years,_Z,Not applicable,A,Annual,2003,,58.96355,,,,A,Normal value,0,Units,1,One
DATAFLOW,OECD.SDD.TPS:DSD_LFS@DF_IALFS_LF_WAP_Q(1.0),Labour force participation rate,I,KOR,Korea,LF_WAP,Labour force participation rate,PT_WAP_SUB,Percentage of working age population in the same subgroup,_Z,Not applicable,N,Neither seasonally adjusted nor calendar adjusted,_T,Total,Y55T64,From 55 to 64 years,_Z,Not applicable,A,Annual,2002,,60.54713,,,,A,Normal value,0,Units,1,One
DATAFLOW,OECD.SDD.TPS:DSD_LFS@DF_IALFS_LF_WAP_Q(1.0),Labour force participation rate,I,KOR,Korea,LF_WAP,Labour force participation rate,PT_WAP_SUB,Percentage of working age population in the same subgroup,_Z,Not applicable,N,Neither seasonally adjusted nor calendar adjusted,_T,Total,Y55T64,From 55 to 64 years,_Z,Not applicable,A,Annual,2001,,59.73643,,,,A,Normal value,0,Units,1,One
DATAFLOW,OECD.SDD.TPS:DSD_LFS@DF_IALFS_LF_WAP_Q(1.0),Labour force participation rate,I,KOR,Korea,LF_WAP,Labour force participation rate,PT_WAP_SUB,Percentage of working age population in the same subgroup,_Z,Not applicable,N,Neither seasonally adjusted nor calendar adjusted,_T,Total,Y25T54,From 25 to 54 years,_Z,Not applicable,A,Annual,2003,,75.47704,,,,A,Normal value,0,Units,1,One
DATAFLOW,OECD.SDD.TPS:DSD_LFS@DF_IALFS_LF_WAP_Q(1.0),Labour force participation rate,I,OECD,OECD,LF_WAP,Labour force participation rate,PT_WAP_SUB,Percentage of working age population in the same subgroup,_Z,Not applicable,N,Neither seasonally adjusted nor calendar adjusted,M,Male,Y15T64,From 15 to 64 years,_Z,Not applicable,A,Annual,2019,,80.53357,,,,E,Estimated value,0,Units,1,One
DATAFLOW,OECD.SDD.TPS:DSD_LFS@DF_IALFS_LF_WAP_Q(1.0),Labour force participation rate,I,KOR,Korea,LF_WAP,Labour force participation rate,PT_WAP_SUB,Percentage of working age population in the same subgroup,_Z,Not applicable,N,Neither seasonally adjusted nor calendar adjusted,_T,Total,Y25T54,From 25 to 54 years,_Z,Not applicable,A,Annual,2001,,75.33422,,,,A,Normal value,0,Units,1,One
DATAFLOW,OECD.SDD.TPS:DSD_LFS@DF_IALFS_LF_WAP_Q(1.0),Labour force participation rate,I,KOR,Korea,LF_WAP,Labour force participation rate,PT_WAP_SUB,Percentage of working age population in the same subgroup,_Z,Not applicable,N,Neither seasonally adjusted nor calendar adjusted,_T,Total,Y25T54,From 25 to 54 years,_Z,Not applicable,A,Annual,2000,,75.24575,,,,A,Normal value,0,Units,1,One
DATAFLOW,OECD.SDD.TPS:DSD_LFS@DF_IALFS_LF_WAP_Q(1.0),Labour force participation rate,I,KOR,Korea,LF_WAP,Labour force participation rate,PT_WAP_SUB,Percentage of working age population in the same subgroup,_Z,Not applicable,N,Neither seasonally adjusted nor calendar adjusted,_T,Total,Y_GE15,15 years or over,_Z,Not applicable,A,Annual,2024,,64.51224,,,,A,Normal value,0,Units,1,One
DATAFLOW,OECD.SDD.TPS:DSD_LFS@DF_IALFS_LF_WAP_Q(1.0),Labour force participation rate,I,KOR,Korea,LF_WAP,Labour force participation rate,PT_WAP_SUB,Percentage of working age population in the same subgroup,_Z,Not applicable,N,Neither seasonally adjusted nor calendar adjusted,_T,Total,Y_GE15,15 years or over,_Z,Not applicable,A,Annual,2023,,64.31351,,,,A,Normal value,0,Units,1,One
DATAFLOW,OECD.SDD.TPS:DSD_LFS@DF_IALFS_LF_WAP_Q(1.0),Labour force participation rate,I,KOR,Korea,LF_WAP,Labour force participation rate,PT_WAP_SUB,Percentage of working age population in the same subgroup,_Z,Not applicable,N,Neither seasonally adjusted nor calendar adjusted,_T,Total,Y_GE15,15 years or over,_Z,Not applicable,A,Annual,2022,,63.90057,,,,A,Normal value,0,Units,1,One
DATAFLOW,OECD.SDD.TPS:DSD_LFS@DF_IALFS_LF_WAP_Q(1.0),Labour force participation rate,I,KOR,Korea,LF_WAP,Labour force participation rate,PT_WAP_SUB,Percentage of working age population in the same subgroup,_Z,Not applicable,N,Neither seasonally adjusted nor calendar adjusted,_T,Total,Y_GE15,15 years or over,_Z,Not applicable,A,Annual,2021,,62.79877,,,,A,Normal value,0,Units,1,One
DATAFLOW,OECD.SDD.TPS:DSD_LFS@DF_IALFS_LF_WAP_Q(1.0),Labour force participation rate,I,KOR,Korea,LF_WAP,Labour force participation rate,PT_WAP_SUB,Percentage of working age population in the same subgroup,_Z,Not applicable,N,Neither seasonally adjusted nor calendar adjusted,_T,Total,Y_GE15,15 years or over,_Z,Not applicable,A,Annual,2020,,62.54839,,,,A,Normal value,0,Units,1,One
DATAFLOW,OECD.SDD.TPS:DSD_LFS@DF_IALFS_LF_WAP_Q(1.0),Labour force participation rate,I,KOR,Korea,LF_WAP,Labour force participation rate,PT_WAP_SUB,Percentage of working age population in the same subgroup,_Z,Not applicable,N,Neither seasonally adjusted nor calendar adjusted,_T,Total,Y_GE15,15 years or over,_Z,Not applicable,A,Annual,2019,,63.33376,,,,A,Normal value,0,Units,1,One
DATAFLOW,OECD.SDD.TPS:DSD_LFS@DF_IALFS_LF_WAP_Q(1.0),Labour force participation rate,I,KOR,Korea,LF_WAP,Labour force participation rate,PT_WAP_SUB,Percentage of working age population in the same subgroup,_Z,Not applicable,N,Neither seasonally adjusted nor calendar adjusted,_T,Total,Y_GE15,15 years or over,_Z,Not applicable,A,Annual,2018,,63.13691,,,,A,Normal value,0,Units,1,One
DATAFLOW,OECD.SDD.TPS:DSD_LFS@DF_IALFS_LF_WAP_Q(1.0),Labour force participation rate,I,KOR,Korea,LF_WAP,Labour force participation rate,PT_WAP_SUB,Percentage of working age population in the same subgroup,_Z,Not applicable,N,Neither seasonally adjusted nor calendar adjusted,_T,Total,Y_GE15,15 years or over,_Z,Not applicable,A,Annual,2017,,63.16222,,,,A,Normal value,0,Units,1,One
DATAFLOW,OECD.SDD.TPS:DSD_LFS@DF_IALFS_LF_WAP_Q(1.0),Labour force participation rate,I,KOR,Korea,LF_WAP,Labour force participation rate,PT_WAP_SUB,Percentage of working age population in the same subgroup,_Z,Not applicable,N,Neither seasonally adjusted nor calendar adjusted,_T,Total,Y_GE15,15 years or over,_Z,Not applicable,A,Annual,2016,,62.87691,,,,A,Normal value,0,Units,1,One
DATAFLOW,OECD.SDD.TPS:DSD_LFS@DF_IALFS_LF_WAP_Q(1.0),Labour force participation rate,I,KOR,Korea,LF_WAP,Labour force participation rate,PT_WAP_SUB,Percentage of working age population in the same subgroup,_Z,Not applicable,N,Neither seasonally adjusted nor calendar adjusted,_T,Total,Y_GE15,15 years or over,_Z,Not applicable,A,Annual,2015,,62.79716,,,,A,Normal value,0,Units,1,One
DATAFLOW,OECD.SDD.TPS:DSD_LFS@DF_IALFS_LF_WAP_Q(1.0),Labour force participation rate,I,KOR,Korea,LF_WAP,Labour force participation rate,PT_WAP_SUB,Percentage of working age population in the same subgroup,_Z,Not applicable,N,Neither seasonally adjusted nor calendar adjusted,_T,Total,Y_GE15,15 years or over,_Z,Not applicable,A,Annual,2014,,62.70629,,,,A,Normal value,0,Units,1,One
DATAFLOW,OECD.SDD.TPS:DSD_LFS@DF_IALFS_LF_WAP_Q(1.0),Labour force participation rate,I,KOR,Korea,LF_WAP,Labour force participation rate,PT_WAP_SUB,Percentage of working age population in the same subgroup,_Z,Not applicable,N,Neither seasonally adjusted nor calendar adjusted,_T,Total,Y_GE15,15 years or over,_Z,Not applicable,A,Annual,2013,,61.71265,,,,A,Normal value,0,Units,1,One
DATAFLOW,OECD.SDD.TPS:DSD_LFS@DF_IALFS_LF_WAP_Q(1.0),Labour force participation rate,I,KOR,Korea,LF_WAP,Labour force participation rate,PT_WAP_SUB,Percentage of working age population in the same subgroup,_Z,Not applicable,N,Neither seasonally adjusted nor calendar adjusted,_T,Total,Y_GE15,15 years or over,_Z,Not applicable,A,Annual,2012,,61.59234,,,,A,Normal value,0,Units,1,One
DATAFLOW,OECD.SDD.TPS:DSD_LFS@DF_IALFS_LF_WAP_Q(1.0),Labour force participation rate,I,KOR,Korea,LF_WAP,Labour force participation rate,PT_WAP_SUB,Percentage of working age population in the same subgroup,_Z,Not applicable,N,Neither seasonally adjusted nor calendar adjusted,_T,Total,Y_GE15,15 years or over,_Z,Not applicable,A,Annual,2011,,61.34389,,,,A,Normal value,0,Units,1,One
DATAFLOW,OECD.SDD.TPS:DSD_LFS@DF_IALFS_LF_WAP_Q(1.0),Labour force participation rate,I,KOR,Korea,LF_WAP,Labour force participation rate,PT_WAP_SUB,Percentage of working age population in the same subgroup,_Z,Not applicable,N,Neither seasonally adjusted nor calendar adjusted,_T,Total,Y_GE15,15 years or over,_Z,Not applicable,A,Annual,2010,,61.12997,,,,A,Normal value,0,Units,1,One
DATAFLOW,OECD.SDD.TPS:DSD_LFS@DF_IALFS_LF_WAP_Q(1.0),Labour force participation rate,I,KOR,Korea,LF_WAP,Labour force participation rate,PT_WAP_SUB,Percentage of working age population in the same subgroup,_Z,Not applicable,N,Neither seasonally adjusted nor calendar adjusted,_T,Total,Y_GE15,15 years or over,_Z,Not applicable,A,Annual,2009,,60.99429,,,,A,Normal value,0,Units,1,One
DATAFLOW,OECD.SDD.TPS:DSD_LFS@DF_IALFS_LF_WAP_Q(1.0),Labour force participation rate,I,KOR,Korea,LF_WAP,Labour force participation rate,PT_WAP_SUB,Percentage of working age population in the same subgroup,_Z,Not applicable,N,Neither seasonally adjusted nor calendar adjusted,_T,Total,Y_GE15,15 years or over,_Z,Not applicable,A,Annual,2008,,61.72239,,,,A,Normal value,0,Units,1,One
DATAFLOW,OECD.SDD.TPS:DSD_LFS@DF_IALFS_LF_WAP_Q(1.0),Labour force participation rate,I,KOR,Korea,LF_WAP,Labour force participation rate,PT_WAP_SUB,Percentage of working age population in the same subgroup,_Z,Not applicable,N,Neither seasonally adjusted nor calendar adjusted,_T,Total,Y_GE15,15 years or over,_Z,Not applicable,A,Annual,2007,,62.15181,,,,A,Normal value,0,Units,1,One
DATAFLOW,OECD.SDD.TPS:DSD_LFS@DF_IALFS_LF_WAP_Q(1.0),Labour force participation rate,I,KOR,Korea,LF_WAP,Labour force participation rate,PT_WAP_SUB,Percentage of working age population in the same subgroup,_Z,Not applicable,N,Neither seasonally adjusted nor calendar adjusted,_T,Total,Y_GE15,15 years or over,_Z,Not applicable,A,Annual,2006,,62.18536,,,,A,Normal value,0,Units,1,One
DATAFLOW,OECD.SDD.TPS:DSD_LFS@DF_IALFS_LF_WAP_Q(1.0),Labour force participation rate,I,KOR,Korea,LF_WAP,Labour force participation rate,PT_WAP_SUB,Percentage of working age population in the same subgroup,_Z,Not applicable,N,Neither seasonally adjusted nor calendar adjusted,_T,Total,Y_GE15,15 years or over,_Z,Not applicable,A,Annual,2005,,62.22036,,,,A,Normal value,0,Units,1,One
DATAFLOW,OECD.SDD.TPS:DSD_LFS@DF_IALFS_LF_WAP_Q(1.0),Labour force participation rate,I,KOR,Korea,LF_WAP,Labour force participation rate,PT_WAP_SUB,Percentage of working age population in the same subgroup,_Z,Not applicable,N,Neither seasonally adjusted nor calendar adjusted,_T,Total,Y_GE15,15 years or over,_Z,Not applicable,A,Annual,2004,,62.33027,,,,A,Normal value,0,Units,1,One
DATAFLOW,OECD.SDD.TPS:DSD_LFS@DF_IALFS_LF_WAP_Q(1.0),Labour force participation rate,I,KOR,Korea,LF_WAP,Labour force participation rate,PT_WAP_SUB,Percentage of working age population in the same subgroup,_Z,Not applicable,N,Neither seasonally adjusted nor calendar adjusted,_T,Total,Y_GE15,15 years or over,_Z,Not applicable,A,Annual,2003,,61.59341,,,,A,Normal value,0,Units,1,One
DATAFLOW,OECD.SDD.TPS:DSD_LFS@DF_IALFS_LF_WAP_Q(1.0),Labour force participation rate,I,KOR,Korea,LF_WAP,Labour force participation rate,PT_WAP_SUB,Percentage of working age population in the same subgroup,_Z,Not applicable,N,Neither seasonally adjusted nor calendar adjusted,_T,Total,Y_GE15,15 years or over,_Z,Not applicable,A,Annual,2002,,62.0894,,,,A,Normal value,0,Units,1,One
DATAFLOW,OECD.SDD.TPS:DSD_LFS@DF_IALFS_LF_WAP_Q(1.0),Labour force participation rate,I,KOR,Korea,LF_WAP,Labour force participation rate,PT_WAP_SUB,Percentage of working age population in the same subgroup,_Z,Not applicable,N,Neither seasonally adjusted nor calendar adjusted,_T,Total,Y_GE15,15 years or over,_Z,Not applicable,A,Annual,2001,,61.49034,,,,A,Normal value,0,Units,1,One
DATAFLOW,OECD.SDD.TPS:DSD_LFS@DF_IALFS_LF_WAP_Q(1.0),Labour force participation rate,I,KOR,Korea,LF_WAP,Labour force participation rate,PT_WAP_SUB,Percentage of working age population in the same subgroup,_Z,Not applicable,N,Neither seasonally adjusted nor calendar adjusted,_T,Total,Y_GE15,15 years or over,_Z,Not applicable,A,Annual,2000,,61.20149,,,,A,Normal value,0,Units,1,One
DATAFLOW,OECD.SDD.TPS:DSD_LFS@DF_IALFS_LF_WAP_Q(1.0),Labour force participation rate,I,KOR,Korea,LF_WAP,Labour force participation rate,PT_WAP_SUB,Percentage of working age population in the same subgroup,_Z,Not applicable,N,Neither seasonally adjusted nor calendar adjusted,_T,Total,Y15T64,From 15 to 64 years,_Z,Not applicable,A,Annual,2025,,71.83921,,,,A,Normal value,0,Units,1,One
DATAFLOW,OECD.SDD.TPS:DSD_LFS@DF_IALFS_LF_WAP_Q(1.0),Labour force participation rate,I,KOR,Korea,LF_WAP,Labour force participation rate,PT_WAP_SUB,Percentage of working age population in the same subgroup,_Z,Not applicable,N,Neither seasonally adjusted nor calendar adjusted,_T,Total,Y15T64,From 15 to 64 years,_Z,Not applicable,A,Annual,2024,,71.51665,,,,A,Normal value,0,Units,1,One
DATAFLOW,OECD.SDD.TPS:DSD_LFS@DF_IALFS_LF_WAP_Q(1.0),Labour force participation rate,I,KOR,Korea,LF_WAP,Labour force participation rate,PT_WAP_SUB,Percentage of working age population in the same subgroup,_Z,Not applicable,N,Neither seasonally adjusted nor calendar adjusted,_T,Total,Y15T64,From 15 to 64 years,_Z,Not applicable,A,Annual,2023,,71.14478,,,,A,Normal value,0,Units,1,One
DATAFLOW,OECD.SDD.TPS:DSD_LFS@DF_IALFS_LF_WAP_Q(1.0),Labour force participation rate,I,KOR,Korea,LF_WAP,Labour force participation rate,PT_WAP_SUB,Percentage of working age population in the same subgroup,_Z,Not applicable,N,Neither seasonally adjusted nor calendar adjusted,_T,Total,Y15T64,From 15 to 64 years,_Z,Not applicable,A,Annual,2022,,70.53319,,,,A,Normal value,0,Units,1,One
DATAFLOW,OECD.SDD.TPS:DSD_LFS@DF_IALFS_LF_WAP_Q(1.0),Labour force participation rate,I,KOR,Korea,LF_WAP,Labour force participation rate,PT_WAP_SUB,Percentage of working age population in the same subgroup,_Z,Not applicable,N,Neither seasonally adjusted nor calendar adjusted,_T,Total,Y15T64,From 15 to 64 years,_Z,Not applicable,A,Annual,2021,,69.04068,,,,A,Normal value,0,Units,1,One
DATAFLOW,OECD.SDD.TPS:DSD_LFS@DF_IALFS_LF_WAP_Q(1.0),Labour force participation rate,I,KOR,Korea,LF_WAP,Labour force participation rate,PT_WAP_SUB,Percentage of working age population in the same subgroup,_Z,Not applicable,N,Neither seasonally adjusted nor calendar adjusted,_T,Total,Y15T64,From 15 to 64 years,_Z,Not applicable,A,Annual,2020,,68.59815,,,,A,Normal value,0,Units,1,One
DATAFLOW,OECD.SDD.TPS:DSD_LFS@DF_IALFS_LF_WAP_Q(1.0),Labour force participation rate,I,KOR,Korea,LF_WAP,Labour force participation rate,PT_WAP_SUB,Percentage of working age population in the same subgroup,_Z,Not applicable,N,Neither seasonally adjusted nor calendar adjusted,_T,Total,Y15T64,From 15 to 64 years,_Z,Not applicable,A,Annual,2019,,69.48308,,,,A,Normal value,0,Units,1,One
DATAFLOW,OECD.SDD.TPS:DSD_LFS@DF_IALFS_LF_WAP_Q(1.0),Labour force participation rate,I,KOR,Korea,LF_WAP,Labour force participation rate,PT_WAP_SUB,Percentage of working age population in the same subgroup,_Z,Not applicable,N,Neither seasonally adjusted nor calendar adjusted,_T,Total,Y15T64,From 15 to 64 years,_Z,Not applicable,A,Annual,2018,,69.34019,,,,A,Normal value,0,Units,1,One
DATAFLOW,OECD.SDD.TPS:DSD_LFS@DF_IALFS_LF_WAP_Q(1.0),Labour force participation rate,I,KOR,Korea,LF_WAP,Labour force participation rate,PT_WAP_SUB,Percentage of working age population in the same subgroup,_Z,Not applicable,N,Neither seasonally adjusted nor calendar adjusted,_T,Total,Y15T64,From 15 to 64 years,_Z,Not applicable,A,Annual,2017,,69.23567,,,,A,Normal value,0,Units,1,One
DATAFLOW,OECD.SDD.TPS:DSD_LFS@DF_IALFS_LF_WAP_Q(1.0),Labour force participation rate,I,KOR,Korea,LF_WAP,Labour force participation rate,PT_WAP_SUB,Percentage of working age population in the same subgroup,_Z,Not applicable,N,Neither seasonally adjusted nor calendar adjusted,_T,Total,Y15T64,From 15 to 64 years,_Z,Not applicable,A,Annual,2016,,68.68363,,,,A,Normal value,0,Units,1,One
DATAFLOW,OECD.SDD.TPS:DSD_LFS@DF_IALFS_LF_WAP_Q(1.0),Labour force participation rate,I,KOR,Korea,LF_WAP,Labour force participation rate,PT_WAP_SUB,Percentage of working age population in the same subgroup,_Z,Not applicable,N,Neither seasonally adjusted nor calendar adjusted,_T,Total,Y15T64,From 15 to 64 years,_Z,Not applicable,A,Annual,2015,,68.4368,,,,A,Normal value,0,Units,1,One
DATAFLOW,OECD.SDD.TPS:DSD_LFS@DF_IALFS_LF_WAP_Q(1.0),Labour force participation rate,I,KOR,Korea,LF_WAP,Labour force participation rate,PT_WAP_SUB,Percentage of working age population in the same subgroup,_Z,Not applicable,N,Neither seasonally adjusted nor calendar adjusted,_T,Total,Y15T64,From 15 to 64 years,_Z,Not applicable,A,Annual,2014,,68.02388,,,,A,Normal value,0,Units,1,One
DATAFLOW,OECD.SDD.TPS:DSD_LFS@DF_IALFS_LF_WAP_Q(1.0),Labour force participation rate,I,KOR,Korea,LF_WAP,Labour force participation rate,PT_WAP_SUB,Percentage of working age population in the same subgroup,_Z,Not applicable,N,Neither seasonally adjusted nor calendar adjusted,_T,Total,Y15T64,From 15 to 64 years,_Z,Not applicable,A,Annual,2013,,66.77667,,,,A,Normal value,0,Units,1,One
DATAFLOW,OECD.SDD.TPS:DSD_LFS@DF_IALFS_LF_WAP_Q(1.0),Labour force participation rate,I,KOR,Korea,LF_WAP,Labour force participation rate,PT_WAP_SUB,Percentage of working age population in the same subgroup,_Z,Not applicable,N,Neither seasonally adjusted nor calendar adjusted,_T,Total,Y15T64,From 15 to 64 years,_Z,Not applicable,A,Annual,2012,,66.53014,,,,A,Normal value,0,Units,1,One
DATAFLOW,OECD.SDD.TPS:DSD_LFS@DF_IALFS_LF_WAP_Q(1.0),Labour force participation rate,I,KOR,Korea,LF_WAP,Labour force participation rate,PT_WAP_SUB,Percentage of working age population in the same subgroup,_Z,Not applicable,N,Neither seasonally adjusted nor calendar adjusted,_T,Total,Y15T64,From 15 to 64 years,_Z,Not applicable,A,Annual,2011,,66.21931,,,,A,Normal value,0,Units,1,One
DATAFLOW,OECD.SDD.TPS:DSD_LFS@DF_IALFS_LF_WAP_Q(1.0),Labour force participation rate,I,KOR,Korea,LF_WAP,Labour force participation rate,PT_WAP_SUB,Percentage of working age population in the same subgroup,_Z,Not applicable,N,Neither seasonally adjusted nor calendar adjusted,_T,Total,Y15T64,From 15 to 64 years,_Z,Not applicable,A,Annual,2010,,65.88651,,,,A,Normal value,0,Units,1,One
DATAFLOW,OECD.SDD.TPS:DSD_LFS@DF_IALFS_LF_WAP_Q(1.0),Labour force participation rate,I,KOR,Korea,LF_WAP,Labour force participation rate,PT_WAP_SUB,Percentage of working age population in the same subgroup,_Z,Not applicable,N,Neither seasonally adjusted nor calendar adjusted,_T,Total,Y15T64,From 15 to 64 years,_Z,Not applicable,A,Annual,2009,,65.51167,,,,A,Normal value,0,Units,1,One
DATAFLOW,OECD.SDD.TPS:DSD_LFS@DF_IALFS_LF_WAP_Q(1.0),Labour force participation rate,I,KOR,Korea,LF_WAP,Labour force participation rate,PT_WAP_SUB,Percentage of working age population in the same subgroup,_Z,Not applicable,N,Neither seasonally adjusted nor calendar adjusted,_T,Total,Y15T64,From 15 to 64 years,_Z,Not applicable,A,Annual,2008,,66.15211,,,,A,Normal value,0,Units,1,One
DATAFLOW,OECD.SDD.TPS:DSD_LFS@DF_IALFS_LF_WAP_Q(1.0),Labour force participation rate,I,KOR,Korea,LF_WAP,Labour force participation rate,PT_WAP_SUB,Percentage of working age population in the same subgroup,_Z,Not applicable,N,Neither seasonally adjusted nor calendar adjusted,_T,Total,Y25T54,From 25 to 54 years,_Z,Not applicable,A,Annual,2010,,76.43287,,,,A,Normal value,0,Units,1,One
DATAFLOW,OECD.SDD.TPS:DSD_LFS@DF_IALFS_LF_WAP_Q(1.0),Labour force participation rate,I,KOR,Korea,LF_WAP,Labour force participation rate,PT_WAP_SUB,Percentage of working age population in the same subgroup,_Z,Not applicable,N,Neither seasonally adjusted nor calendar adjusted,_T,Total,Y25T54,From 25 to 54 years,_Z,Not applicable,A,Annual,2009,,75.968,,,,A,Normal value,0,Units,1,One
DATAFLOW,OECD.SDD.TPS:DSD_LFS@DF_IALFS_LF_WAP_Q(1.0),Labour force participation rate,I,OECD,OECD,LF_WAP,Labour force participation rate,PT_WAP_SUB,Percentage of working age population in the same subgroup,_Z,Not applicable,N,Neither seasonally adjusted nor calendar adjusted,_T,Total,Y15T64,From 15 to 64 years,_Z,Not applicable,A,Annual,2015,,71.30984,,,,E,Estimated value,0,Units,1,One
DATAFLOW,OECD.SDD.TPS:DSD_LFS@DF_IALFS_LF_WAP_Q(1.0),Labour force participation rate,I,KOR,Korea,LF_WAP,Labour force participation rate,PT_WAP_SUB,Percentage of working age population in the same subgroup,_Z,Not applicable,N,Neither seasonally adjusted nor calendar adjusted,_T,Total,Y25T54,From 25 to 54 years,_Z,Not applicable,A,Annual,2006,,76.41219,,,,A,Normal value,0,Units,1,One
DATAFLOW,OECD.SDD.TPS:DSD_LFS@DF_IALFS_LF_WAP_Q(1.0),Labour force participation rate,I,KOR,Korea,LF_WAP,Labour force participation rate,PT_WAP_SUB,Percentage of working age population in the same subgroup,_Z,Not applicable,N,Neither seasonally adjusted nor calendar adjusted,_T,Total,Y25T54,From 25 to 54 years,_Z,Not applicable,A,Annual,2005,,76.06114,,,,A,Normal value,0,Units,1,One
DATAFLOW,OECD.SDD.TPS:DSD_LFS@DF_IALFS_LF_WAP_Q(1.0),Labour force participation rate,I,KOR,Korea,LF_WAP,Labour force participation rate,PT_WAP_SUB,Percentage of working age population in the same subgroup,_Z,Not applicable,N,Neither seasonally adjusted nor calendar adjusted,F,Female,Y55T64,From 55 to 64 years,_Z,Not applicable,A,Annual,2003,,46.01543,,,,A,Normal value,0,Units,1,One
DATAFLOW,OECD.SDD.TPS:DSD_LFS@DF_IALFS_LF_WAP_Q(1.0),Labour force participation rate,I,KOR,Korea,LF_WAP,Labour force participation rate,PT_WAP_SUB,Percentage of working age population in the same subgroup,_Z,Not applicable,N,Neither seasonally adjusted nor calendar adjusted,F,Female,Y55T64,From 55 to 64 years,_Z,Not applicable,A,Annual,2002,,48.06339,,,,A,Normal value,0,Units,1,One
DATAFLOW,OECD.SDD.TPS:DSD_LFS@DF_IALFS_LF_WAP_Q(1.0),Labour force participation rate,I,KOR,Korea,LF_WAP,Labour force participation rate,PT_WAP_SUB,Percentage of working age population in the same subgroup,_Z,Not applicable,N,Neither seasonally adjusted nor calendar adjusted,F,Female,Y55T64,From 55 to 64 years,_Z,Not applicable,A,Annual,2001,,48.32072,,,,A,Normal value,0,Units,1,One
DATAFLOW,OECD.SDD.TPS:DSD_LFS@DF_IALFS_LF_WAP_Q(1.0),Labour force participation rate,I,KOR,Korea,LF_WAP,Labour force participation rate,PT_WAP_SUB,Percentage of working age population in the same subgroup,_Z,Not applicable,N,Neither seasonally adjusted nor calendar adjusted,F,Female,Y55T64,From 55 to 64 years,_Z,Not applicable,A,Annual,2000,,48.79131,,,,A,Normal value,0,Units,1,One
DATAFLOW,OECD.SDD.TPS:DSD_LFS@DF_IALFS_LF_WAP_Q(1.0),Labour force participation rate,I,KOR,Korea,LF_WAP,Labour force participation rate,PT_WAP_SUB,Percentage of working age population in the same subgroup,_Z,Not applicable,N,Neither seasonally adjusted nor calendar adjusted,F,Female,Y15T24,From 15 to 24 years,_Z,Not applicable,A,Annual,2025,,31.01369,,,,A,Normal value,0,Units,1,One
DATAFLOW,OECD.SDD.TPS:DSD_LFS@DF_IALFS_LF_WAP_Q(1.0),Labour force participation rate,I,KOR,Korea,LF_WAP,Labour force participation rate,PT_WAP_SUB,Percentage of working age population in the same subgroup,_Z,Not applicable,N,Neither seasonally adjusted nor calendar adjusted,F,Female,Y15T24,From 15 to 24 years,_Z,Not applicable,A,Annual,2024,,33.0197,,,,A,Normal value,0,Units,1,One
DATAFLOW,OECD.SDD.TPS:DSD_LFS@DF_IALFS_LF_WAP_Q(1.0),Labour force participation rate,I,KOR,Korea,LF_WAP,Labour force participation rate,PT_WAP_SUB,Percentage of working age population in the same subgroup,_Z,Not applicable,N,Neither seasonally adjusted nor calendar adjusted,F,Female,Y15T24,From 15 to 24 years,_Z,Not applicable,A,Annual,2023,,33.83112,,,,A,Normal value,0,Units,1,One
DATAFLOW,OECD.SDD.TPS:DSD_LFS@DF_IALFS_LF_WAP_Q(1.0),Labour force participation rate,I,KOR,Korea,LF_WAP,Labour force participation rate,PT_WAP_SUB,Percentage of working age population in the same subgroup,_Z,Not applicable,N,Neither seasonally adjusted nor calendar adjusted,F,Female,Y15T24,From 15 to 24 years,_Z,Not applicable,A,Annual,2022,,35.14335,,,,A,Normal value,0,Units,1,One
DATAFLOW,OECD.SDD.TPS:DSD_LFS@DF_IALFS_LF_WAP_Q(1.0),Labour force participation rate,I,KOR,Korea,LF_WAP,Labour force participation rate,PT_WAP_SUB,Percentage of working age population in the same subgroup,_Z,Not applicable,N,Neither seasonally adjusted nor calendar adjusted,F,Female,Y15T24,From 15 to 24 years,_Z,Not applicable,A,Annual,2021,,33.54403,,,,A,Normal value,0,Units,1,One
DATAFLOW,OECD.SDD.TPS:DSD_LFS@DF_IALFS_LF_WAP_Q(1.0),Labour force participation rate,I,KOR,Korea,LF_WAP,Labour force participation rate,PT_WAP_SUB,Percentage of working age population in the same subgroup,_Z,Not applicable,N,Neither seasonally adjusted nor calendar adjusted,F,Female,Y15T24,From 15 to 24 years,_Z,Not applicable,A,Annual,2020,,31.44629,,,,A,Normal value,0,Units,1,One
DATAFLOW,OECD.SDD.TPS:DSD_LFS@DF_IALFS_LF_WAP_Q(1.0),Labour force participation rate,I,KOR,Korea,LF_WAP,Labour force participation rate,PT_WAP_SUB,Percentage of working age population in the same subgroup,_Z,Not applicable,N,Neither seasonally adjusted nor calendar adjusted,F,Female,Y15T24,From 15 to 24 years,_Z,Not applicable,A,Annual,2019,,32.89917,,,,A,Normal value,0,Units,1,One
DATAFLOW,OECD.SDD.TPS:DSD_LFS@DF_IALFS_LF_WAP_Q(1.0),Labour force participation rate,I,KOR,Korea,LF_WAP,Labour force participation rate,PT_WAP_SUB,Percentage of working age population in the same subgroup,_Z,Not applicable,N,Neither seasonally adjusted nor calendar adjusted,F,Female,Y15T24,From 15 to 24 years,_Z,Not applicable,A,Annual,2018,,33.73116,,,,A,Normal value,0,Units,1,One
DATAFLOW,OECD.SDD.TPS:DSD_LFS@DF_IALFS_LF_WAP_Q(1.0),Labour force participation rate,I,KOR,Korea,LF_WAP,Labour force participation rate,PT_WAP_SUB,Percentage of working age population in the same subgroup,_Z,Not applicable,N,Neither seasonally adjusted nor calendar adjusted,F,Female,Y15T24,From 15 to 24 years,_Z,Not applicable,A,Annual,2017,,34.24809,,,,A,Normal value,0,Units,1,One
DATAFLOW,OECD.SDD.TPS:DSD_LFS@DF_IALFS_LF_WAP_Q(1.0),Labour force participation rate,I,KOR,Korea,LF_WAP,Labour force participation rate,PT_WAP_SUB,Percentage of working age population in the same subgroup,_Z,Not applicable,N,Neither seasonally adjusted nor calendar adjusted,F,Female,Y15T24,From 15 to 24 years,_Z,Not applicable,A,Annual,2016,,34.2748,,,,A,Normal value,0,Units,1,One
DATAFLOW,OECD.SDD.TPS:DSD_LFS@DF_IALFS_LF_WAP_Q(1.0),Labour force participation rate,I,KOR,Korea,LF_WAP,Labour force participation rate,PT_WAP_SUB,Percentage of working age population in the same subgroup,_Z,Not applicable,N,Neither seasonally adjusted nor calendar adjusted,F,Female,Y15T24,From 15 to 24 years,_Z,Not applicable,A,Annual,2015,,33.78971,,,,A,Normal value,0,Units,1,One
DATAFLOW,OECD.SDD.TPS:DSD_LFS@DF_IALFS_LF_WAP_Q(1.0),Labour force participation rate,I,KOR,Korea,LF_WAP,Labour force participation rate,PT_WAP_SUB,Percentage of working age population in the same subgroup,_Z,Not applicable,N,Neither seasonally adjusted nor calendar adjusted,F,Female,Y15T24,From 15 to 24 years,_Z,Not applicable,A,Annual,2014,,32.29834,,,,A,Normal value,0,Units,1,One
DATAFLOW,OECD.SDD.TPS:DSD_LFS@DF_IALFS_LF_WAP_Q(1.0),Labour force participation rate,I,KOR,Korea,LF_WAP,Labour force participation rate,PT_WAP_SUB,Percentage of working age population in the same subgroup,_Z,Not applicable,N,Neither seasonally adjusted nor calendar adjusted,F,Female,Y15T24,From 15 to 24 years,_Z,Not applicable,A,Annual,2013,,30.34274,,,,A,Normal value,0,Units,1,One
DATAFLOW,OECD.SDD.TPS:DSD_LFS@DF_IALFS_LF_WAP_Q(1.0),Labour force participation rate,I,KOR,Korea,LF_WAP,Labour force participation rate,PT_WAP_SUB,Percentage of working age population in the same subgroup,_Z,Not applicable,N,Neither seasonally adjusted nor calendar adjusted,F,Female,Y15T24,From 15 to 24 years,_Z,Not applicable,A,Annual,2012,,30.73286,,,,A,Normal value,0,Units,1,One
DATAFLOW,OECD.SDD.TPS:DSD_LFS@DF_IALFS_LF_WAP_Q(1.0),Labour force participation rate,I,KOR,Korea,LF_WAP,Labour force participation rate,PT_WAP_SUB,Percentage of working age population in the same subgroup,_Z,Not applicable,N,Neither seasonally adjusted nor calendar adjusted,F,Female,Y15T24,From 15 to 24 years,_Z,Not applicable,A,Annual,2011,,29.7833,,,,A,Normal value,0,Units,1,One
DATAFLOW,OECD.SDD.TPS:DSD_LFS@DF_IALFS_LF_WAP_Q(1.0),Labour force participation rate,I,KOR,Korea,LF_WAP,Labour force participation rate,PT_WAP_SUB,Percentage of working age population in the same subgroup,_Z,Not applicable,N,Neither seasonally adjusted nor calendar adjusted,F,Female,Y15T24,From 15 to 24 years,_Z,Not applicable,A,Annual,2010,,30.13871,,,,A,Normal value,0,Units,1,One
DATAFLOW,OECD.SDD.TPS:DSD_LFS@DF_IALFS_LF_WAP_Q(1.0),Labour force participation rate,I,KOR,Korea,LF_WAP,Labour force participation rate,PT_WAP_SUB,Percentage of working age population in the same subgroup,_Z,Not applicable,N,Neither seasonally adjusted nor calendar adjusted,F,Female,Y15T24,From 15 to 24 years,_Z,Not applicable,A,Annual,2009,,29.61483,,,,A,Normal value,0,Units,1,One
DATAFLOW,OECD.SDD.TPS:DSD_LFS@DF_IALFS_LF_WAP_Q(1.0),Labour force participation rate,I,KOR,Korea,LF_WAP,Labour force participation rate,PT_WAP_SUB,Percentage of working age population in the same subgroup,_Z,Not applicable,N,Neither seasonally adjusted nor calendar adjusted,F,Female,Y15T24,From 15 to 24 years,_Z,Not applicable,A,Annual,2008,,30.97899,,,,A,Normal value,0,Units,1,One
DATAFLOW,OECD.SDD.TPS:DSD_LFS@DF_IALFS_LF_WAP_Q(1.0),Labour force participation rate,I,KOR,Korea,LF_WAP,Labour force participation rate,PT_WAP_SUB,Percentage of working age population in the same subgroup,_Z,Not applicable,N,Neither seasonally adjusted nor calendar adjusted,F,Female,Y15T24,From 15 to 24 years,_Z,Not applicable,A,Annual,2007,,33.16047,,,,A,Normal value,0,Units,1,One
DATAFLOW,OECD.SDD.TPS:DSD_LFS@DF_IALFS_LF_WAP_Q(1.0),Labour force participation rate,I,KOR,Korea,LF_WAP,Labour force participation rate,PT_WAP_SUB,Percentage of working age population in the same subgroup,_Z,Not applicable,N,Neither seasonally adjusted nor calendar adjusted,F,Female,Y15T24,From 15 to 24 years,_Z,Not applicable,A,Annual,2006,,35.90906,,,,A,Normal value,0,Units,1,One
DATAFLOW,OECD.SDD.TPS:DSD_LFS@DF_IALFS_LF_WAP_Q(1.0),Labour force participation rate,I,KOR,Korea,LF_WAP,Labour force participation rate,PT_WAP_SUB,Percentage of working age population in the same subgroup,_Z,Not applicable,N,Neither seasonally adjusted nor calendar adjusted,F,Female,Y15T24,From 15 to 24 years,_Z,Not applicable,A,Annual,2005,,39.20981,,,,A,Normal value,0,Units,1,One
DATAFLOW,OECD.SDD.TPS:DSD_LFS@DF_IALFS_LF_WAP_Q(1.0),Labour force participation rate,I,KOR,Korea,LF_WAP,Labour force participation rate,PT_WAP_SUB,Percentage of working age population in the same subgroup,_Z,Not applicable,N,Neither seasonally adjusted nor calendar adjusted,F,Female,Y15T24,From 15 to 24 years,_Z,Not applicable,A,Annual,2004,,40.15648,,,,A,Normal value,0,Units,1,One
DATAFLOW,OECD.SDD.TPS:DSD_LFS@DF_IALFS_LF_WAP_Q(1.0),Labour force participation rate,I,KOR,Korea,LF_WAP,Labour force participation rate,PT_WAP_SUB,Percentage of working age population in the same subgroup,_Z,Not applicable,N,Neither seasonally adjusted nor calendar adjusted,F,Female,Y15T24,From 15 to 24 years,_Z,Not applicable,A,Annual,2003,,39.582,,,,A,Normal value,0,Units,1,One
DATAFLOW,OECD.SDD.TPS:DSD_LFS@DF_IALFS_LF_WAP_Q(1.0),Labour force participation rate,I,KOR,Korea,LF_WAP,Labour force participation rate,PT_WAP_SUB,Percentage of working age population in the same subgroup,_Z,Not applicable,N,Neither seasonally adjusted nor calendar adjusted,F,Female,Y15T24,From 15 to 24 years,_Z,Not applicable,A,Annual,2002,,39.41152,,,,A,Normal value,0,Units,1,One
DATAFLOW,OECD.SDD.TPS:DSD_LFS@DF_IALFS_LF_WAP_Q(1.0),Labour force participation rate,I,KOR,Korea,LF_WAP,Labour force participation rate,PT_WAP_SUB,Percentage of working age population in the same subgroup,_Z,Not applicable,N,Neither seasonally adjusted nor calendar adjusted,F,Female,Y15T24,From 15 to 24 years,_Z,Not applicable,A,Annual,2001,,38.46414,,,,A,Normal value,0,Units,1,One
DATAFLOW,OECD.SDD.TPS:DSD_LFS@DF_IALFS_LF_WAP_Q(1.0),Labour force participation rate,I,KOR,Korea,LF_WAP,Labour force participation rate,PT_WAP_SUB,Percentage of working age population in the same subgroup,_Z,Not applicable,N,Neither seasonally adjusted nor calendar adjusted,F,Female,Y15T24,From 15 to 24 years,_Z,Not applicable,A,Annual,2000,,36.98693,,,,A,Normal value,0,Units,1,One
DATAFLOW,OECD.SDD.TPS:DSD_LFS@DF_IALFS_LF_WAP_Q(1.0),Labour force participation rate,I,KOR,Korea,LF_WAP,Labour force participation rate,PT_WAP_SUB,Percentage of working age population in the same subgroup,_Z,Not applicable,N,Neither seasonally adjusted nor calendar adjusted,F,Female,Y15T64,From 15 to 64 years,_Z,Not applicable,A,Annual,2025,,64.67086,,,,A,Normal value,0,Units,1,One
DATAFLOW,OECD.SDD.TPS:DSD_LFS@DF_IALFS_LF_WAP_Q(1.0),Labour force participation rate,I,KOR,Korea,LF_WAP,Labour force participation rate,PT_WAP_SUB,Percentage of working age population in the same subgroup,_Z,Not applicable,N,Neither seasonally adjusted nor calendar adjusted,F,Female,Y15T64,From 15 to 64 years,_Z,Not applicable,A,Annual,2024,,63.90141,,,,A,Normal value,0,Units,1,One
DATAFLOW,OECD.SDD.TPS:DSD_LFS@DF_IALFS_LF_WAP_Q(1.0),Labour force participation rate,I,KOR,Korea,LF_WAP,Labour force participation rate,PT_WAP_SUB,Percentage of working age population in the same subgroup,_Z,Not applicable,N,Neither seasonally adjusted nor calendar adjusted,F,Female,Y15T64,From 15 to 64 years,_Z,Not applicable,A,Annual,2023,,63.07486,,,,A,Normal value,0,Units,1,One
DATAFLOW,OECD.SDD.TPS:DSD_LFS@DF_IALFS_LF_WAP_Q(1.0),Labour force participation rate,I,KOR,Korea,LF_WAP,Labour force participation rate,PT_WAP_SUB,Percentage of working age population in the same subgroup,_Z,Not applicable,N,Neither seasonally adjusted nor calendar adjusted,F,Female,Y15T64,From 15 to 64 years,_Z,Not applicable,A,Annual,2022,,61.83873,,,,A,Normal value,0,Units,1,One
DATAFLOW,OECD.SDD.TPS:DSD_LFS@DF_IALFS_LF_WAP_Q(1.0),Labour force participation rate,I,KOR,Korea,LF_WAP,Labour force participation rate,PT_WAP_SUB,Percentage of working age population in the same subgroup,_Z,Not applicable,N,Neither seasonally adjusted nor calendar adjusted,F,Female,Y15T64,From 15 to 64 years,_Z,Not applicable,A,Annual,2021,,59.88984,,,,A,Normal value,0,Units,1,One
DATAFLOW,OECD.SDD.TPS:DSD_LFS@DF_IALFS_LF_WAP_Q(1.0),Labour force participation rate,I,KOR,Korea,LF_WAP,Labour force participation rate,PT_WAP_SUB,Percentage of working age population in the same subgroup,_Z,Not applicable,N,Neither seasonally adjusted nor calendar adjusted,F,Female,Y15T64,From 15 to 64 years,_Z,Not applicable,A,Annual,2020,,59.09414,,,,A,Normal value,0,Units,1,One
DATAFLOW,OECD.SDD.TPS:DSD_LFS@DF_IALFS_LF_WAP_Q(1.0),Labour force participation rate,I,KOR,Korea,LF_WAP,Labour force participation rate,PT_WAP_SUB,Percentage of working age population in the same subgroup,_Z,Not applicable,N,Neither seasonally adjusted nor calendar adjusted,F,Female,Y15T64,From 15 to 64 years,_Z,Not applicable,A,Annual,2019,,59.95377,,,,A,Normal value,0,Units,1,One
DATAFLOW,OECD.SDD.TPS:DSD_LFS@DF_IALFS_LF_WAP_Q(1.0),Labour force participation rate,I,KOR,Korea,LF_WAP,Labour force participation rate,PT_WAP_SUB,Percentage of working age population in the same subgroup,_Z,Not applicable,N,Neither seasonally adjusted nor calendar adjusted,F,Female,Y15T64,From 15 to 64 years,_Z,Not applicable,A,Annual,2018,,59.43134,,,,A,Normal value,0,Units,1,One
DATAFLOW,OECD.SDD.TPS:DSD_LFS@DF_IALFS_LF_WAP_Q(1.0),Labour force participation rate,I,KOR,Korea,LF_WAP,Labour force participation rate,PT_WAP_SUB,Percentage of working age population in the same subgroup,_Z,Not applicable,N,Neither seasonally adjusted nor calendar adjusted,F,Female,Y15T64,From 15 to 64 years,_Z,Not applicable,A,Annual,2017,,58.99955,,,,A,Normal value,0,Units,1,One
DATAFLOW,OECD.SDD.TPS:DSD_LFS@DF_IALFS_LF_WAP_Q(1.0),Labour force participation rate,I,KOR,Korea,LF_WAP,Labour force participation rate,PT_WAP_SUB,Percentage of working age population in the same subgroup,_Z,Not applicable,N,Neither seasonally adjusted nor calendar adjusted,F,Female,Y15T64,From 15 to 64 years,_Z,Not applicable,A,Annual,2016,,58.29984,,,,A,Normal value,0,Units,1,One
DATAFLOW,OECD.SDD.TPS:DSD_LFS@DF_IALFS_LF_WAP_Q(1.0),Labour force participation rate,I,KOR,Korea,LF_WAP,Labour force participation rate,PT_WAP_SUB,Percentage of working age population in the same subgroup,_Z,Not applicable,N,Neither seasonally adjusted nor calendar adjusted,F,Female,Y15T64,From 15 to 64 years,_Z,Not applicable,A,Annual,2015,,57.85073,,,,A,Normal value,0,Units,1,One
DATAFLOW,OECD.SDD.TPS:DSD_LFS@DF_IALFS_LF_WAP_Q(1.0),Labour force participation rate,I,KOR,Korea,LF_WAP,Labour force participation rate,PT_WAP_SUB,Percentage of working age population in the same subgroup,_Z,Not applicable,N,Neither seasonally adjusted nor calendar adjusted,F,Female,Y15T64,From 15 to 64 years,_Z,Not applicable,A,Annual,2014,,57.06647,,,,A,Normal value,0,Units,1,One
DATAFLOW,OECD.SDD.TPS:DSD_LFS@DF_IALFS_LF_WAP_Q(1.0),Labour force participation rate,I,KOR,Korea,LF_WAP,Labour force participation rate,PT_WAP_SUB,Percentage of working age population in the same subgroup,_Z,Not applicable,N,Neither seasonally adjusted nor calendar adjusted,F,Female,Y15T64,From 15 to 64 years,_Z,Not applicable,A,Annual,2013,,55.62992,,,,A,Normal value,0,Units,1,One
DATAFLOW,OECD.SDD.TPS:DSD_LFS@DF_IALFS_LF_WAP_Q(1.0),Labour force participation rate,I,KOR,Korea,LF_WAP,Labour force participation rate,PT_WAP_SUB,Percentage of working age population in the same subgroup,_Z,Not applicable,N,Neither seasonally adjusted nor calendar adjusted,F,Female,Y15T64,From 15 to 64 years,_Z,Not applicable,A,Annual,2012,,55.23594,,,,A,Normal value,0,Units,1,One
DATAFLOW,OECD.SDD.TPS:DSD_LFS@DF_IALFS_LF_WAP_Q(1.0),Labour force participation rate,I,KOR,Korea,LF_WAP,Labour force participation rate,PT_WAP_SUB,Percentage of working age population in the same subgroup,_Z,Not applicable,N,Neither seasonally adjusted nor calendar adjusted,F,Female,Y15T64,From 15 to 64 years,_Z,Not applicable,A,Annual,2011,,54.89278,,,,A,Normal value,0,Units,1,One
DATAFLOW,OECD.SDD.TPS:DSD_LFS@DF_IALFS_LF_WAP_Q(1.0),Labour force participation rate,I,KOR,Korea,LF_WAP,Labour force participation rate,PT_WAP_SUB,Percentage of working age population in the same subgroup,_Z,Not applicable,N,Neither seasonally adjusted nor calendar adjusted,F,Female,Y15T64,From 15 to 64 years,_Z,Not applicable,A,Annual,2010,,54.5444,,,,A,Normal value,0,Units,1,One
DATAFLOW,OECD.SDD.TPS:DSD_LFS@DF_IALFS_LF_WAP_Q(1.0),Labour force participation rate,I,KOR,Korea,LF_WAP,Labour force participation rate,PT_WAP_SUB,Percentage of working age population in the same subgroup,_Z,Not applicable,N,Neither seasonally adjusted nor calendar adjusted,F,Female,Y15T64,From 15 to 64 years,_Z,Not applicable,A,Annual,2009,,54.00615,,,,A,Normal value,0,Units,1,One
DATAFLOW,OECD.SDD.TPS:DSD_LFS@DF_IALFS_LF_WAP_Q(1.0),Labour force participation rate,I,KOR,Korea,LF_WAP,Labour force participation rate,PT_WAP_SUB,Percentage of working age population in the same subgroup,_Z,Not applicable,N,Neither seasonally adjusted nor calendar adjusted,F,Female,Y15T64,From 15 to 64 years,_Z,Not applicable,A,Annual,2008,,54.82907,,,,A,Normal value,0,Units,1,One
DATAFLOW,OECD.SDD.TPS:DSD_LFS@DF_IALFS_LF_WAP_Q(1.0),Labour force participation rate,I,KOR,Korea,LF_WAP,Labour force participation rate,PT_WAP_SUB,Percentage of working age population in the same subgroup,_Z,Not applicable,N,Neither seasonally adjusted nor calendar adjusted,F,Female,Y15T64,From 15 to 64 years,_Z,Not applicable,A,Annual,2007,,54.91814,,,,A,Normal value,0,Units,1,One
DATAFLOW,OECD.SDD.TPS:DSD_LFS@DF_IALFS_LF_WAP_Q(1.0),Labour force participation rate,I,KOR,Korea,LF_WAP,Labour force participation rate,PT_WAP_SUB,Percentage of working age population in the same subgroup,_Z,Not applicable,N,Neither seasonally adjusted nor calendar adjusted,F,Female,Y15T64,From 15 to 64 years,_Z,Not applicable,A,Annual,2006,,54.9209,,,,A,Normal value,0,Units,1,One
DATAFLOW,OECD.SDD.TPS:DSD_LFS@DF_IALFS_LF_WAP_Q(1.0),Labour force participation rate,I,KOR,Korea,LF_WAP,Labour force participation rate,PT_WAP_SUB,Percentage of working age population in the same subgroup,_Z,Not applicable,N,Neither seasonally adjusted nor calendar adjusted,F,Female,Y15T64,From 15 to 64 years,_Z,Not applicable,A,Annual,2005,,54.54144,,,,A,Normal value,0,Units,1,One
DATAFLOW,OECD.SDD.TPS:DSD_LFS@DF_IALFS_LF_WAP_Q(1.0),Labour force participation rate,I,KOR,Korea,LF_WAP,Labour force participation rate,PT_WAP_SUB,Percentage of working age population in the same subgroup,_Z,Not applicable,N,Neither seasonally adjusted nor calendar adjusted,F,Female,Y15T64,From 15 to 64 years,_Z,Not applicable,A,Annual,2004,,54.26114,,,,A,Normal value,0,Units,1,One
DATAFLOW,OECD.SDD.TPS:DSD_LFS@DF_IALFS_LF_WAP_Q(1.0),Labour force participation rate,I,KOR,Korea,LF_WAP,Labour force participation rate,PT_WAP_SUB,Percentage of working age population in the same subgroup,_Z,Not applicable,N,Neither seasonally adjusted nor calendar adjusted,F,Female,Y15T64,From 15 to 64 years,_Z,Not applicable,A,Annual,2003,,52.99889,,,,A,Normal value,0,Units,1,One
DATAFLOW,OECD.SDD.TPS:DSD_LFS@DF_IALFS_LF_WAP_Q(1.0),Labour force participation rate,I,KOR,Korea,LF_WAP,Labour force participation rate,PT_WAP_SUB,Percentage of working age population in the same subgroup,_Z,Not applicable,N,Neither seasonally adjusted nor calendar adjusted,F,Female,Y15T64,From 15 to 64 years,_Z,Not applicable,A,Annual,2002,,53.55022,,,,A,Normal value,0,Units,1,One
DATAFLOW,OECD.SDD.TPS:DSD_LFS@DF_IALFS_LF_WAP_Q(1.0),Labour force participation rate,I,KOR,Korea,LF_WAP,Labour force participation rate,PT_WAP_SUB,Percentage of working age population in the same subgroup,_Z,Not applicable,N,Neither seasonally adjusted nor calendar adjusted,F,Female,Y15T64,From 15 to 64 years,_Z,Not applicable,A,Annual,2001,,52.85159,,,,A,Normal value,0,Units,1,One
DATAFLOW,OECD.SDD.TPS:DSD_LFS@DF_IALFS_LF_WAP_Q(1.0),Labour force participation rate,I,KOR,Korea,LF_WAP,Labour force participation rate,PT_WAP_SUB,Percentage of working age population in the same subgroup,_Z,Not applicable,N,Neither seasonally adjusted nor calendar adjusted,F,Female,Y15T64,From 15 to 64 years,_Z,Not applicable,A,Annual,2000,,52.06262,,,,A,Normal value,0,Units,1,One
DATAFLOW,OECD.SDD.TPS:DSD_LFS@DF_IALFS_LF_WAP_Q(1.0),Labour force participation rate,I,OECD,OECD,LF_WAP,Labour force participation rate,PT_WAP_SUB,Percentage of working age population in the same subgroup,_Z,Not applicable,N,Neither seasonally adjusted nor calendar adjusted,F,Female,Y_GE15,15 years or over,_Z,Not applicable,A,Annual,2023,,53.51456,,,,A,Normal value,0,Units,1,One
DATAFLOW,OECD.SDD.TPS:DSD_LFS@DF_IALFS_LF_WAP_Q(1.0),Labour force participation rate,I,OECD,OECD,LF_WAP,Labour force participation rate,PT_WAP_SUB,Percentage of working age population in the same subgroup,_Z,Not applicable,N,Neither seasonally adjusted nor calendar adjusted,F,Female,Y_GE15,15 years or over,_Z,Not applicable,A,Annual,2022,,52.93017,,,,A,Normal value,0,Units,1,One
DATAFLOW,OECD.SDD.TPS:DSD_LFS@DF_IALFS_LF_WAP_Q(1.0),Labour force participation rate,I,OECD,OECD,LF_WAP,Labour force participation rate,PT_WAP_SUB,Percentage of working age population in the same subgroup,_Z,Not applicable,N,Neither seasonally adjusted nor calendar adjusted,F,Female,Y_GE15,15 years or over,_Z,Not applicable,A,Annual,2018,,52.50982,,,,A,Normal value,0,Units,1,One
DATAFLOW,OECD.SDD.TPS:DSD_LFS@DF_IALFS_LF_WAP_Q(1.0),Labour force participation rate,I,OECD,OECD,LF_WAP,Labour force participation rate,PT_WAP_SUB,Percentage of working age population in the same subgroup,_Z,Not applicable,N,Neither seasonally adjusted nor calendar adjusted,F,Female,Y_GE15,15 years or over,_Z,Not applicable,A,Annual,2012,,51.45075,,,,A,Normal value,0,Units,1,One
DATAFLOW,OECD.SDD.TPS:DSD_LFS@DF_IALFS_LF_WAP_Q(1.0),Labour force participation rate,I,KOR,Korea,LF_WAP,Labour force participation rate,PT_WAP_SUB,Percentage of working age population in the same subgroup,_Z,Not applicable,N,Neither seasonally adjusted nor calendar adjusted,F,Female,Y_GE15,15 years or over,_Z,Not applicable,A,Annual,2025,,56.88653,,,,A,Normal value,0,Units,1,One
DATAFLOW,OECD.SDD.TPS:DSD_LFS@DF_IALFS_LF_WAP_Q(1.0),Labour force participation rate,I,KOR,Korea,LF_WAP,Labour force participation rate,PT_WAP_SUB,Percentage of working age population in the same subgroup,_Z,Not applicable,N,Neither seasonally adjusted nor calendar adjusted,F,Female,Y_GE15,15 years or over,_Z,Not applicable,A,Annual,2024,,56.34986,,,,A,Normal value,0,Units,1,One
DATAFLOW,OECD.SDD.TPS:DSD_LFS@DF_IALFS_LF_WAP_Q(1.0),Labour force participation rate,I,KOR,Korea,LF_WAP,Labour force participation rate,PT_WAP_SUB,Percentage of working age population in the same subgroup,_Z,Not applicable,N,Neither seasonally adjusted nor calendar adjusted,F,Female,Y_GE15,15 years or over,_Z,Not applicable,A,Annual,2023,,55.617,,,,A,Normal value,0,Units,1,One
DATAFLOW,OECD.SDD.TPS:DSD_LFS@DF_IALFS_LF_WAP_Q(1.0),Labour force participation rate,I,KOR,Korea,LF_WAP,Labour force participation rate,PT_WAP_SUB,Percentage of working age population in the same subgroup,_Z,Not applicable,N,Neither seasonally adjusted nor calendar adjusted,F,Female,Y_GE15,15 years or over,_Z,Not applicable,A,Annual,2022,,54.57614,,,,A,Normal value,0,Units,1,One
DATAFLOW,OECD.SDD.TPS:DSD_LFS@DF_IALFS_LF_WAP_Q(1.0),Labour force participation rate,I,KOR,Korea,LF_WAP,Labour force participation rate,PT_WAP_SUB,Percentage of working age population in the same subgroup,_Z,Not applicable,N,Neither seasonally adjusted nor calendar adjusted,F,Female,Y_GE15,15 years or over,_Z,Not applicable,A,Annual,2021,,53.25592,,,,A,Normal value,0,Units,1,One
DATAFLOW,OECD.SDD.TPS:DSD_LFS@DF_IALFS_LF_WAP_Q(1.0),Labour force participation rate,I,KOR,Korea,LF_WAP,Labour force participation rate,PT_WAP_SUB,Percentage of working age population in the same subgroup,_Z,Not applicable,N,Neither seasonally adjusted nor calendar adjusted,F,Female,Y_GE15,15 years or over,_Z,Not applicable,A,Annual,2020,,52.77874,,,,A,Normal value,0,Units,1,One
DATAFLOW,OECD.SDD.TPS:DSD_LFS@DF_IALFS_LF_WAP_Q(1.0),Labour force participation rate,I,KOR,Korea,LF_WAP,Labour force participation rate,PT_WAP_SUB,Percentage of working age population in the same subgroup,_Z,Not applicable,N,Neither seasonally adjusted nor calendar adjusted,F,Female,Y_GE15,15 years or over,_Z,Not applicable,A,Annual,2019,,53.48273,,,,A,Normal value,0,Units,1,One
DATAFLOW,OECD.SDD.TPS:DSD_LFS@DF_IALFS_LF_WAP_Q(1.0),Labour force participation rate,I,KOR,Korea,LF_WAP,Labour force participation rate,PT_WAP_SUB,Percentage of working age population in the same subgroup,_Z,Not applicable,N,Neither seasonally adjusted nor calendar adjusted,F,Female,Y_GE15,15 years or over,_Z,Not applicable,A,Annual,2018,,52.89685,,,,A,Normal value,0,Units,1,One
DATAFLOW,OECD.SDD.TPS:DSD_LFS@DF_IALFS_LF_WAP_Q(1.0),Labour force participation rate,I,KOR,Korea,LF_WAP,Labour force participation rate,PT_WAP_SUB,Percentage of working age population in the same subgroup,_Z,Not applicable,N,Neither seasonally adjusted nor calendar adjusted,F,Female,Y_GE15,15 years or over,_Z,Not applicable,A,Annual,2017,,52.6552,,,,A,Normal value,0,Units,1,One
DATAFLOW,OECD.SDD.TPS:DSD_LFS@DF_IALFS_LF_WAP_Q(1.0),Labour force participation rate,I,KOR,Korea,LF_WAP,Labour force participation rate,PT_WAP_SUB,Percentage of working age population in the same subgroup,_Z,Not applicable,N,Neither seasonally adjusted nor calendar adjusted,F,Female,Y_GE15,15 years or over,_Z,Not applicable,A,Annual,2016,,52.16193,,,,A,Normal value,0,Units,1,One
DATAFLOW,OECD.SDD.TPS:DSD_LFS@DF_IALFS_LF_WAP_Q(1.0),Labour force participation rate,I,KOR,Korea,LF_WAP,Labour force participation rate,PT_WAP_SUB,Percentage of working age population in the same subgroup,_Z,Not applicable,N,Neither seasonally adjusted nor calendar adjusted,F,Female,Y_GE15,15 years or over,_Z,Not applicable,A,Annual,2015,,51.8915,,,,A,Normal value,0,Units,1,One
DATAFLOW,OECD.SDD.TPS:DSD_LFS@DF_IALFS_LF_WAP_Q(1.0),Labour force participation rate,I,KOR,Korea,LF_WAP,Labour force participation rate,PT_WAP_SUB,Percentage of working age population in the same subgroup,_Z,Not applicable,N,Neither seasonally adjusted nor calendar adjusted,F,Female,Y_GE15,15 years or over,_Z,Not applicable,A,Annual,2014,,51.491,,,,A,Normal value,0,Units,1,One
DATAFLOW,OECD.SDD.TPS:DSD_LFS@DF_IALFS_LF_WAP_Q(1.0),Labour force participation rate,I,KOR,Korea,LF_WAP,Labour force participation rate,PT_WAP_SUB,Percentage of working age population in the same subgroup,_Z,Not applicable,N,Neither seasonally adjusted nor calendar adjusted,F,Female,Y_GE15,15 years or over,_Z,Not applicable,A,Annual,2013,,50.34381,,,,A,Normal value,0,Units,1,One
DATAFLOW,OECD.SDD.TPS:DSD_LFS@DF_IALFS_LF_WAP_Q(1.0),Labour force participation rate,I,KOR,Korea,LF_WAP,Labour force participation rate,PT_WAP_SUB,Percentage of working age population in the same subgroup,_Z,Not applicable,N,Neither seasonally adjusted nor calendar adjusted,F,Female,Y_GE15,15 years or over,_Z,Not applicable,A,Annual,2012,,50.11898,,,,A,Normal value,0,Units,1,One
DATAFLOW,OECD.SDD.TPS:DSD_LFS@DF_IALFS_LF_WAP_Q(1.0),Labour force participation rate,I,KOR,Korea,LF_WAP,Labour force participation rate,PT_WAP_SUB,Percentage of working age population in the same subgroup,_Z,Not applicable,N,Neither seasonally adjusted nor calendar adjusted,F,Female,Y_GE15,15 years or over,_Z,Not applicable,A,Annual,2011,,49.81095,,,,A,Normal value,0,Units,1,One
DATAFLOW,OECD.SDD.TPS:DSD_LFS@DF_IALFS_LF_WAP_Q(1.0),Labour force participation rate,I,KOR,Korea,LF_WAP,Labour force participation rate,PT_WAP_SUB,Percentage of working age population in the same subgroup,_Z,Not applicable,N,Neither seasonally adjusted nor calendar adjusted,F,Female,Y_GE15,15 years or over,_Z,Not applicable,A,Annual,2010,,49.57541,,,,A,Normal value,0,Units,1,One
DATAFLOW,OECD.SDD.TPS:DSD_LFS@DF_IALFS_LF_WAP_Q(1.0),Labour force participation rate,I,KOR,Korea,LF_WAP,Labour force participation rate,PT_WAP_SUB,Percentage of working age population in the same subgroup,_Z,Not applicable,N,Neither seasonally adjusted nor calendar adjusted,F,Female,Y_GE15,15 years or over,_Z,Not applicable,A,Annual,2009,,49.29949,,,,A,Normal value,0,Units,1,One
DATAFLOW,OECD.SDD.TPS:DSD_LFS@DF_IALFS_LF_WAP_Q(1.0),Labour force participation rate,I,KOR,Korea,LF_WAP,Labour force participation rate,PT_WAP_SUB,Percentage of working age population in the same subgroup,_Z,Not applicable,N,Neither seasonally adjusted nor calendar adjusted,F,Female,Y_GE15,15 years or over,_Z,Not applicable,A,Annual,2008,,50.19529,,,,A,Normal value,0,Units,1,One
DATAFLOW,OECD.SDD.TPS:DSD_LFS@DF_IALFS_LF_WAP_Q(1.0),Labour force participation rate,I,KOR,Korea,LF_WAP,Labour force participation rate,PT_WAP_SUB,Percentage of working age population in the same subgroup,_Z,Not applicable,N,Neither seasonally adjusted nor calendar adjusted,F,Female,Y_GE15,15 years or over,_Z,Not applicable,A,Annual,2007,,50.45516,,,,A,Normal value,0,Units,1,One
DATAFLOW,OECD.SDD.TPS:DSD_LFS@DF_IALFS_LF_WAP_Q(1.0),Labour force participation rate,I,KOR,Korea,LF_WAP,Labour force participation rate,PT_WAP_SUB,Percentage of working age population in the same subgroup,_Z,Not applicable,N,Neither seasonally adjusted nor calendar adjusted,F,Female,Y_GE15,15 years or over,_Z,Not applicable,A,Annual,2006,,50.50066,,,,A,Normal value,0,Units,1,One
DATAFLOW,OECD.SDD.TPS:DSD_LFS@DF_IALFS_LF_WAP_Q(1.0),Labour force participation rate,I,KOR,Korea,LF_WAP,Labour force participation rate,PT_WAP_SUB,Percentage of working age population in the same subgroup,_Z,Not applicable,N,Neither seasonally adjusted nor calendar adjusted,F,Female,Y_GE15,15 years or over,_Z,Not applicable,A,Annual,2005,,50.2657,,,,A,Normal value,0,Units,1,One
DATAFLOW,OECD.SDD.TPS:DSD_LFS@DF_IALFS_LF_WAP_Q(1.0),Labour force participation rate,I,KOR,Korea,LF_WAP,Labour force participation rate,PT_WAP_SUB,Percentage of working age population in the same subgroup,_Z,Not applicable,N,Neither seasonally adjusted nor calendar adjusted,F,Female,Y_GE15,15 years or over,_Z,Not applicable,A,Annual,2004,,50.13895,,,,A,Normal value,0,Units,1,One
DATAFLOW,OECD.SDD.TPS:DSD_LFS@DF_IALFS_LF_WAP_Q(1.0),Labour force participation rate,I,KOR,Korea,LF_WAP,Labour force participation rate,PT_WAP_SUB,Percentage of working age population in the same subgroup,_Z,Not applicable,N,Neither seasonally adjusted nor calendar adjusted,F,Female,Y_GE15,15 years or over,_Z,Not applicable,A,Annual,2003,,49.06266,,,,A,Normal value,0,Units,1,One
DATAFLOW,OECD.SDD.TPS:DSD_LFS@DF_IALFS_LF_WAP_Q(1.0),Labour force participation rate,I,KOR,Korea,LF_WAP,Labour force participation rate,PT_WAP_SUB,Percentage of working age population in the same subgroup,_Z,Not applicable,N,Neither seasonally adjusted nor calendar adjusted,F,Female,Y_GE15,15 years or over,_Z,Not applicable,A,Annual,2002,,49.8596,,,,A,Normal value,0,Units,1,One
DATAFLOW,OECD.SDD.TPS:DSD_LFS@DF_IALFS_LF_WAP_Q(1.0),Labour force participation rate,I,KOR,Korea,LF_WAP,Labour force participation rate,PT_WAP_SUB,Percentage of working age population in the same subgroup,_Z,Not applicable,N,Neither seasonally adjusted nor calendar adjusted,F,Female,Y_GE15,15 years or over,_Z,Not applicable,A,Annual,2001,,49.3546,,,,A,Normal value,0,Units,1,One
DATAFLOW,OECD.SDD.TPS:DSD_LFS@DF_IALFS_LF_WAP_Q(1.0),Labour force participation rate,I,KOR,Korea,LF_WAP,Labour force participation rate,PT_WAP_SUB,Percentage of working age population in the same subgroup,_Z,Not applicable,N,Neither seasonally adjusted nor calendar adjusted,F,Female,Y_GE15,15 years or over,_Z,Not applicable,A,Annual,2000,,48.76794,,,,A,Normal value,0,Units,1,One
DATAFLOW,OECD.SDD.TPS:DSD_LFS@DF_IALFS_LF_WAP_Q(1.0),Labour force participation rate,I,KOR,Korea,LF_WAP,Labour force participation rate,PT_WAP_SUB,Percentage of working age population in the same subgroup,_Z,Not applicable,N,Neither seasonally adjusted nor calendar adjusted,_T,Total,Y15T24,From 15 to 24 years,_Z,Not applicable,A,Annual,2025,,26.99827,,,,A,Normal value,0,Units,1,One
DATAFLOW,OECD.SDD.TPS:DSD_LFS@DF_IALFS_LF_WAP_Q(1.0),Labour force participation rate,I,KOR,Korea,LF_WAP,Labour force participation rate,PT_WAP_SUB,Percentage of working age population in the same subgroup,_Z,Not applicable,N,Neither seasonally adjusted nor calendar adjusted,_T,Total,Y15T24,From 15 to 24 years,_Z,Not applicable,A,Annual,2024,,28.59864,,,,A,Normal value,0,Units,1,One
DATAFLOW,OECD.SDD.TPS:DSD_LFS@DF_IALFS_LF_WAP_Q(1.0),Labour force participation rate,I,KOR,Korea,LF_WAP,Labour force participation rate,PT_WAP_SUB,Percentage of working age population in the same subgroup,_Z,Not applicable,N,Neither seasonally adjusted nor calendar adjusted,_T,Total,Y15T24,From 15 to 24 years,_Z,Not applicable,A,Annual,2023,,29.62871,,,,A,Normal value,0,Units,1,One
DATAFLOW,OECD.SDD.TPS:DSD_LFS@DF_IALFS_LF_WAP_Q(1.0),Labour force participation rate,I,KOR,Korea,LF_WAP,Labour force participation rate,PT_WAP_SUB,Percentage of working age population in the same subgroup,_Z,Not applicable,N,Neither seasonally adjusted nor calendar adjusted,_T,Total,Y15T24,From 15 to 24 years,_Z,Not applicable,A,Annual,2022,,30.99833,,,,A,Normal value,0,Units,1,One
DATAFLOW,OECD.SDD.TPS:DSD_LFS@DF_IALFS_LF_WAP_Q(1.0),Labour force participation rate,I,KOR,Korea,LF_WAP,Labour force participation rate,PT_WAP_SUB,Percentage of working age population in the same subgroup,_Z,Not applicable,N,Neither seasonally adjusted nor calendar adjusted,_T,Total,Y15T24,From 15 to 24 years,_Z,Not applicable,A,Annual,2021,,29.5586,,,,A,Normal value,0,Units,1,One
DATAFLOW,OECD.SDD.TPS:DSD_LFS@DF_IALFS_LF_WAP_Q(1.0),Labour force participation rate,I,KOR,Korea,LF_WAP,Labour force participation rate,PT_WAP_SUB,Percentage of working age population in the same subgroup,_Z,Not applicable,N,Neither seasonally adjusted nor calendar adjusted,_T,Total,Y15T24,From 15 to 24 years,_Z,Not applicable,A,Annual,2020,,28.15581,,,,A,Normal value,0,Units,1,One
DATAFLOW,OECD.SDD.TPS:DSD_LFS@DF_IALFS_LF_WAP_Q(1.0),Labour force participation rate,I,KOR,Korea,LF_WAP,Labour force participation rate,PT_WAP_SUB,Percentage of working age population in the same subgroup,_Z,Not applicable,N,Neither seasonally adjusted nor calendar adjusted,_T,Total,Y55T64,From 55 to 64 years,_Z,Not applicable,A,Annual,2000,,59.589,,,,A,Normal value,0,Units,1,One
DATAFLOW,OECD.SDD.TPS:DSD_LFS@DF_IALFS_LF_WAP_Q(1.0),Labour force participation rate,I,KOR,Korea,LF_WAP,Labour force participation rate,PT_WAP_SUB,Percentage of working age population in the same subgroup,_Z,Not applicable,N,Neither seasonally adjusted nor calendar adjusted,_T,Total,Y25T54,From 25 to 54 years,_Z,Not applicable,A,Annual,2025,,81.00304,,,,A,Normal value,0,Units,1,One
DATAFLOW,OECD.SDD.TPS:DSD_LFS@DF_IALFS_LF_WAP_Q(1.0),Labour force participation rate,I,KOR,Korea,LF_WAP,Labour force participation rate,PT_WAP_SUB,Percentage of working age population in the same subgroup,_Z,Not applicable,N,Neither seasonally adjusted nor calendar adjusted,_T,Total,Y25T54,From 25 to 54 years,_Z,Not applicable,A,Annual,2024,,80.46789,,,,A,Normal value,0,Units,1,One
DATAFLOW,OECD.SDD.TPS:DSD_LFS@DF_IALFS_LF_WAP_Q(1.0),Labour force participation rate,I,KOR,Korea,LF_WAP,Labour force participation rate,PT_WAP_SUB,Percentage of working age population in the same subgroup,_Z,Not applicable,N,Neither seasonally adjusted nor calendar adjusted,_T,Total,Y25T54,From 25 to 54 years,_Z,Not applicable,A,Annual,2023,,79.97634,,,,A,Normal value,0,Units,1,One
DATAFLOW,OECD.SDD.TPS:DSD_LFS@DF_IALFS_LF_WAP_Q(1.0),Labour force participation rate,I,KOR,Korea,LF_WAP,Labour force participation rate,PT_WAP_SUB,Percentage of working age population in the same subgroup,_Z,Not applicable,N,Neither seasonally adjusted nor calendar adjusted,_T,Total,Y25T54,From 25 to 54 years,_Z,Not applicable,A,Annual,2002,,75.71462,,,,A,Normal value,0,Units,1,One
DATAFLOW,OECD.SDD.TPS:DSD_LFS@DF_IALFS_LF_WAP_Q(1.0),Labour force participation rate,I,KOR,Korea,LF_WAP,Labour force participation rate,PT_WAP_SUB,Percentage of working age population in the same subgroup,_Z,Not applicable,N,Neither seasonally adjusted nor calendar adjusted,_T,Total,Y25T54,From 25 to 54 years,_Z,Not applicable,A,Annual,2021,,77.96044,,,,A,Normal value,0,Units,1,One
DATAFLOW,OECD.SDD.TPS:DSD_LFS@DF_IALFS_LF_WAP_Q(1.0),Labour force participation rate,I,KOR,Korea,LF_WAP,Labour force participation rate,PT_WAP_SUB,Percentage of working age population in the same subgroup,_Z,Not applicable,N,Neither seasonally adjusted nor calendar adjusted,_T,Total,Y25T54,From 25 to 54 years,_Z,Not applicable,A,Annual,2020,,77.78213,,,,A,Normal value,0,Units,1,One
DATAFLOW,OECD.SDD.TPS:DSD_LFS@DF_IALFS_LF_WAP_Q(1.0),Labour force participation rate,I,KOR,Korea,LF_WAP,Labour force participation rate,PT_WAP_SUB,Percentage of working age population in the same subgroup,_Z,Not applicable,N,Neither seasonally adjusted nor calendar adjusted,_T,Total,Y25T54,From 25 to 54 years,_Z,Not applicable,A,Annual,2019,,79.12932,,,,A,Normal value,0,Units,1,One
DATAFLOW,OECD.SDD.TPS:DSD_LFS@DF_IALFS_LF_WAP_Q(1.0),Labour force participation rate,I,KOR,Korea,LF_WAP,Labour force participation rate,PT_WAP_SUB,Percentage of working age population in the same subgroup,_Z,Not applicable,N,Neither seasonally adjusted nor calendar adjusted,_T,Total,Y25T54,From 25 to 54 years,_Z,Not applicable,A,Annual,2018,,79.31149,,,,A,Normal value,0,Units,1,One
DATAFLOW,OECD.SDD.TPS:DSD_LFS@DF_IALFS_LF_WAP_Q(1.0),Labour force participation rate,I,OECD,OECD,LF_WAP,Labour force participation rate,PT_WAP_SUB,Percentage of working age population in the same subgroup,_Z,Not applicable,N,Neither seasonally adjusted nor calendar adjusted,_T,Total,Y_GE15,15 years or over,_Z,Not applicable,A,Annual,2012,,60.26088,,,,A,Normal value,0,Units,1,One
DATAFLOW,OECD.SDD.TPS:DSD_LFS@DF_IALFS_LF_WAP_Q(1.0),Labour force participation rate,I,KOR,Korea,LF_WAP,Labour force participation rate,PT_WAP_SUB,Percentage of working age population in the same subgroup,_Z,Not applicable,N,Neither seasonally adjusted nor calendar adjusted,_T,Total,Y_GE15,15 years or over,_Z,Not applicable,A,Annual,2025,,64.67941,,,,A,Normal value,0,Units,1,One
DATAFLOW,OECD.SDD.TPS:DSD_LFS@DF_IALFS_LF_WAP_Q(1.0),Labour force participation rate,I,KOR,Korea,LF_WAP,Labour force participation rate,PT_WAP_SUB,Percentage of working age population in the same subgroup,_Z,Not applicable,N,Neither seasonally adjusted nor calendar adjusted,M,Male,Y_GE15,15 years or over,_Z,Not applicable,A,Annual,2002,,75.07449,,,,A,Normal value,0,Units,1,One
DATAFLOW,OECD.SDD.TPS:DSD_LFS@DF_IALFS_LF_WAP_Q(1.0),Labour force participation rate,I,KOR,Korea,LF_WAP,Labour force participation rate,PT_WAP_SUB,Percentage of working age population in the same subgroup,_Z,Not applicable,N,Neither seasonally adjusted nor calendar adjusted,M,Male,Y_GE15,15 years or over,_Z,Not applicable,A,Annual,2001,,74.39989,,,,A,Normal value,0,Units,1,One
DATAFLOW,OECD.SDD.TPS:DSD_LFS@DF_IALFS_LF_WAP_Q(1.0),Labour force participation rate,I,KOR,Korea,LF_WAP,Labour force participation rate,PT_WAP_SUB,Percentage of working age population in the same subgroup,_Z,Not applicable,N,Neither seasonally adjusted nor calendar adjusted,M,Male,Y_GE15,15 years or over,_Z,Not applicable,A,Annual,2000,,74.44485,,,,A,Normal value,0,Units,1,One
DATAFLOW,OECD.SDD.TPS:DSD_LFS@DF_IALFS_LF_WAP_Q(1.0),Labour force participation rate,I,KOR,Korea,LF_WAP,Labour force participation rate,PT_WAP_SUB,Percentage of working age population in the same subgroup,_Z,Not applicable,N,Neither seasonally adjusted nor calendar adjusted,M,Male,Y15T24,From 15 to 24 years,_Z,Not applicable,A,Annual,2025,,22.73369,,,,A,Normal value,0,Units,1,One
DATAFLOW,OECD.SDD.TPS:DSD_LFS@DF_IALFS_LF_WAP_Q(1.0),Labour force participation rate,I,KOR,Korea,LF_WAP,Labour force participation rate,PT_WAP_SUB,Percentage of working age population in the same subgroup,_Z,Not applicable,N,Neither seasonally adjusted nor calendar adjusted,M,Male,Y15T24,From 15 to 24 years,_Z,Not applicable,A,Annual,2024,,23.87825,,,,A,Normal value,0,Units,1,One
DATAFLOW,OECD.SDD.TPS:DSD_LFS@DF_IALFS_LF_WAP_Q(1.0),Labour force participation rate,I,KOR,Korea,LF_WAP,Labour force participation rate,PT_WAP_SUB,Percentage of working age population in the same subgroup,_Z,Not applicable,N,Neither seasonally adjusted nor calendar adjusted,M,Male,Y15T24,From 15 to 24 years,_Z,Not applicable,A,Annual,2023,,25.17395,,,,A,Normal value,0,Units,1,One
DATAFLOW,OECD.SDD.TPS:DSD_LFS@DF_IALFS_LF_WAP_Q(1.0),Labour force participation rate,I,KOR,Korea,LF_WAP,Labour force participation rate,PT_WAP_SUB,Percentage of working age population in the same subgroup,_Z,Not applicable,N,Neither seasonally adjusted nor calendar adjusted,M,Male,Y15T24,From 15 to 24 years,_Z,Not applicable,A,Annual,2022,,26.4851,,,,A,Normal value,0,Units,1,One
DATAFLOW,OECD.SDD.TPS:DSD_LFS@DF_IALFS_LF_WAP_Q(1.0),Labour force participation rate,I,KOR,Korea,LF_WAP,Labour force participation rate,PT_WAP_SUB,Percentage of working age population in the same subgroup,_Z,Not applicable,N,Neither seasonally adjusted nor calendar adjusted,M,Male,Y15T24,From 15 to 24 years,_Z,Not applicable,A,Annual,2021,,25.19666,,,,A,Normal value,0,Units,1,One
DATAFLOW,OECD.SDD.TPS:DSD_LFS@DF_IALFS_LF_WAP_Q(1.0),Labour force participation rate,I,KOR,Korea,LF_WAP,Labour force participation rate,PT_WAP_SUB,Percentage of working age population in the same subgroup,_Z,Not applicable,N,Neither seasonally adjusted nor calendar adjusted,M,Male,Y15T24,From 15 to 24 years,_Z,Not applicable,A,Annual,2020,,24.55784,,,,A,Normal value,0,Units,1,One
DATAFLOW,OECD.SDD.TPS:DSD_LFS@DF_IALFS_LF_WAP_Q(1.0),Labour force participation rate,I,KOR,Korea,LF_WAP,Labour force participation rate,PT_WAP_SUB,Percentage of working age population in the same subgroup,_Z,Not applicable,N,Neither seasonally adjusted nor calendar adjusted,M,Male,Y15T24,From 15 to 24 years,_Z,Not applicable,A,Annual,2019,,26.04186,,,,A,Normal value,0,Units,1,One
DATAFLOW,OECD.SDD.TPS:DSD_LFS@DF_IALFS_LF_WAP_Q(1.0),Labour force participation rate,I,KOR,Korea,LF_WAP,Labour force participation rate,PT_WAP_SUB,Percentage of working age population in the same subgroup,_Z,Not applicable,N,Neither seasonally adjusted nor calendar adjusted,M,Male,Y15T24,From 15 to 24 years,_Z,Not applicable,A,Annual,2018,,24.39134,,,,A,Normal value,0,Units,1,One
DATAFLOW,OECD.SDD.TPS:DSD_LFS@DF_IALFS_LF_WAP_Q(1.0),Labour force participation rate,I,KOR,Korea,LF_WAP,Labour force participation rate,PT_WAP_SUB,Percentage of working age population in the same subgroup,_Z,Not applicable,N,Neither seasonally adjusted nor calendar adjusted,M,Male,Y15T24,From 15 to 24 years,_Z,Not applicable,A,Annual,2017,,26.05412,,,,A,Normal value,0,Units,1,One
DATAFLOW,OECD.SDD.TPS:DSD_LFS@DF_IALFS_LF_WAP_Q(1.0),Labour force participation rate,I,KOR,Korea,LF_WAP,Labour force participation rate,PT_WAP_SUB,Percentage of working age population in the same subgroup,_Z,Not applicable,N,Neither seasonally adjusted nor calendar adjusted,M,Male,Y15T24,From 15 to 24 years,_Z,Not applicable,A,Annual,2016,,25.78332,,,,A,Normal value,0,Units,1,One
DATAFLOW,OECD.SDD.TPS:DSD_LFS@DF_IALFS_LF_WAP_Q(1.0),Labour force participation rate,I,KOR,Korea,LF_WAP,Labour force participation rate,PT_WAP_SUB,Percentage of working age population in the same subgroup,_Z,Not applicable,N,Neither seasonally adjusted nor calendar adjusted,M,Male,Y15T24,From 15 to 24 years,_Z,Not applicable,A,Annual,2015,,25.73,,,,A,Normal value,0,Units,1,One
DATAFLOW,OECD.SDD.TPS:DSD_LFS@DF_IALFS_LF_WAP_Q(1.0),Labour force participation rate,I,KOR,Korea,LF_WAP,Labour force participation rate,PT_WAP_SUB,Percentage of working age population in the same subgroup,_Z,Not applicable,N,Neither seasonally adjusted nor calendar adjusted,M,Male,Y15T24,From 15 to 24 years,_Z,Not applicable,A,Annual,2014,,24.39869,,,,A,Normal value,0,Units,1,One
DATAFLOW,OECD.SDD.TPS:DSD_LFS@DF_IALFS_LF_WAP_Q(1.0),Labour force participation rate,I,KOR,Korea,LF_WAP,Labour force participation rate,PT_WAP_SUB,Percentage of working age population in the same subgroup,_Z,Not applicable,N,Neither seasonally adjusted nor calendar adjusted,M,Male,Y15T24,From 15 to 24 years,_Z,Not applicable,A,Annual,2013,,22.24085,,,,A,Normal value,0,Units,1,One
DATAFLOW,OECD.SDD.TPS:DSD_LFS@DF_IALFS_LF_WAP_Q(1.0),Labour force participation rate,I,KOR,Korea,LF_WAP,Labour force participation rate,PT_WAP_SUB,Percentage of working age population in the same subgroup,_Z,Not applicable,N,Neither seasonally adjusted nor calendar adjusted,M,Male,Y15T24,From 15 to 24 years,_Z,Not applicable,A,Annual,2012,,21.91732,,,,A,Normal value,0,Units,1,One
DATAFLOW,OECD.SDD.TPS:DSD_LFS@DF_IALFS_LF_WAP_Q(1.0),Labour force participation rate,I,KOR,Korea,LF_WAP,Labour force participation rate,PT_WAP_SUB,Percentage of working age population in the same subgroup,_Z,Not applicable,N,Neither seasonally adjusted nor calendar adjusted,M,Male,Y15T24,From 15 to 24 years,_Z,Not applicable,A,Annual,2011,,20.97491,,,,A,Normal value,0,Units,1,One
DATAFLOW,OECD.SDD.TPS:DSD_LFS@DF_IALFS_LF_WAP_Q(1.0),Labour force participation rate,I,KOR,Korea,LF_WAP,Labour force participation rate,PT_WAP_SUB,Percentage of working age population in the same subgroup,_Z,Not applicable,N,Neither seasonally adjusted nor calendar adjusted,M,Male,Y15T24,From 15 to 24 years,_Z,Not applicable,A,Annual,2010,,19.95321,,,,A,Normal value,0,Units,1,One
DATAFLOW,OECD.SDD.TPS:DSD_LFS@DF_IALFS_LF_WAP_Q(1.0),Labour force participation rate,I,KOR,Korea,LF_WAP,Labour force participation rate,PT_WAP_SUB,Percentage of working age population in the same subgroup,_Z,Not applicable,N,Neither seasonally adjusted nor calendar adjusted,M,Male,Y15T24,From 15 to 24 years,_Z,Not applicable,A,Annual,2009,,20.17571,,,,A,Normal value,0,Units,1,One
DATAFLOW,OECD.SDD.TPS:DSD_LFS@DF_IALFS_LF_WAP_Q(1.0),Labour force participation rate,I,KOR,Korea,LF_WAP,Labour force participation rate,PT_WAP_SUB,Percentage of working age population in the same subgroup,_Z,Not applicable,N,Neither seasonally adjusted nor calendar adjusted,M,Male,Y15T24,From 15 to 24 years,_Z,Not applicable,A,Annual,2008,,21.09011,,,,A,Normal value,0,Units,1,One
DATAFLOW,OECD.SDD.TPS:DSD_LFS@DF_IALFS_LF_WAP_Q(1.0),Labour force participation rate,I,KOR,Korea,LF_WAP,Labour force participation rate,PT_WAP_SUB,Percentage of working age population in the same subgroup,_Z,Not applicable,N,Neither seasonally adjusted nor calendar adjusted,M,Male,Y15T24,From 15 to 24 years,_Z,Not applicable,A,Annual,2007,,23.97105,,,,A,Normal value,0,Units,1,One
DATAFLOW,OECD.SDD.TPS:DSD_LFS@DF_IALFS_LF_WAP_Q(1.0),Labour force participation rate,I,KOR,Korea,LF_WAP,Labour force participation rate,PT_WAP_SUB,Percentage of working age population in the same subgroup,_Z,Not applicable,N,Neither seasonally adjusted nor calendar adjusted,M,Male,Y15T24,From 15 to 24 years,_Z,Not applicable,A,Annual,2006,,25.26565,,,,A,Normal value,0,Units,1,One
DATAFLOW,OECD.SDD.TPS:DSD_LFS@DF_IALFS_LF_WAP_Q(1.0),Labour force participation rate,I,KOR,Korea,LF_WAP,Labour force participation rate,PT_WAP_SUB,Percentage of working age population in the same subgroup,_Z,Not applicable,N,Neither seasonally adjusted nor calendar adjusted,M,Male,Y15T24,From 15 to 24 years,_Z,Not applicable,A,Annual,2005,,27.3219,,,,A,Normal value,0,Units,1,One
DATAFLOW,OECD.SDD.TPS:DSD_LFS@DF_IALFS_LF_WAP_Q(1.0),Labour force participation rate,I,KOR,Korea,LF_WAP,Labour force participation rate,PT_WAP_SUB,Percentage of working age population in the same subgroup,_Z,Not applicable,N,Neither seasonally adjusted nor calendar adjusted,M,Male,Y15T24,From 15 to 24 years,_Z,Not applicable,A,Annual,2004,,29.30633,,,,A,Normal value,0,Units,1,One
DATAFLOW,OECD.SDD.TPS:DSD_LFS@DF_IALFS_LF_WAP_Q(1.0),Labour force participation rate,I,KOR,Korea,LF_WAP,Labour force participation rate,PT_WAP_SUB,Percentage of working age population in the same subgroup,_Z,Not applicable,N,Neither seasonally adjusted nor calendar adjusted,M,Male,Y15T24,From 15 to 24 years,_Z,Not applicable,A,Annual,2003,,28.50281,,,,A,Normal value,0,Units,1,One
DATAFLOW,OECD.SDD.TPS:DSD_LFS@DF_IALFS_LF_WAP_Q(1.0),Labour force participation rate,I,KOR,Korea,LF_WAP,Labour force participation rate,PT_WAP_SUB,Percentage of working age population in the same subgroup,_Z,Not applicable,N,Neither seasonally adjusted nor calendar adjusted,M,Male,Y15T24,From 15 to 24 years,_Z,Not applicable,A,Annual,2002,,28.78601,,,,A,Normal value,0,Units,1,One
DATAFLOW,OECD.SDD.TPS:DSD_LFS@DF_IALFS_LF_WAP_Q(1.0),Labour force participation rate,I,KOR,Korea,LF_WAP,Labour force participation rate,PT_WAP_SUB,Percentage of working age population in the same subgroup,_Z,Not applicable,N,Neither seasonally adjusted nor calendar adjusted,M,Male,Y15T24,From 15 to 24 years,_Z,Not applicable,A,Annual,2001,,27.98447,,,,A,Normal value,0,Units,1,One
DATAFLOW,OECD.SDD.TPS:DSD_LFS@DF_IALFS_LF_WAP_Q(1.0),Labour force participation rate,I,KOR,Korea,LF_WAP,Labour force participation rate,PT_WAP_SUB,Percentage of working age population in the same subgroup,_Z,Not applicable,N,Neither seasonally adjusted nor calendar adjusted,M,Male,Y15T24,From 15 to 24 years,_Z,Not applicable,A,Annual,2000,,28.46609,,,,A,Normal value,0,Units,1,One
DATAFLOW,OECD.SDD.TPS:DSD_LFS@DF_IALFS_LF_WAP_Q(1.0),Labour force participation rate,I,KOR,Korea,LF_WAP,Labour force participation rate,PT_WAP_SUB,Percentage of working age population in the same subgroup,_Z,Not applicable,N,Neither seasonally adjusted nor calendar adjusted,M,Male,Y55T64,From 55 to 64 years,_Z,Not applicable,A,Annual,2025,,81.36094,,,,A,Normal value,0,Units,1,One
DATAFLOW,OECD.SDD.TPS:DSD_LFS@DF_IALFS_LF_WAP_Q(1.0),Labour force participation rate,I,KOR,Korea,LF_WAP,Labour force participation rate,PT_WAP_SUB,Percentage of working age population in the same subgroup,_Z,Not applicable,N,Neither seasonally adjusted nor calendar adjusted,M,Male,Y55T64,From 55 to 64 years,_Z,Not applicable,A,Annual,2024,,81.63171,,,,A,Normal value,0,Units,1,One
DATAFLOW,OECD.SDD.TPS:DSD_LFS@DF_IALFS_LF_WAP_Q(1.0),Labour force participation rate,I,KOR,Korea,LF_WAP,Labour force participation rate,PT_WAP_SUB,Percentage of working age population in the same subgroup,_Z,Not applicable,N,Neither seasonally adjusted nor calendar adjusted,M,Male,Y55T64,From 55 to 64 years,_Z,Not applicable,A,Annual,2023,,81.51957,,,,A,Normal value,0,Units,1,One
DATAFLOW,OECD.SDD.TPS:DSD_LFS@DF_IALFS_LF_WAP_Q(1.0),Labour force participation rate,I,KOR,Korea,LF_WAP,Labour force participation rate,PT_WAP_SUB,Percentage of working age population in the same subgroup,_Z,Not applicable,N,Neither seasonally adjusted nor calendar adjusted,M,Male,Y55T64,From 55 to 64 years,_Z,Not applicable,A,Annual,2022,,81.26998,,,,A,Normal value,0,Units,1,One
DATAFLOW,OECD.SDD.TPS:DSD_LFS@DF_IALFS_LF_WAP_Q(1.0),Labour force participation rate,I,KOR,Korea,LF_WAP,Labour force participation rate,PT_WAP_SUB,Percentage of working age population in the same subgroup,_Z,Not applicable,N,Neither seasonally adjusted nor calendar adjusted,M,Male,Y55T64,From 55 to 64 years,_Z,Not applicable,A,Annual,2021,,80.06287,,,,A,Normal value,0,Units,1,One
DATAFLOW,OECD.SDD.TPS:DSD_LFS@DF_IALFS_LF_WAP_Q(1.0),Labour force participation rate,I,KOR,Korea,LF_WAP,Labour force participation rate,PT_WAP_SUB,Percentage of working age population in the same subgroup,_Z,Not applicable,N,Neither seasonally adjusted nor calendar adjusted,M,Male,Y55T64,From 55 to 64 years,_Z,Not applicable,A,Annual,2020,,80.61802,,,,A,Normal value,0,Units,1,One
DATAFLOW,OECD.SDD.TPS:DSD_LFS@DF_IALFS_LF_WAP_Q(1.0),Labour force participation rate,I,KOR,Korea,LF_WAP,Labour force participation rate,PT_WAP_SUB,Percentage of working age population in the same subgroup,_Z,Not applicable,N,Neither seasonally adjusted nor calendar adjusted,M,Male,Y55T64,From 55 to 64 years,_Z,Not applicable,A,Annual,2019,,81.05235,,,,A,Normal value,0,Units,1,One
DATAFLOW,OECD.SDD.TPS:DSD_LFS@DF_IALFS_LF_WAP_Q(1.0),Labour force participation rate,I,KOR,Korea,LF_WAP,Labour force participation rate,PT_WAP_SUB,Percentage of working age population in the same subgroup,_Z,Not applicable,N,Neither seasonally adjusted nor calendar adjusted,M,Male,Y55T64,From 55 to 64 years,_Z,Not applicable,A,Annual,2018,,82.10898,,,,A,Normal value,0,Units,1,One
DATAFLOW,OECD.SDD.TPS:DSD_LFS@DF_IALFS_LF_WAP_Q(1.0),Labour force participation rate,I,KOR,Korea,LF_WAP,Labour force participation rate,PT_WAP_SUB,Percentage of working age population in the same subgroup,_Z,Not applicable,N,Neither seasonally adjusted nor calendar adjusted,M,Male,Y55T64,From 55 to 64 years,_Z,Not applicable,A,Annual,2017,,82.73774,,,,A,Normal value,0,Units,1,One
DATAFLOW,OECD.SDD.TPS:DSD_LFS@DF_IALFS_LF_WAP_Q(1.0),Labour force participation rate,I,KOR,Korea,LF_WAP,Labour force participation rate,PT_WAP_SUB,Percentage of working age population in the same subgroup,_Z,Not applicable,N,Neither seasonally adjusted nor calendar adjusted,M,Male,Y55T64,From 55 to 64 years,_Z,Not applicable,A,Annual,2016,,81.71565,,,,A,Normal value,0,Units,1,One
DATAFLOW,OECD.SDD.TPS:DSD_LFS@DF_IALFS_LF_WAP_Q(1.0),Labour force participation rate,I,KOR,Korea,LF_WAP,Labour force participation rate,PT_WAP_SUB,Percentage of working age population in the same subgroup,_Z,Not applicable,N,Neither seasonally adjusted nor calendar adjusted,M,Male,Y55T64,From 55 to 64 years,_Z,Not applicable,A,Annual,2015,,81.80272,,,,A,Normal value,0,Units,1,One
DATAFLOW,OECD.SDD.TPS:DSD_LFS@DF_IALFS_LF_WAP_Q(1.0),Labour force participation rate,I,KOR,Korea,LF_WAP,Labour force participation rate,PT_WAP_SUB,Percentage of working age population in the same subgroup,_Z,Not applicable,N,Neither seasonally adjusted nor calendar adjusted,M,Male,Y55T64,From 55 to 64 years,_Z,Not applicable,A,Annual,2014,,82.06612,,,,A,Normal value,0,Units,1,One
DATAFLOW,OECD.SDD.TPS:DSD_LFS@DF_IALFS_LF_WAP_Q(1.0),Labour force participation rate,I,KOR,Korea,LF_WAP,Labour force participation rate,PT_WAP_SUB,Percentage of working age population in the same subgroup,_Z,Not applicable,N,Neither seasonally adjusted nor calendar adjusted,M,Male,Y55T64,From 55 to 64 years,_Z,Not applicable,A,Annual,2013,,80.39677,,,,A,Normal value,0,Units,1,One
DATAFLOW,OECD.SDD.TPS:DSD_LFS@DF_IALFS_LF_WAP_Q(1.0),Labour force participation rate,I,KOR,Korea,LF_WAP,Labour force participation rate,PT_WAP_SUB,Percentage of working age population in the same subgroup,_Z,Not applicable,N,Neither seasonally adjusted nor calendar adjusted,M,Male,Y55T64,From 55 to 64 years,_Z,Not applicable,A,Annual,2012,,79.55939,,,,A,Normal value,0,Units,1,One
DATAFLOW,OECD.SDD.TPS:DSD_LFS@DF_IALFS_LF_WAP_Q(1.0),Labour force participation rate,I,KOR,Korea,LF_WAP,Labour force participation rate,PT_WAP_SUB,Percentage of working age population in the same subgroup,_Z,Not applicable,N,Neither seasonally adjusted nor calendar adjusted,M,Male,Y55T64,From 55 to 64 years,_Z,Not applicable,A,Annual,2011,,78.87658,,,,A,Normal value,0,Units,1,One
DATAFLOW,OECD.SDD.TPS:DSD_LFS@DF_IALFS_LF_WAP_Q(1.0),Labour force participation rate,I,KOR,Korea,LF_WAP,Labour force participation rate,PT_WAP_SUB,Percentage of working age population in the same subgroup,_Z,Not applicable,N,Neither seasonally adjusted nor calendar adjusted,M,Male,Y55T64,From 55 to 64 years,_Z,Not applicable,A,Annual,2010,,77.61659,,,,A,Normal value,0,Units,1,One
DATAFLOW,OECD.SDD.TPS:DSD_LFS@DF_IALFS_LF_WAP_Q(1.0),Labour force participation rate,I,KOR,Korea,LF_WAP,Labour force participation rate,PT_WAP_SUB,Percentage of working age population in the same subgroup,_Z,Not applicable,N,Neither seasonally adjusted nor calendar adjusted,M,Male,Y55T64,From 55 to 64 years,_Z,Not applicable,A,Annual,2009,,76.47479,,,,A,Normal value,0,Units,1,One
DATAFLOW,OECD.SDD.TPS:DSD_LFS@DF_IALFS_LF_WAP_Q(1.0),Labour force participation rate,I,KOR,Korea,LF_WAP,Labour force participation rate,PT_WAP_SUB,Percentage of working age population in the same subgroup,_Z,Not applicable,N,Neither seasonally adjusted nor calendar adjusted,M,Male,Y55T64,From 55 to 64 years,_Z,Not applicable,A,Annual,2008,,76.25137,,,,A,Normal value,0,Units,1,One
DATAFLOW,OECD.SDD.TPS:DSD_LFS@DF_IALFS_LF_WAP_Q(1.0),Labour force participation rate,I,KOR,Korea,LF_WAP,Labour force participation rate,PT_WAP_SUB,Percentage of working age population in the same subgroup,_Z,Not applicable,N,Neither seasonally adjusted nor calendar adjusted,M,Male,Y55T64,From 55 to 64 years,_Z,Not applicable,A,Annual,2007,,76.84022,,,,A,Normal value,0,Units,1,One
DATAFLOW,OECD.SDD.TPS:DSD_LFS@DF_IALFS_LF_WAP_Q(1.0),Labour force participation rate,I,KOR,Korea,LF_WAP,Labour force participation rate,PT_WAP_SUB,Percentage of working age population in the same subgroup,_Z,Not applicable,N,Neither seasonally adjusted nor calendar adjusted,M,Male,Y55T64,From 55 to 64 years,_Z,Not applicable,A,Annual,2006,,74.97263,,,,A,Normal value,0,Units,1,One
DATAFLOW,OECD.SDD.TPS:DSD_LFS@DF_IALFS_LF_WAP_Q(1.0),Labour force participation rate,I,KOR,Korea,LF_WAP,Labour force participation rate,PT_WAP_SUB,Percentage of working age population in the same subgroup,_Z,Not applicable,N,Neither seasonally adjusted nor calendar adjusted,M,Male,Y55T64,From 55 to 64 years,_Z,Not applicable,A,Annual,2005,,74.56196,,,,A,Normal value,0,Units,1,One
DATAFLOW,OECD.SDD.TPS:DSD_LFS@DF_IALFS_LF_WAP_Q(1.0),Labour force participation rate,I,KOR,Korea,LF_WAP,Labour force participation rate,PT_WAP_SUB,Percentage of working age population in the same subgroup,_Z,Not applicable,N,Neither seasonally adjusted nor calendar adjusted,M,Male,Y55T64,From 55 to 64 years,_Z,Not applicable,A,Annual,2004,,73.83773,,,,A,Normal value,0,Units,1,One
DATAFLOW,OECD.SDD.TPS:DSD_LFS@DF_IALFS_LF_WAP_Q(1.0),Labour force participation rate,I,KOR,Korea,LF_WAP,Labour force participation rate,PT_WAP_SUB,Percentage of working age population in the same subgroup,_Z,Not applicable,N,Neither seasonally adjusted nor calendar adjusted,M,Male,Y55T64,From 55 to 64 years,_Z,Not applicable,A,Annual,2003,,72.71195,,,,A,Normal value,0,Units,1,One
DATAFLOW,OECD.SDD.TPS:DSD_LFS@DF_IALFS_LF_WAP_Q(1.0),Labour force participation rate,I,KOR,Korea,LF_WAP,Labour force participation rate,PT_WAP_SUB,Percentage of working age population in the same subgroup,_Z,Not applicable,N,Neither seasonally adjusted nor calendar adjusted,M,Male,Y55T64,From 55 to 64 years,_Z,Not applicable,A,Annual,2002,,73.88557,,,,A,Normal value,0,Units,1,One
DATAFLOW,OECD.SDD.TPS:DSD_LFS@DF_IALFS_LF_WAP_Q(1.0),Labour force participation rate,I,KOR,Korea,LF_WAP,Labour force participation rate,PT_WAP_SUB,Percentage of working age population in the same subgroup,_Z,Not applicable,N,Neither seasonally adjusted nor calendar adjusted,M,Male,Y55T64,From 55 to 64 years,_Z,Not applicable,A,Annual,2001,,72.0162,,,,A,Normal value,0,Units,1,One
DATAFLOW,OECD.SDD.TPS:DSD_LFS@DF_IALFS_LF_WAP_Q(1.0),Labour force participation rate,I,KOR,Korea,LF_WAP,Labour force participation rate,PT_WAP_SUB,Percentage of working age population in the same subgroup,_Z,Not applicable,N,Neither seasonally adjusted nor calendar adjusted,M,Male,Y55T64,From 55 to 64 years,_Z,Not applicable,A,Annual,2000,,71.32272,,,,A,Normal value,0,Units,1,One
DATAFLOW,OECD.SDD.TPS:DSD_LFS@DF_IALFS_LF_WAP_Q(1.0),Labour force participation rate,I,KOR,Korea,LF_WAP,Labour force participation rate,PT_WAP_SUB,Percentage of working age population in the same subgroup,_Z,Not applicable,N,Neither seasonally adjusted nor calendar adjusted,M,Male,Y25T54,From 25 to 54 years,_Z,Not applicable,A,Annual,2025,,88.6614,,,,A,Normal value,0,Units,1,One
DATAFLOW,OECD.SDD.TPS:DSD_LFS@DF_IALFS_LF_WAP_Q(1.0),Labour force participation rate,I,KOR,Korea,LF_WAP,Labour force participation rate,PT_WAP_SUB,Percentage of working age population in the same subgroup,_Z,Not applicable,N,Neither seasonally adjusted nor calendar adjusted,M,Male,Y25T54,From 25 to 54 years,_Z,Not applicable,A,Annual,2024,,88.75276,,,,A,Normal value,0,Units,1,One
DATAFLOW,OECD.SDD.TPS:DSD_LFS@DF_IALFS_LF_WAP_Q(1.0),Labour force participation rate,I,KOR,Korea,LF_WAP,Labour force participation rate,PT_WAP_SUB,Percentage of working age population in the same subgroup,_Z,Not applicable,N,Neither seasonally adjusted nor calendar adjusted,M,Male,Y25T54,From 25 to 54 years,_Z,Not applicable,A,Annual,2023,,89.04254,,,,A,Normal value,0,Units,1,One
DATAFLOW,OECD.SDD.TPS:DSD_LFS@DF_IALFS_LF_WAP_Q(1.0),Labour force participation rate,I,KOR,Korea,LF_WAP,Labour force participation rate,PT_WAP_SUB,Percentage of working age population in the same subgroup,_Z,Not applicable,N,Neither seasonally adjusted nor calendar adjusted,M,Male,Y25T54,From 25 to 54 years,_Z,Not applicable,A,Annual,2022,,88.81878,,,,A,Normal value,0,Units,1,One
DATAFLOW,OECD.SDD.TPS:DSD_LFS@DF_IALFS_LF_WAP_Q(1.0),Labour force participation rate,I,KOR,Korea,LF_WAP,Labour force participation rate,PT_WAP_SUB,Percentage of working age population in the same subgroup,_Z,Not applicable,N,Neither seasonally adjusted nor calendar adjusted,M,Male,Y25T54,From 25 to 54 years,_Z,Not applicable,A,Annual,2021,,88.10003,,,,A,Normal value,0,Units,1,One
DATAFLOW,OECD.SDD.TPS:DSD_LFS@DF_IALFS_LF_WAP_Q(1.0),Labour force participation rate,I,KOR,Korea,LF_WAP,Labour force participation rate,PT_WAP_SUB,Percentage of working age population in the same subgroup,_Z,Not applicable,N,Neither seasonally adjusted nor calendar adjusted,M,Male,Y25T54,From 25 to 54 years,_Z,Not applicable,A,Annual,2020,,88.33186,,,,A,Normal value,0,Units,1,One
DATAFLOW,OECD.SDD.TPS:DSD_LFS@DF_IALFS_LF_WAP_Q(1.0),Labour force participation rate,I,KOR,Korea,LF_WAP,Labour force participation rate,PT_WAP_SUB,Percentage of working age population in the same subgroup,_Z,Not applicable,N,Neither seasonally adjusted nor calendar adjusted,M,Male,Y25T54,From 25 to 54 years,_Z,Not applicable,A,Annual,2019,,89.8173,,,,A,Normal value,0,Units,1,One
DATAFLOW,OECD.SDD.TPS:DSD_LFS@DF_IALFS_LF_WAP_Q(1.0),Labour force participation rate,I,KOR,Korea,LF_WAP,Labour force participation rate,PT_WAP_SUB,Percentage of working age population in the same subgroup,_Z,Not applicable,N,Neither seasonally adjusted nor calendar adjusted,M,Male,Y25T54,From 25 to 54 years,_Z,Not applicable,A,Annual,2018,,90.65694,,,,A,Normal value,0,Units,1,One
DATAFLOW,OECD.SDD.TPS:DSD_LFS@DF_IALFS_LF_WAP_Q(1.0),Labour force participation rate,I,KOR,Korea,LF_WAP,Labour force participation rate,PT_WAP_SUB,Percentage of working age population in the same subgroup,_Z,Not applicable,N,Neither seasonally adjusted nor calendar adjusted,M,Male,Y25T54,From 25 to 54 years,_Z,Not applicable,A,Annual,2017,,90.99493,,,,A,Normal value,0,Units,1,One
DATAFLOW,OECD.SDD.TPS:DSD_LFS@DF_IALFS_LF_WAP_Q(1.0),Labour force participation rate,I,KOR,Korea,LF_WAP,Labour force participation rate,PT_WAP_SUB,Percentage of working age population in the same subgroup,_Z,Not applicable,N,Neither seasonally adjusted nor calendar adjusted,M,Male,Y25T54,From 25 to 54 years,_Z,Not applicable,A,Annual,2016,,91.15406,,,,A,Normal value,0,Units,1,One
DATAFLOW,OECD.SDD.TPS:DSD_LFS@DF_IALFS_LF_WAP_Q(1.0),Labour force participation rate,I,KOR,Korea,LF_WAP,Labour force participation rate,PT_WAP_SUB,Percentage of working age population in the same subgroup,_Z,Not applicable,N,Neither seasonally adjusted nor calendar adjusted,M,Male,Y25T54,From 25 to 54 years,_Z,Not applicable,A,Annual,2015,,91.15034,,,,A,Normal value,0,Units,1,One
DATAFLOW,OECD.SDD.TPS:DSD_LFS@DF_IALFS_LF_WAP_Q(1.0),Labour force participation rate,I,KOR,Korea,LF_WAP,Labour force participation rate,PT_WAP_SUB,Percentage of working age population in the same subgroup,_Z,Not applicable,N,Neither seasonally adjusted nor calendar adjusted,M,Male,Y25T54,From 25 to 54 years,_Z,Not applicable,A,Annual,2014,,91.40141,,,,A,Normal value,0,Units,1,One
DATAFLOW,OECD.SDD.TPS:DSD_LFS@DF_IALFS_LF_WAP_Q(1.0),Labour force participation rate,I,KOR,Korea,LF_WAP,Labour force participation rate,PT_WAP_SUB,Percentage of working age population in the same subgroup,_Z,Not applicable,N,Neither seasonally adjusted nor calendar adjusted,M,Male,Y25T54,From 25 to 54 years,_Z,Not applicable,A,Annual,2013,,90.75513,,,,A,Normal value,0,Units,1,One
DATAFLOW,OECD.SDD.TPS:DSD_LFS@DF_IALFS_LF_WAP_Q(1.0),Labour force participation rate,I,KOR,Korea,LF_WAP,Labour force participation rate,PT_WAP_SUB,Percentage of working age population in the same subgroup,_Z,Not applicable,N,Neither seasonally adjusted nor calendar adjusted,M,Male,Y25T54,From 25 to 54 years,_Z,Not applicable,A,Annual,2012,,90.70419,,,,A,Normal value,0,Units,1,One
DATAFLOW,OECD.SDD.TPS:DSD_LFS@DF_IALFS_LF_WAP_Q(1.0),Labour force participation rate,I,KOR,Korea,LF_WAP,Labour force participation rate,PT_WAP_SUB,Percentage of working age population in the same subgroup,_Z,Not applicable,N,Neither seasonally adjusted nor calendar adjusted,M,Male,Y25T54,From 25 to 54 years,_Z,Not applicable,A,Annual,2011,,90.48703,,,,A,Normal value,0,Units,1,One
DATAFLOW,OECD.SDD.TPS:DSD_LFS@DF_IALFS_LF_WAP_Q(1.0),Labour force participation rate,I,KOR,Korea,LF_WAP,Labour force participation rate,PT_WAP_SUB,Percentage of working age population in the same subgroup,_Z,Not applicable,N,Neither seasonally adjusted nor calendar adjusted,M,Male,Y25T54,From 25 to 54 years,_Z,Not applicable,A,Annual,2010,,90.22346,,,,A,Normal value,0,Units,1,One
DATAFLOW,OECD.SDD.TPS:DSD_LFS@DF_IALFS_LF_WAP_Q(1.0),Labour force participation rate,I,KOR,Korea,LF_WAP,Labour force participation rate,PT_WAP_SUB,Percentage of working age population in the same subgroup,_Z,Not applicable,N,Neither seasonally adjusted nor calendar adjusted,M,Male,Y25T54,From 25 to 54 years,_Z,Not applicable,A,Annual,2009,,89.93204,,,,A,Normal value,0,Units,1,One
DATAFLOW,OECD.SDD.TPS:DSD_LFS@DF_IALFS_LF_WAP_Q(1.0),Labour force participation rate,I,KOR,Korea,LF_WAP,Labour force participation rate,PT_WAP_SUB,Percentage of working age population in the same subgroup,_Z,Not applicable,N,Neither seasonally adjusted nor calendar adjusted,M,Male,Y25T54,From 25 to 54 years,_Z,Not applicable,A,Annual,2008,,90.40826,,,,A,Normal value,0,Units,1,One
DATAFLOW,OECD.SDD.TPS:DSD_LFS@DF_IALFS_LF_WAP_Q(1.0),Labour force participation rate,I,KOR,Korea,LF_WAP,Labour force participation rate,PT_WAP_SUB,Percentage of working age population in the same subgroup,_Z,Not applicable,N,Neither seasonally adjusted nor calendar adjusted,M,Male,Y25T54,From 25 to 54 years,_Z,Not applicable,A,Annual,2007,,90.49285,,,,A,Normal value,0,Units,1,One
DATAFLOW,OECD.SDD.TPS:DSD_LFS@DF_IALFS_LF_WAP_Q(1.0),Labour force participation rate,I,KOR,Korea,LF_WAP,Labour force participation rate,PT_WAP_SUB,Percentage of working age population in the same subgroup,_Z,Not applicable,N,Neither seasonally adjusted nor calendar adjusted,M,Male,Y25T54,From 25 to 54 years,_Z,Not applicable,A,Annual,2006,,90.85004,,,,A,Normal value,0,Units,1,One
DATAFLOW,OECD.SDD.TPS:DSD_LFS@DF_IALFS_LF_WAP_Q(1.0),Labour force participation rate,I,KOR,Korea,LF_WAP,Labour force participation rate,PT_WAP_SUB,Percentage of working age population in the same subgroup,_Z,Not applicable,N,Neither seasonally adjusted nor calendar adjusted,M,Male,Y25T54,From 25 to 54 years,_Z,Not applicable,A,Annual,2005,,91.28873,,,,A,Normal value,0,Units,1,One
DATAFLOW,OECD.SDD.TPS:DSD_LFS@DF_IALFS_LF_WAP_Q(1.0),Labour force participation rate,I,KOR,Korea,LF_WAP,Labour force participation rate,PT_WAP_SUB,Percentage of working age population in the same subgroup,_Z,Not applicable,N,Neither seasonally adjusted nor calendar adjusted,M,Male,Y25T54,From 25 to 54 years,_Z,Not applicable,A,Annual,2004,,91.71136,,,,A,Normal value,0,Units,1,One
DATAFLOW,OECD.SDD.TPS:DSD_LFS@DF_IALFS_LF_WAP_Q(1.0),Labour force participation rate,I,KOR,Korea,LF_WAP,Labour force participation rate,PT_WAP_SUB,Percentage of working age population in the same subgroup,_Z,Not applicable,N,Neither seasonally adjusted nor calendar adjusted,M,Male,Y25T54,From 25 to 54 years,_Z,Not applicable,A,Annual,2003,,92.01902,,,,A,Normal value,0,Units,1,One
DATAFLOW,OECD.SDD.TPS:DSD_LFS@DF_IALFS_LF_WAP_Q(1.0),Labour force participation rate,I,KOR,Korea,LF_WAP,Labour force participation rate,PT_WAP_SUB,Percentage of working age population in the same subgroup,_Z,Not applicable,N,Neither seasonally adjusted nor calendar adjusted,M,Male,Y25T54,From 25 to 54 years,_Z,Not applicable,A,Annual,2002,,91.88828,,,,A,Normal value,0,Units,1,One
DATAFLOW,OECD.SDD.TPS:DSD_LFS@DF_IALFS_LF_WAP_Q(1.0),Labour force participation rate,I,KOR,Korea,LF_WAP,Labour force participation rate,PT_WAP_SUB,Percentage of working age population in the same subgroup,_Z,Not applicable,N,Neither seasonally adjusted nor calendar adjusted,M,Male,Y25T54,From 25 to 54 years,_Z,Not applicable,A,Annual,2001,,91.78284,,,,A,Normal value,0,Units,1,One
DATAFLOW,OECD.SDD.TPS:DSD_LFS@DF_IALFS_LF_WAP_Q(1.0),Labour force participation rate,I,KOR,Korea,LF_WAP,Labour force participation rate,PT_WAP_SUB,Percentage of working age population in the same subgroup,_Z,Not applicable,N,Neither seasonally adjusted nor calendar adjusted,M,Male,Y25T54,From 25 to 54 years,_Z,Not applicable,A,Annual,2000,,92.20226,,,,A,Normal value,0,Units,1,One
DATAFLOW,OECD.SDD.TPS:DSD_LFS@DF_IALFS_LF_WAP_Q(1.0),Labour force participation rate,I,KOR,Korea,LF_WAP,Labour force participation rate,PT_WAP_SUB,Percentage of working age population in the same subgroup,_Z,Not applicable,N,Neither seasonally adjusted nor calendar adjusted,F,Female,Y25T54,From 25 to 54 years,_Z,Not applicable,A,Annual,2025,,72.81075,,,,A,Normal value,0,Units,1,One
DATAFLOW,OECD.SDD.TPS:DSD_LFS@DF_IALFS_LF_WAP_Q(1.0),Labour force participation rate,I,KOR,Korea,LF_WAP,Labour force participation rate,PT_WAP_SUB,Percentage of working age population in the same subgroup,_Z,Not applicable,N,Neither seasonally adjusted nor calendar adjusted,F,Female,Y25T54,From 25 to 54 years,_Z,Not applicable,A,Annual,2024,,71.64096,,,,A,Normal value,0,Units,1,One
DATAFLOW,OECD.SDD.TPS:DSD_LFS@DF_IALFS_LF_WAP_Q(1.0),Labour force participation rate,I,KOR,Korea,LF_WAP,Labour force participation rate,PT_WAP_SUB,Percentage of working age population in the same subgroup,_Z,Not applicable,N,Neither seasonally adjusted nor calendar adjusted,F,Female,Y25T54,From 25 to 54 years,_Z,Not applicable,A,Annual,2023,,70.37383,,,,A,Normal value,0,Units,1,One
DATAFLOW,OECD.SDD.TPS:DSD_LFS@DF_IALFS_LF_WAP_Q(1.0),Labour force participation rate,I,KOR,Korea,LF_WAP,Labour force participation rate,PT_WAP_SUB,Percentage of working age population in the same subgroup,_Z,Not applicable,N,Neither seasonally adjusted nor calendar adjusted,F,Female,Y25T54,From 25 to 54 years,_Z,Not applicable,A,Annual,2022,,68.897,,,,A,Normal value,0,Units,1,One
DATAFLOW,OECD.SDD.TPS:DSD_LFS@DF_IALFS_LF_WAP_Q(1.0),Labour force participation rate,I,KOR,Korea,LF_WAP,Labour force participation rate,PT_WAP_SUB,Percentage of working age population in the same subgroup,_Z,Not applicable,N,Neither seasonally adjusted nor calendar adjusted,F,Female,Y25T54,From 25 to 54 years,_Z,Not applicable,A,Annual,2021,,67.17694,,,,A,Normal value,0,Units,1,One
DATAFLOW,OECD.SDD.TPS:DSD_LFS@DF_IALFS_LF_WAP_Q(1.0),Labour force participation rate,I,KOR,Korea,LF_WAP,Labour force participation rate,PT_WAP_SUB,Percentage of working age population in the same subgroup,_Z,Not applicable,N,Neither seasonally adjusted nor calendar adjusted,F,Female,Y25T54,From 25 to 54 years,_Z,Not applicable,A,Annual,2020,,66.59301,,,,A,Normal value,0,Units,1,One
DATAFLOW,OECD.SDD.TPS:DSD_LFS@DF_IALFS_LF_WAP_Q(1.0),Labour force participation rate,I,KOR,Korea,LF_WAP,Labour force participation rate,PT_WAP_SUB,Percentage of working age population in the same subgroup,_Z,Not applicable,N,Neither seasonally adjusted nor calendar adjusted,F,Female,Y25T54,From 25 to 54 years,_Z,Not applicable,A,Annual,2019,,67.83964,,,,A,Normal value,0,Units,1,One
DATAFLOW,OECD.SDD.TPS:DSD_LFS@DF_IALFS_LF_WAP_Q(1.0),Labour force participation rate,I,KOR,Korea,LF_WAP,Labour force participation rate,PT_WAP_SUB,Percentage of working age population in the same subgroup,_Z,Not applicable,N,Neither seasonally adjusted nor calendar adjusted,F,Female,Y25T54,From 25 to 54 years,_Z,Not applicable,A,Annual,2018,,67.37627,,,,A,Normal value,0,Units,1,One
DATAFLOW,OECD.SDD.TPS:DSD_LFS@DF_IALFS_LF_WAP_Q(1.0),Labour force participation rate,I,KOR,Korea,LF_WAP,Labour force participation rate,PT_WAP_SUB,Percentage of working age population in the same subgroup,_Z,Not applicable,N,Neither seasonally adjusted nor calendar adjusted,F,Female,Y25T54,From 25 to 54 years,_Z,Not applicable,A,Annual,2017,,66.64085,,,,A,Normal value,0,Units,1,One
DATAFLOW,OECD.SDD.TPS:DSD_LFS@DF_IALFS_LF_WAP_Q(1.0),Labour force participation rate,I,KOR,Korea,LF_WAP,Labour force participation rate,PT_WAP_SUB,Percentage of working age population in the same subgroup,_Z,Not applicable,N,Neither seasonally adjusted nor calendar adjusted,F,Female,Y25T54,From 25 to 54 years,_Z,Not applicable,A,Annual,2016,,65.94443,,,,A,Normal value,0,Units,1,One
DATAFLOW,OECD.SDD.TPS:DSD_LFS@DF_IALFS_LF_WAP_Q(1.0),Labour force participation rate,I,KOR,Korea,LF_WAP,Labour force participation rate,PT_WAP_SUB,Percentage of working age population in the same subgroup,_Z,Not applicable,N,Neither seasonally adjusted nor calendar adjusted,F,Female,Y25T54,From 25 to 54 years,_Z,Not applicable,A,Annual,2015,,65.37897,,,,A,Normal value,0,Units,1,One
DATAFLOW,OECD.SDD.TPS:DSD_LFS@DF_IALFS_LF_WAP_Q(1.0),Labour force participation rate,I,KOR,Korea,LF_WAP,Labour force participation rate,PT_WAP_SUB,Percentage of working age population in the same subgroup,_Z,Not applicable,N,Neither seasonally adjusted nor calendar adjusted,F,Female,Y25T54,From 25 to 54 years,_Z,Not applicable,A,Annual,2014,,64.75266,,,,A,Normal value,0,Units,1,One
DATAFLOW,OECD.SDD.TPS:DSD_LFS@DF_IALFS_LF_WAP_Q(1.0),Labour force participation rate,I,KOR,Korea,LF_WAP,Labour force participation rate,PT_WAP_SUB,Percentage of working age population in the same subgroup,_Z,Not applicable,N,Neither seasonally adjusted nor calendar adjusted,_T,Total,Y15T64,From 15 to 64 years,_Z,Not applicable,A,Annual,2007,,66.41315,,,,A,Normal value,0,Units,1,One
DATAFLOW,OECD.SDD.TPS:DSD_LFS@DF_IALFS_LF_WAP_Q(1.0),Labour force participation rate,I,KOR,Korea,LF_WAP,Labour force participation rate,PT_WAP_SUB,Percentage of working age population in the same subgroup,_Z,Not applicable,N,Neither seasonally adjusted nor calendar adjusted,_T,Total,Y15T64,From 15 to 64 years,_Z,Not applicable,A,Annual,2006,,66.39596,,,,A,Normal value,0,Units,1,One
DATAFLOW,OECD.SDD.TPS:DSD_LFS@DF_IALFS_LF_WAP_Q(1.0),Labour force participation rate,I,KOR,Korea,LF_WAP,Labour force participation rate,PT_WAP_SUB,Percentage of working age population in the same subgroup,_Z,Not applicable,N,Neither seasonally adjusted nor calendar adjusted,_T,Total,Y15T64,From 15 to 64 years,_Z,Not applicable,A,Annual,2005,,66.34537,,,,A,Normal value,0,Units,1,One
DATAFLOW,OECD.SDD.TPS:DSD_LFS@DF_IALFS_LF_WAP_Q(1.0),Labour force participation rate,I,KOR,Korea,LF_WAP,Labour force participation rate,PT_WAP_SUB,Percentage of working age population in the same subgroup,_Z,Not applicable,N,Neither seasonally adjusted nor calendar adjusted,_T,Total,Y15T64,From 15 to 64 years,_Z,Not applicable,A,Annual,2004,,66.30318,,,,A,Normal value,0,Units,1,One
DATAFLOW,OECD.SDD.TPS:DSD_LFS@DF_IALFS_LF_WAP_Q(1.0),Labour force participation rate,I,KOR,Korea,LF_WAP,Labour force participation rate,PT_WAP_SUB,Percentage of working age population in the same subgroup,_Z,Not applicable,N,Neither seasonally adjusted nor calendar adjusted,_T,Total,Y15T64,From 15 to 64 years,_Z,Not applicable,A,Annual,2003,,65.47335,,,,A,Normal value,0,Units,1,One
DATAFLOW,OECD.SDD.TPS:DSD_LFS@DF_IALFS_LF_WAP_Q(1.0),Labour force participation rate,I,KOR,Korea,LF_WAP,Labour force participation rate,PT_WAP_SUB,Percentage of working age population in the same subgroup,_Z,Not applicable,N,Neither seasonally adjusted nor calendar adjusted,_T,Total,Y15T64,From 15 to 64 years,_Z,Not applicable,A,Annual,2002,,65.64527,,,,A,Normal value,0,Units,1,One
DATAFLOW,OECD.SDD.TPS:DSD_LFS@DF_IALFS_LF_WAP_Q(1.0),Labour force participation rate,I,KOR,Korea,LF_WAP,Labour force participation rate,PT_WAP_SUB,Percentage of working age population in the same subgroup,_Z,Not applicable,N,Neither seasonally adjusted nor calendar adjusted,_T,Total,Y15T64,From 15 to 64 years,_Z,Not applicable,A,Annual,2001,,64.90871,,,,A,Normal value,0,Units,1,One
DATAFLOW,OECD.SDD.TPS:DSD_LFS@DF_IALFS_LF_WAP_Q(1.0),Labour force participation rate,I,KOR,Korea,LF_WAP,Labour force participation rate,PT_WAP_SUB,Percentage of working age population in the same subgroup,_Z,Not applicable,N,Neither seasonally adjusted nor calendar adjusted,_T,Total,Y25T54,From 25 to 54 years,_Z,Not applicable,A,Annual,2008,,76.58384,,,,A,Normal value,0,Units,1,One
DATAFLOW,OECD.SDD.TPS:DSD_LFS@DF_IALFS_LF_WAP_Q(1.0),Labour force participation rate,I,KOR,Korea,LF_WAP,Labour force participation rate,PT_WAP_SUB,Percentage of working age population in the same subgroup,_Z,Not applicable,N,Neither seasonally adjusted nor calendar adjusted,_T,Total,Y25T54,From 25 to 54 years,_Z,Not applicable,A,Annual,2007,,76.48026,,,,A,Normal value,0,Units,1,One
DATAFLOW,OECD.SDD.TPS:DSD_LFS@DF_IALFS_LF_WAP_Q(1.0),Labour force participation rate,I,KOR,Korea,LF_WAP,Labour force participation rate,PT_WAP_SUB,Percentage of working age population in the same subgroup,_Z,Not applicable,N,Neither seasonally adjusted nor calendar adjusted,_T,Total,Y55T64,From 55 to 64 years,_Z,Not applicable,A,Annual,2025,,72.00726,,,,A,Normal value,0,Units,1,One
DATAFLOW,OECD.SDD.TPS:DSD_LFS@DF_IALFS_LF_WAP_Q(1.0),Labour force participation rate,I,KOR,Korea,LF_WAP,Labour force participation rate,PT_WAP_SUB,Percentage of working age population in the same subgroup,_Z,Not applicable,N,Neither seasonally adjusted nor calendar adjusted,_T,Total,Y55T64,From 55 to 64 years,_Z,Not applicable,A,Annual,2024,,71.6188,,,,A,Normal value,0,Units,1,One
DATAFLOW,OECD.SDD.TPS:DSD_LFS@DF_IALFS_LF_WAP_Q(1.0),Labour force participation rate,I,KOR,Korea,LF_WAP,Labour force participation rate,PT_WAP_SUB,Percentage of working age population in the same subgroup,_Z,Not applicable,N,Neither seasonally adjusted nor calendar adjusted,_T,Total,Y55T64,From 55 to 64 years,_Z,Not applicable,A,Annual,2023,,71.37793,,,,A,Normal value,0,Units,1,One
DATAFLOW,OECD.SDD.TPS:DSD_LFS@DF_IALFS_LF_WAP_Q(1.0),Labour force participation rate,I,KOR,Korea,LF_WAP,Labour force participation rate,PT_WAP_SUB,Percentage of working age population in the same subgroup,_Z,Not applicable,N,Neither seasonally adjusted nor calendar adjusted,_T,Total,Y55T64,From 55 to 64 years,_Z,Not applicable,A,Annual,2022,,70.33437,,,,A,Normal value,0,Units,1,One
DATAFLOW,OECD.SDD.TPS:DSD_LFS@DF_IALFS_LF_WAP_Q(1.0),Labour force participation rate,I,KOR,Korea,LF_WAP,Labour force participation rate,PT_WAP_SUB,Percentage of working age population in the same subgroup,_Z,Not applicable,N,Neither seasonally adjusted nor calendar adjusted,_T,Total,Y55T64,From 55 to 64 years,_Z,Not applicable,A,Annual,2021,,68.54911,,,,A,Normal value,0,Units,1,One
DATAFLOW,OECD.SDD.TPS:DSD_LFS@DF_IALFS_LF_WAP_Q(1.0),Labour force participation rate,I,KOR,Korea,LF_WAP,Labour force participation rate,PT_WAP_SUB,Percentage of working age population in the same subgroup,_Z,Not applicable,N,Neither seasonally adjusted nor calendar adjusted,_T,Total,Y55T64,From 55 to 64 years,_Z,Not applicable,A,Annual,2020,,68.81527,,,,A,Normal value,0,Units,1,One
DATAFLOW,OECD.SDD.TPS:DSD_LFS@DF_IALFS_LF_WAP_Q(1.0),Labour force participation rate,I,KOR,Korea,LF_WAP,Labour force participation rate,PT_WAP_SUB,Percentage of working age population in the same subgroup,_Z,Not applicable,N,Neither seasonally adjusted nor calendar adjusted,F,Female,Y55T64,From 55 to 64 years,_Z,Not applicable,A,Annual,2008,,47.78863,,,,A,Normal value,0,Units,1,One
DATAFLOW,OECD.SDD.TPS:DSD_LFS@DF_IALFS_LF_WAP_Q(1.0),Labour force participation rate,I,KOR,Korea,LF_WAP,Labour force participation rate,PT_WAP_SUB,Percentage of working age population in the same subgroup,_Z,Not applicable,N,Neither seasonally adjusted nor calendar adjusted,F,Female,Y55T64,From 55 to 64 years,_Z,Not applicable,A,Annual,2007,,47.51127,,,,A,Normal value,0,Units,1,One
DATAFLOW,OECD.SDD.TPS:DSD_LFS@DF_IALFS_LF_WAP_Q(1.0),Labour force participation rate,I,KOR,Korea,LF_WAP,Labour force participation rate,PT_WAP_SUB,Percentage of working age population in the same subgroup,_Z,Not applicable,N,Neither seasonally adjusted nor calendar adjusted,F,Female,Y55T64,From 55 to 64 years,_Z,Not applicable,A,Annual,2006,,47.06443,,,,A,Normal value,0,Units,1,One
DATAFLOW,OECD.SDD.TPS:DSD_LFS@DF_IALFS_LF_WAP_Q(1.0),Labour force participation rate,I,KOR,Korea,LF_WAP,Labour force participation rate,PT_WAP_SUB,Percentage of working age population in the same subgroup,_Z,Not applicable,N,Neither seasonally adjusted nor calendar adjusted,F,Female,Y55T64,From 55 to 64 years,_Z,Not applicable,A,Annual,2005,,46.53036,,,,A,Normal value,0,Units,1,One
DATAFLOW,OECD.SDD.TPS:DSD_LFS@DF_IALFS_LF_WAP_Q(1.0),Labour force participation rate,I,KOR,Korea,LF_WAP,Labour force participation rate,PT_WAP_SUB,Percentage of working age population in the same subgroup,_Z,Not applicable,N,Neither seasonally adjusted nor calendar adjusted,F,Female,Y55T64,From 55 to 64 years,_Z,Not applicable,A,Annual,2004,,47.12252,,,,A,Normal value,0,Units,1,One
DATAFLOW,OECD.SDD.TPS:DSD_LFS@DF_IALFS_LF_WAP_Q(1.0),Labour force participation rate,I,OECD,OECD,LF_WAP,Labour force participation rate,PT_WAP_SUB,Percentage of working age population in the same subgroup,_Z,Not applicable,N,Neither seasonally adjusted nor calendar adjusted,_T,Total,Y15T64,From 15 to 64 years,_Z,Not applicable,A,Annual,2011,,70.49531,,,,E,Estimated value,0,Units,1,One
DATAFLOW,OECD.SDD.TPS:DSD_LFS@DF_IALFS_LF_WAP_Q(1.0),Labour force participation rate,I,OECD,OECD,LF_WAP,Labour force participation rate,PT_WAP_SUB,Percentage of working age population in the same subgroup,_Z,Not applicable,N,Neither seasonally adjusted nor calendar adjusted,M,Male,Y15T24,From 15 to 24 years,_Z,Not applicable,A,Annual,2023,,52.00803,,,,E,Estimated value,0,Units,1,One
DATAFLOW,OECD.SDD.TPS:DSD_LFS@DF_IALFS_LF_WAP_Q(1.0),Labour force participation rate,I,OECD,OECD,LF_WAP,Labour force participation rate,PT_WAP_SUB,Percentage of working age population in the same subgroup,_Z,Not applicable,N,Neither seasonally adjusted nor calendar adjusted,_T,Total,Y15T24,From 15 to 24 years,_Z,Not applicable,A,Annual,2023,,48.67931,,,,E,Estimated value,0,Units,1,One
DATAFLOW,OECD.SDD.TPS:DSD_LFS@DF_IALFS_LF_WAP_Q(1.0),Labour force participation rate,I,OECD,OECD,LF_WAP,Labour force participation rate,PT_WAP_SUB,Percentage of working age population in the same subgroup,_Z,Not applicable,N,Neither seasonally adjusted nor calendar adjusted,F,Female,Y15T24,From 15 to 24 years,_Z,Not applicable,A,Annual,2023,,45.24389,,,,E,Estimated value,0,Units,1,One
DATAFLOW,OECD.SDD.TPS:DSD_LFS@DF_IALFS_LF_WAP_Q(1.0),Labour force participation rate,I,OECD,OECD,LF_WAP,Labour force participation rate,PT_WAP_SUB,Percentage of working age population in the same subgroup,_Z,Not applicable,N,Neither seasonally adjusted nor calendar adjusted,M,Male,Y15T24,From 15 to 24 years,_Z,Not applicable,A,Annual,2022,,51.55848,,,,E,Estimated value,0,Units,1,One
DATAFLOW,OECD.SDD.TPS:DSD_LFS@DF_IALFS_LF_WAP_Q(1.0),Labour force participation rate,I,OECD,OECD,LF_WAP,Labour force participation rate,PT_WAP_SUB,Percentage of working age population in the same subgroup,_Z,Not applicable,N,Neither seasonally adjusted nor calendar adjusted,_T,Total,Y15T24,From 15 to 24 years,_Z,Not applicable,A,Annual,2022,,47.98264,,,,E,Estimated value,0,Units,1,One
DATAFLOW,OECD.SDD.TPS:DSD_LFS@DF_IALFS_LF_WAP_Q(1.0),Labour force participation rate,I,OECD,OECD,LF_WAP,Labour force participation rate,PT_WAP_SUB,Percentage of working age population in the same subgroup,_Z,Not applicable,N,Neither seasonally adjusted nor calendar adjusted,F,Female,Y15T24,From 15 to 24 years,_Z,Not applicable,A,Annual,2022,,44.31235,,,,E,Estimated value,0,Units,1,One
DATAFLOW,OECD.SDD.TPS:DSD_LFS@DF_IALFS_LF_WAP_Q(1.0),Labour force participation rate,I,OECD,OECD,LF_WAP,Labour force participation rate,PT_WAP_SUB,Percentage of working age population in the same subgroup,_Z,Not applicable,N,Neither seasonally adjusted nor calendar adjusted,M,Male,Y15T24,From 15 to 24 years,_Z,Not applicable,A,Annual,2021,,50.61578,,,,E,Estimated value,0,Units,1,One
DATAFLOW,OECD.SDD.TPS:DSD_LFS@DF_IALFS_LF_WAP_Q(1.0),Labour force participation rate,I,OECD,OECD,LF_WAP,Labour force participation rate,PT_WAP_SUB,Percentage of working age population in the same subgroup,_Z,Not applicable,N,Neither seasonally adjusted nor calendar adjusted,_T,Total,Y15T24,From 15 to 24 years,_Z,Not applicable,A,Annual,2021,,47.06939,,,,E,Estimated value,0,Units,1,One
DATAFLOW,OECD.SDD.TPS:DSD_LFS@DF_IALFS_LF_WAP_Q(1.0),Labour force participation rate,I,OECD,OECD,LF_WAP,Labour force participation rate,PT_WAP_SUB,Percentage of working age population in the same subgroup,_Z,Not applicable,N,Neither seasonally adjusted nor calendar adjusted,F,Female,Y15T24,From 15 to 24 years,_Z,Not applicable,A,Annual,2021,,43.41707,,,,E,Estimated value,0,Units,1,One
DATAFLOW,OECD.SDD.TPS:DSD_LFS@DF_IALFS_LF_WAP_Q(1.0),Labour force participation rate,I,OECD,OECD,LF_WAP,Labour force participation rate,PT_WAP_SUB,Percentage of working age population in the same subgroup,_Z,Not applicable,N,Neither seasonally adjusted nor calendar adjusted,M,Male,Y15T24,From 15 to 24 years,_Z,Not applicable,A,Annual,2020,,49.09985,,,,E,Estimated value,0,Units,1,One
DATAFLOW,OECD.SDD.TPS:DSD_LFS@DF_IALFS_LF_WAP_Q(1.0),Labour force participation rate,I,OECD,OECD,LF_WAP,Labour force participation rate,PT_WAP_SUB,Percentage of working age population in the same subgroup,_Z,Not applicable,N,Neither seasonally adjusted nor calendar adjusted,_T,Total,Y15T24,From 15 to 24 years,_Z,Not applicable,A,Annual,2020,,45.61542,,,,E,Estimated value,0,Units,1,One
DATAFLOW,OECD.SDD.TPS:DSD_LFS@DF_IALFS_LF_WAP_Q(1.0),Labour force participation rate,I,OECD,OECD,LF_WAP,Labour force participation rate,PT_WAP_SUB,Percentage of working age population in the same subgroup,_Z,Not applicable,N,Neither seasonally adjusted nor calendar adjusted,F,Female,Y15T24,From 15 to 24 years,_Z,Not applicable,A,Annual,2020,,42.07129,,,,E,Estimated value,0,Units,1,One
DATAFLOW,OECD.SDD.TPS:DSD_LFS@DF_IALFS_LF_WAP_Q(1.0),Labour force participation rate,I,OECD,OECD,LF_WAP,Labour force participation rate,PT_WAP_SUB,Percentage of working age population in the same subgroup,_Z,Not applicable,N,Neither seasonally adjusted nor calendar adjusted,M,Male,Y15T24,From 15 to 24 years,_Z,Not applicable,A,Annual,2019,,51.74133,,,,E,Estimated value,0,Units,1,One
DATAFLOW,OECD.SDD.TPS:DSD_LFS@DF_IALFS_LF_WAP_Q(1.0),Labour force participation rate,I,OECD,OECD,LF_WAP,Labour force participation rate,PT_WAP_SUB,Percentage of working age population in the same subgroup,_Z,Not applicable,N,Neither seasonally adjusted nor calendar adjusted,_T,Total,Y15T24,From 15 to 24 years,_Z,Not applicable,A,Annual,2019,,48.16064,,,,E,Estimated value,0,Units,1,One
DATAFLOW,OECD.SDD.TPS:DSD_LFS@DF_IALFS_LF_WAP_Q(1.0),Labour force participation rate,I,OECD,OECD,LF_WAP,Labour force participation rate,PT_WAP_SUB,Percentage of working age population in the same subgroup,_Z,Not applicable,N,Neither seasonally adjusted nor calendar adjusted,F,Female,Y15T24,From 15 to 24 years,_Z,Not applicable,A,Annual,2019,,44.48063,,,,E,Estimated value,0,Units,1,One
DATAFLOW,OECD.SDD.TPS:DSD_LFS@DF_IALFS_LF_WAP_Q(1.0),Labour force participation rate,I,OECD,OECD,LF_WAP,Labour force participation rate,PT_WAP_SUB,Percentage of working age population in the same subgroup,_Z,Not applicable,N,Neither seasonally adjusted nor calendar adjusted,M,Male,Y15T24,From 15 to 24 years,_Z,Not applicable,A,Annual,2018,,51.51819,,,,E,Estimated value,0,Units,1,One
DATAFLOW,OECD.SDD.TPS:DSD_LFS@DF_IALFS_LF_WAP_Q(1.0),Labour force participation rate,I,OECD,OECD,LF_WAP,Labour force participation rate,PT_WAP_SUB,Percentage of working age population in the same subgroup,_Z,Not applicable,N,Neither seasonally adjusted nor calendar adjusted,_T,Total,Y15T24,From 15 to 24 years,_Z,Not applicable,A,Annual,2018,,47.74444,,,,E,Estimated value,0,Units,1,One
DATAFLOW,OECD.SDD.TPS:DSD_LFS@DF_IALFS_LF_WAP_Q(1.0),Labour force participation rate,I,OECD,OECD,LF_WAP,Labour force participation rate,PT_WAP_SUB,Percentage of working age population in the same subgroup,_Z,Not applicable,N,Neither seasonally adjusted nor calendar adjusted,F,Female,Y15T24,From 15 to 24 years,_Z,Not applicable,A,Annual,2018,,43.85563,,,,E,Estimated value,0,Units,1,One
DATAFLOW,OECD.SDD.TPS:DSD_LFS@DF_IALFS_LF_WAP_Q(1.0),Labour force participation rate,I,OECD,OECD,LF_WAP,Labour force participation rate,PT_WAP_SUB,Percentage of working age population in the same subgroup,_Z,Not applicable,N,Neither seasonally adjusted nor calendar adjusted,M,Male,Y15T24,From 15 to 24 years,_Z,Not applicable,A,Annual,2017,,51.35758,,,,E,Estimated value,0,Units,1,One
DATAFLOW,OECD.SDD.TPS:DSD_LFS@DF_IALFS_LF_WAP_Q(1.0),Labour force participation rate,I,OECD,OECD,LF_WAP,Labour force participation rate,PT_WAP_SUB,Percentage of working age population in the same subgroup,_Z,Not applicable,N,Neither seasonally adjusted nor calendar adjusted,_T,Total,Y15T24,From 15 to 24 years,_Z,Not applicable,A,Annual,2017,,47.5489,,,,E,Estimated value,0,Units,1,One
DATAFLOW,OECD.SDD.TPS:DSD_LFS@DF_IALFS_LF_WAP_Q(1.0),Labour force participation rate,I,OECD,OECD,LF_WAP,Labour force participation rate,PT_WAP_SUB,Percentage of working age population in the same subgroup,_Z,Not applicable,N,Neither seasonally adjusted nor calendar adjusted,F,Female,Y15T24,From 15 to 24 years,_Z,Not applicable,A,Annual,2017,,43.62779,,,,E,Estimated value,0,Units,1,One
DATAFLOW,OECD.SDD.TPS:DSD_LFS@DF_IALFS_LF_WAP_Q(1.0),Labour force participation rate,I,OECD,OECD,LF_WAP,Labour force participation rate,PT_WAP_SUB,Percentage of working age population in the same subgroup,_Z,Not applicable,N,Neither seasonally adjusted nor calendar adjusted,M,Male,Y15T24,From 15 to 24 years,_Z,Not applicable,A,Annual,2016,,51.34849,,,,E,Estimated value,0,Units,1,One
DATAFLOW,OECD.SDD.TPS:DSD_LFS@DF_IALFS_LF_WAP_Q(1.0),Labour force participation rate,I,OECD,OECD,LF_WAP,Labour force participation rate,PT_WAP_SUB,Percentage of working age population in the same subgroup,_Z,Not applicable,N,Neither seasonally adjusted nor calendar adjusted,_T,Total,Y15T24,From 15 to 24 years,_Z,Not applicable,A,Annual,2016,,47.45502,,,,E,Estimated value,0,Units,1,One
DATAFLOW,OECD.SDD.TPS:DSD_LFS@DF_IALFS_LF_WAP_Q(1.0),Labour force participation rate,I,OECD,OECD,LF_WAP,Labour force participation rate,PT_WAP_SUB,Percentage of working age population in the same subgroup,_Z,Not applicable,N,Neither seasonally adjusted nor calendar adjusted,F,Female,Y15T24,From 15 to 24 years,_Z,Not applicable,A,Annual,2016,,43.45433,,,,E,Estimated value,0,Units,1,One
DATAFLOW,OECD.SDD.TPS:DSD_LFS@DF_IALFS_LF_WAP_Q(1.0),Labour force participation rate,I,OECD,OECD,LF_WAP,Labour force participation rate,PT_WAP_SUB,Percentage of working age population in the same subgroup,_Z,Not applicable,N,Neither seasonally adjusted nor calendar adjusted,M,Male,Y15T24,From 15 to 24 years,_Z,Not applicable,A,Annual,2015,,51.39393,,,,E,Estimated value,0,Units,1,One
DATAFLOW,OECD.SDD.TPS:DSD_LFS@DF_IALFS_LF_WAP_Q(1.0),Labour force participation rate,I,OECD,OECD,LF_WAP,Labour force participation rate,PT_WAP_SUB,Percentage of working age population in the same subgroup,_Z,Not applicable,N,Neither seasonally adjusted nor calendar adjusted,_T,Total,Y15T24,From 15 to 24 years,_Z,Not applicable,A,Annual,2015,,47.39327,,,,E,Estimated value,0,Units,1,One
DATAFLOW,OECD.SDD.TPS:DSD_LFS@DF_IALFS_LF_WAP_Q(1.0),Labour force participation rate,I,OECD,OECD,LF_WAP,Labour force participation rate,PT_WAP_SUB,Percentage of working age population in the same subgroup,_Z,Not applicable,N,Neither seasonally adjusted nor calendar adjusted,F,Female,Y15T24,From 15 to 24 years,_Z,Not applicable,A,Annual,2015,,43.28602,,,,E,Estimated value,0,Units,1,One
DATAFLOW,OECD.SDD.TPS:DSD_LFS@DF_IALFS_LF_WAP_Q(1.0),Labour force participation rate,I,OECD,OECD,LF_WAP,Labour force participation rate,PT_WAP_SUB,Percentage of working age population in the same subgroup,_Z,Not applicable,N,Neither seasonally adjusted nor calendar adjusted,M,Male,Y15T24,From 15 to 24 years,_Z,Not applicable,A,Annual,2014,,51.5631,,,,E,Estimated value,0,Units,1,One
DATAFLOW,OECD.SDD.TPS:DSD_LFS@DF_IALFS_LF_WAP_Q(1.0),Labour force participation rate,I,OECD,OECD,LF_WAP,Labour force participation rate,PT_WAP_SUB,Percentage of working age population in the same subgroup,_Z,Not applicable,N,Neither seasonally adjusted nor calendar adjusted,_T,Total,Y15T24,From 15 to 24 years,_Z,Not applicable,A,Annual,2014,,47.42657,,,,E,Estimated value,0,Units,1,One
DATAFLOW,OECD.SDD.TPS:DSD_LFS@DF_IALFS_LF_WAP_Q(1.0),Labour force participation rate,I,OECD,OECD,LF_WAP,Labour force participation rate,PT_WAP_SUB,Percentage of working age population in the same subgroup,_Z,Not applicable,N,Neither seasonally adjusted nor calendar adjusted,F,Female,Y15T24,From 15 to 24 years,_Z,Not applicable,A,Annual,2014,,43.18277,,,,E,Estimated value,0,Units,1,One
DATAFLOW,OECD.SDD.TPS:DSD_LFS@DF_IALFS_LF_WAP_Q(1.0),Labour force participation rate,I,OECD,OECD,LF_WAP,Labour force participation rate,PT_WAP_SUB,Percentage of working age population in the same subgroup,_Z,Not applicable,N,Neither seasonally adjusted nor calendar adjusted,M,Male,Y15T24,From 15 to 24 years,_Z,Not applicable,A,Annual,2013,,51.54633,,,,E,Estimated value,0,Units,1,One
DATAFLOW,OECD.SDD.TPS:DSD_LFS@DF_IALFS_LF_WAP_Q(1.0),Labour force participation rate,I,OECD,OECD,LF_WAP,Labour force participation rate,PT_WAP_SUB,Percentage of working age population in the same subgroup,_Z,Not applicable,N,Neither seasonally adjusted nor calendar adjusted,_T,Total,Y15T24,From 15 to 24 years,_Z,Not applicable,A,Annual,2013,,47.437,,,,E,Estimated value,0,Units,1,One
DATAFLOW,OECD.SDD.TPS:DSD_LFS@DF_IALFS_LF_WAP_Q(1.0),Labour force participation rate,I,OECD,OECD,LF_WAP,Labour force participation rate,PT_WAP_SUB,Percentage of working age population in the same subgroup,_Z,Not applicable,N,Neither seasonally adjusted nor calendar adjusted,F,Female,Y15T24,From 15 to 24 years,_Z,Not applicable,A,Annual,2013,,43.24427,,,,E,Estimated value,0,Units,1,One
DATAFLOW,OECD.SDD.TPS:DSD_LFS@DF_IALFS_LF_WAP_Q(1.0),Labour force participation rate,I,OECD,OECD,LF_WAP,Labour force participation rate,PT_WAP_SUB,Percentage of working age population in the same subgroup,_Z,Not applicable,N,Neither seasonally adjusted nor calendar adjusted,M,Male,Y15T24,From 15 to 24 years,_Z,Not applicable,A,Annual,2012,,51.79182,,,,E,Estimated value,0,Units,1,One
DATAFLOW,OECD.SDD.TPS:DSD_LFS@DF_IALFS_LF_WAP_Q(1.0),Labour force participation rate,I,OECD,OECD,LF_WAP,Labour force participation rate,PT_WAP_SUB,Percentage of working age population in the same subgroup,_Z,Not applicable,N,Neither seasonally adjusted nor calendar adjusted,_T,Total,Y15T24,From 15 to 24 years,_Z,Not applicable,A,Annual,2012,,47.51608,,,,E,Estimated value,0,Units,1,One
DATAFLOW,OECD.SDD.TPS:DSD_LFS@DF_IALFS_LF_WAP_Q(1.0),Labour force participation rate,I,OECD,OECD,LF_WAP,Labour force participation rate,PT_WAP_SUB,Percentage of working age population in the same subgroup,_Z,Not applicable,N,Neither seasonally adjusted nor calendar adjusted,F,Female,Y15T24,From 15 to 24 years,_Z,Not applicable,A,Annual,2012,,43.1592,,,,E,Estimated value,0,Units,1,One
DATAFLOW,OECD.SDD.TPS:DSD_LFS@DF_IALFS_LF_WAP_Q(1.0),Labour force participation rate,I,OECD,OECD,LF_WAP,Labour force participation rate,PT_WAP_SUB,Percentage of working age population in the same subgroup,_Z,Not applicable,N,Neither seasonally adjusted nor calendar adjusted,M,Male,Y15T24,From 15 to 24 years,_Z,Not applicable,A,Annual,2011,,51.77372,,,,E,Estimated value,0,Units,1,One
DATAFLOW,OECD.SDD.TPS:DSD_LFS@DF_IALFS_LF_WAP_Q(1.0),Labour force participation rate,I,OECD,OECD,LF_WAP,Labour force participation rate,PT_WAP_SUB,Percentage of working age population in the same subgroup,_Z,Not applicable,N,Neither seasonally adjusted nor calendar adjusted,_T,Total,Y15T24,From 15 to 24 years,_Z,Not applicable,A,Annual,2011,,47.43761,,,,E,Estimated value,0,Units,1,One
DATAFLOW,OECD.SDD.TPS:DSD_LFS@DF_IALFS_LF_WAP_Q(1.0),Labour force participation rate,I,OECD,OECD,LF_WAP,Labour force participation rate,PT_WAP_SUB,Percentage of working age population in the same subgroup,_Z,Not applicable,N,Neither seasonally adjusted nor calendar adjusted,F,Female,Y15T24,From 15 to 24 years,_Z,Not applicable,A,Annual,2011,,43.0276,,,,E,Estimated value,0,Units,1,One
DATAFLOW,OECD.SDD.TPS:DSD_LFS@DF_IALFS_LF_WAP_Q(1.0),Labour force participation rate,I,OECD,OECD,LF_WAP,Labour force participation rate,PT_WAP_SUB,Percentage of working age population in the same subgroup,_Z,Not applicable,N,Neither seasonally adjusted nor calendar adjusted,M,Male,Y_GE15,15 years or over,_Z,Not applicable,A,Annual,2020,,67.62528,,,,E,Estimated value,0,Units,1,One
DATAFLOW,OECD.SDD.TPS:DSD_LFS@DF_IALFS_LF_WAP_Q(1.0),Labour force participation rate,I,OECD,OECD,LF_WAP,Labour force participation rate,PT_WAP_SUB,Percentage of working age population in the same subgroup,_Z,Not applicable,N,Neither seasonally adjusted nor calendar adjusted,F,Female,Y_GE15,15 years or over,_Z,Not applicable,A,Annual,2020,,51.52314,,,,E,Estimated value,0,Units,1,One
DATAFLOW,OECD.SDD.TPS:DSD_LFS@DF_IALFS_LF_WAP_Q(1.0),Labour force participation rate,I,OECD,OECD,LF_WAP,Labour force participation rate,PT_WAP_SUB,Percentage of working age population in the same subgroup,_Z,Not applicable,N,Neither seasonally adjusted nor calendar adjusted,_T,Total,Y_GE15,15 years or over,_Z,Not applicable,A,Annual,2020,,59.32954,,,,E,Estimated value,0,Units,1,One
DATAFLOW,OECD.SDD.TPS:DSD_LFS@DF_IALFS_LF_WAP_Q(1.0),Labour force participation rate,I,OECD,OECD,LF_WAP,Labour force participation rate,PT_WAP_SUB,Percentage of working age population in the same subgroup,_Z,Not applicable,N,Neither seasonally adjusted nor calendar adjusted,M,Male,Y_GE15,15 years or over,_Z,Not applicable,A,Annual,2010,,69.92351,,,,E,Estimated value,0,Units,1,One
DATAFLOW,OECD.SDD.TPS:DSD_LFS@DF_IALFS_LF_WAP_Q(1.0),Labour force participation rate,I,OECD,OECD,LF_WAP,Labour force participation rate,PT_WAP_SUB,Percentage of working age population in the same subgroup,_Z,Not applicable,N,Neither seasonally adjusted nor calendar adjusted,F,Female,Y_GE15,15 years or over,_Z,Not applicable,A,Annual,2010,,51.09322,,,,E,Estimated value,0,Units,1,One
DATAFLOW,OECD.SDD.TPS:DSD_LFS@DF_IALFS_LF_WAP_Q(1.0),Labour force participation rate,I,OECD,OECD,LF_WAP,Labour force participation rate,PT_WAP_SUB,Percentage of working age population in the same subgroup,_Z,Not applicable,N,Neither seasonally adjusted nor calendar adjusted,_T,Total,Y_GE15,15 years or over,_Z,Not applicable,A,Annual,2010,,60.20455,,,,E,Estimated value,0,Units,1,One
DATAFLOW,OECD.SDD.TPS:DSD_LFS@DF_IALFS_LF_WAP_Q(1.0),Labour force participation rate,I,OECD,OECD,LF_WAP,Labour force participation rate,PT_WAP_SUB,Percentage of working age population in the same subgroup,_Z,Not applicable,N,Neither seasonally adjusted nor calendar adjusted,M,Male,Y_GE15,15 years or over,_Z,Not applicable,A,Annual,2009,,70.1777,,,,E,Estimated value,0,Units,1,One
DATAFLOW,OECD.SDD.TPS:DSD_LFS@DF_IALFS_LF_WAP_Q(1.0),Labour force participation rate,I,OECD,OECD,LF_WAP,Labour force participation rate,PT_WAP_SUB,Percentage of working age population in the same subgroup,_Z,Not applicable,N,Neither seasonally adjusted nor calendar adjusted,_T,Total,Y_GE15,15 years or over,_Z,Not applicable,A,Annual,2009,,60.27896,,,,E,Estimated value,0,Units,1,One
DATAFLOW,OECD.SDD.TPS:DSD_LFS@DF_IALFS_LF_WAP_Q(1.0),Labour force participation rate,I,OECD,OECD,LF_WAP,Labour force participation rate,PT_WAP_SUB,Percentage of working age population in the same subgroup,_Z,Not applicable,N,Neither seasonally adjusted nor calendar adjusted,F,Female,Y_GE15,15 years or over,_Z,Not applicable,A,Annual,2009,,51.00198,,,,E,Estimated value,0,Units,1,One
DATAFLOW,OECD.SDD.TPS:DSD_LFS@DF_IALFS_LF_WAP_Q(1.0),Labour force participation rate,I,OECD,OECD,LF_WAP,Labour force participation rate,PT_WAP_SUB,Percentage of working age population in the same subgroup,_Z,Not applicable,N,Neither seasonally adjusted nor calendar adjusted,M,Male,Y_GE15,15 years or over,_Z,Not applicable,A,Annual,2007,,70.73273,,,,E,Estimated value,0,Units,1,One
DATAFLOW,OECD.SDD.TPS:DSD_LFS@DF_IALFS_LF_WAP_Q(1.0),Labour force participation rate,I,OECD,OECD,LF_WAP,Labour force participation rate,PT_WAP_SUB,Percentage of working age population in the same subgroup,_Z,Not applicable,N,Neither seasonally adjusted nor calendar adjusted,_T,Total,Y_GE15,15 years or over,_Z,Not applicable,A,Annual,2007,,60.28827,,,,E,Estimated value,0,Units,1,One
DATAFLOW,OECD.SDD.TPS:DSD_LFS@DF_IALFS_LF_WAP_Q(1.0),Labour force participation rate,I,OECD,OECD,LF_WAP,Labour force participation rate,PT_WAP_SUB,Percentage of working age population in the same subgroup,_Z,Not applicable,N,Neither seasonally adjusted nor calendar adjusted,F,Female,Y_GE15,15 years or over,_Z,Not applicable,A,Annual,2007,,50.52557,,,,E,Estimated value,0,Units,1,One
DATAFLOW,OECD.SDD.TPS:DSD_LFS@DF_IALFS_LF_WAP_Q(1.0),Labour force participation rate,I,OECD,OECD,LF_WAP,Labour force participation rate,PT_WAP_SUB,Percentage of working age population in the same subgroup,_Z,Not applicable,N,Neither seasonally adjusted nor calendar adjusted,M,Male,Y_GE15,15 years or over,_Z,Not applicable,A,Annual,2021,,68.2164,,,,B,Time series break,0,Units,1,One
DATAFLOW,OECD.SDD.TPS:DSD_LFS@DF_IALFS_LF_WAP_Q(1.0),Labour force participation rate,I,OECD,OECD,LF_WAP,Labour force participation rate,PT_WAP_SUB,Percentage of working age population in the same subgroup,_Z,Not applicable,N,Neither seasonally adjusted nor calendar adjusted,F,Female,Y_GE15,15 years or over,_Z,Not applicable,A,Annual,2021,,52.04609,,,,B,Time series break,0,Units,1,One
DATAFLOW,OECD.SDD.TPS:DSD_LFS@DF_IALFS_LF_WAP_Q(1.0),Labour force participation rate,I,OECD,OECD,LF_WAP,Labour force participation rate,PT_WAP_SUB,Percentage of working age population in the same subgroup,_Z,Not applicable,N,Neither seasonally adjusted nor calendar adjusted,_T,Total,Y_GE15,15 years or over,_Z,Not applicable,A,Annual,2021,,59.88479,,,,B,Time series break,0,Units,1,One
DATAFLOW,OECD.SDD.TPS:DSD_LFS@DF_IALFS_LF_WAP_Q(1.0),Labour force participation rate,I,OECD,OECD,LF_WAP,Labour force participation rate,PT_WAP_SUB,Percentage of working age population in the same subgroup,_Z,Not applicable,N,Neither seasonally adjusted nor calendar adjusted,M,Male,Y_GE15,15 years or over,_Z,Not applicable,A,Annual,2019,,69.31278,,,,B,Time series break,0,Units,1,One
DATAFLOW,OECD.SDD.TPS:DSD_LFS@DF_IALFS_LF_WAP_Q(1.0),Labour force participation rate,I,OECD,OECD,LF_WAP,Labour force participation rate,PT_WAP_SUB,Percentage of working age population in the same subgroup,_Z,Not applicable,N,Neither seasonally adjusted nor calendar adjusted,F,Female,Y_GE15,15 years or over,_Z,Not applicable,A,Annual,2019,,52.93394,,,,B,Time series break,0,Units,1,One
DATAFLOW,OECD.SDD.TPS:DSD_LFS@DF_IALFS_LF_WAP_Q(1.0),Labour force participation rate,I,OECD,OECD,LF_WAP,Labour force participation rate,PT_WAP_SUB,Percentage of working age population in the same subgroup,_Z,Not applicable,N,Neither seasonally adjusted nor calendar adjusted,_T,Total,Y_GE15,15 years or over,_Z,Not applicable,A,Annual,2019,,60.87273,,,,B,Time series break,0,Units,1,One
DATAFLOW,OECD.SDD.TPS:DSD_LFS@DF_IALFS_LF_WAP_Q(1.0),Labour force participation rate,I,OECD,OECD,LF_WAP,Labour force participation rate,PT_WAP_SUB,Percentage of working age population in the same subgroup,_Z,Not applicable,N,Neither seasonally adjusted nor calendar adjusted,M,Male,Y_GE15,15 years or over,_Z,Not applicable,A,Annual,2017,,69.24757,,,,B,Time series break,0,Units,1,One
DATAFLOW,OECD.SDD.TPS:DSD_LFS@DF_IALFS_LF_WAP_Q(1.0),Labour force participation rate,I,OECD,OECD,LF_WAP,Labour force participation rate,PT_WAP_SUB,Percentage of working age population in the same subgroup,_Z,Not applicable,N,Neither seasonally adjusted nor calendar adjusted,F,Female,Y_GE15,15 years or over,_Z,Not applicable,A,Annual,2017,,52.21264,,,,B,Time series break,0,Units,1,One
DATAFLOW,OECD.SDD.TPS:DSD_LFS@DF_IALFS_LF_WAP_Q(1.0),Labour force participation rate,I,OECD,OECD,LF_WAP,Labour force participation rate,PT_WAP_SUB,Percentage of working age population in the same subgroup,_Z,Not applicable,N,Neither seasonally adjusted nor calendar adjusted,_T,Total,Y_GE15,15 years or over,_Z,Not applicable,A,Annual,2017,,60.4697,,,,B,Time series break,0,Units,1,One
DATAFLOW,OECD.SDD.TPS:DSD_LFS@DF_IALFS_LF_WAP_Q(1.0),Labour force participation rate,I,OECD,OECD,LF_WAP,Labour force participation rate,PT_WAP_SUB,Percentage of working age population in the same subgroup,_Z,Not applicable,N,Neither seasonally adjusted nor calendar adjusted,M,Male,Y_GE15,15 years or over,_Z,Not applicable,A,Annual,2016,,69.22816,,,,B,Time series break,0,Units,1,One
DATAFLOW,OECD.SDD.TPS:DSD_LFS@DF_IALFS_LF_WAP_Q(1.0),Labour force participation rate,I,OECD,OECD,LF_WAP,Labour force participation rate,PT_WAP_SUB,Percentage of working age population in the same subgroup,_Z,Not applicable,N,Neither seasonally adjusted nor calendar adjusted,F,Female,Y_GE15,15 years or over,_Z,Not applicable,A,Annual,2016,,51.93456,,,,B,Time series break,0,Units,1,One
DATAFLOW,OECD.SDD.TPS:DSD_LFS@DF_IALFS_LF_WAP_Q(1.0),Labour force participation rate,I,OECD,OECD,LF_WAP,Labour force participation rate,PT_WAP_SUB,Percentage of working age population in the same subgroup,_Z,Not applicable,N,Neither seasonally adjusted nor calendar adjusted,_T,Total,Y_GE15,15 years or over,_Z,Not applicable,A,Annual,2016,,60.31472,,,,B,Time series break,0,Units,1,One
DATAFLOW,OECD.SDD.TPS:DSD_LFS@DF_IALFS_LF_WAP_Q(1.0),Labour force participation rate,I,OECD,OECD,LF_WAP,Labour force participation rate,PT_WAP_SUB,Percentage of working age population in the same subgroup,_Z,Not applicable,N,Neither seasonally adjusted nor calendar adjusted,M,Male,Y_GE15,15 years or over,_Z,Not applicable,A,Annual,2015,,69.16321,,,,B,Time series break,0,Units,1,One
DATAFLOW,OECD.SDD.TPS:DSD_LFS@DF_IALFS_LF_WAP_Q(1.0),Labour force participation rate,I,OECD,OECD,LF_WAP,Labour force participation rate,PT_WAP_SUB,Percentage of working age population in the same subgroup,_Z,Not applicable,N,Neither seasonally adjusted nor calendar adjusted,F,Female,Y_GE15,15 years or over,_Z,Not applicable,A,Annual,2015,,51.64419,,,,B,Time series break,0,Units,1,One
DATAFLOW,OECD.SDD.TPS:DSD_LFS@DF_IALFS_LF_WAP_Q(1.0),Labour force participation rate,I,OECD,OECD,LF_WAP,Labour force participation rate,PT_WAP_SUB,Percentage of working age population in the same subgroup,_Z,Not applicable,N,Neither seasonally adjusted nor calendar adjusted,_T,Total,Y_GE15,15 years or over,_Z,Not applicable,A,Annual,2015,,60.12869,,,,B,Time series break,0,Units,1,One
DATAFLOW,OECD.SDD.TPS:DSD_LFS@DF_IALFS_LF_WAP_Q(1.0),Labour force participation rate,I,OECD,OECD,LF_WAP,Labour force participation rate,PT_WAP_SUB,Percentage of working age population in the same subgroup,_Z,Not applicable,N,Neither seasonally adjusted nor calendar adjusted,M,Male,Y_GE15,15 years or over,_Z,Not applicable,A,Annual,2014,,69.24883,,,,B,Time series break,0,Units,1,One
DATAFLOW,OECD.SDD.TPS:DSD_LFS@DF_IALFS_LF_WAP_Q(1.0),Labour force participation rate,I,OECD,OECD,LF_WAP,Labour force participation rate,PT_WAP_SUB,Percentage of working age population in the same subgroup,_Z,Not applicable,N,Neither seasonally adjusted nor calendar adjusted,F,Female,Y_GE15,15 years or over,_Z,Not applicable,A,Annual,2014,,51.54216,,,,B,Time series break,0,Units,1,One
DATAFLOW,OECD.SDD.TPS:DSD_LFS@DF_IALFS_LF_WAP_Q(1.0),Labour force participation rate,I,OECD,OECD,LF_WAP,Labour force participation rate,PT_WAP_SUB,Percentage of working age population in the same subgroup,_Z,Not applicable,N,Neither seasonally adjusted nor calendar adjusted,_T,Total,Y_GE15,15 years or over,_Z,Not applicable,A,Annual,2014,,60.11538,,,,B,Time series break,0,Units,1,One
DATAFLOW,OECD.SDD.TPS:DSD_LFS@DF_IALFS_LF_WAP_Q(1.0),Labour force participation rate,I,OECD,OECD,LF_WAP,Labour force participation rate,PT_WAP_SUB,Percentage of working age population in the same subgroup,_Z,Not applicable,N,Neither seasonally adjusted nor calendar adjusted,M,Male,Y_GE15,15 years or over,_Z,Not applicable,A,Annual,2013,,69.43958,,,,B,Time series break,0,Units,1,One
DATAFLOW,OECD.SDD.TPS:DSD_LFS@DF_IALFS_LF_WAP_Q(1.0),Labour force participation rate,I,OECD,OECD,LF_WAP,Labour force participation rate,PT_WAP_SUB,Percentage of working age population in the same subgroup,_Z,Not applicable,N,Neither seasonally adjusted nor calendar adjusted,F,Female,Y_GE15,15 years or over,_Z,Not applicable,A,Annual,2013,,51.55507,,,,B,Time series break,0,Units,1,One
DATAFLOW,OECD.SDD.TPS:DSD_LFS@DF_IALFS_LF_WAP_Q(1.0),Labour force participation rate,I,OECD,OECD,LF_WAP,Labour force participation rate,PT_WAP_SUB,Percentage of working age population in the same subgroup,_Z,Not applicable,N,Neither seasonally adjusted nor calendar adjusted,_T,Total,Y_GE15,15 years or over,_Z,Not applicable,A,Annual,2013,,60.20871,,,,B,Time series break,0,Units,1,One
DATAFLOW,OECD.SDD.TPS:DSD_LFS@DF_IALFS_LF_WAP_Q(1.0),Labour force participation rate,I,OECD,OECD,LF_WAP,Labour force participation rate,PT_WAP_SUB,Percentage of working age population in the same subgroup,_Z,Not applicable,N,Neither seasonally adjusted nor calendar adjusted,M,Male,Y_GE15,15 years or over,_Z,Not applicable,A,Annual,2011,,69.7243,,,,B,Time series break,0,Units,1,One
DATAFLOW,OECD.SDD.TPS:DSD_LFS@DF_IALFS_LF_WAP_Q(1.0),Labour force participation rate,I,OECD,OECD,LF_WAP,Labour force participation rate,PT_WAP_SUB,Percentage of working age population in the same subgroup,_Z,Not applicable,N,Neither seasonally adjusted nor calendar adjusted,F,Female,Y_GE15,15 years or over,_Z,Not applicable,A,Annual,2011,,51.16331,,,,B,Time series break,0,Units,1,One
DATAFLOW,OECD.SDD.TPS:DSD_LFS@DF_IALFS_LF_WAP_Q(1.0),Labour force participation rate,I,OECD,OECD,LF_WAP,Labour force participation rate,PT_WAP_SUB,Percentage of working age population in the same subgroup,_Z,Not applicable,N,Neither seasonally adjusted nor calendar adjusted,_T,Total,Y_GE15,15 years or over,_Z,Not applicable,A,Annual,2011,,60.15144,,,,B,Time series break,0,Units,1,One
DATAFLOW,OECD.SDD.TPS:DSD_LFS@DF_IALFS_LF_WAP_Q(1.0),Labour force participation rate,I,KOR,Korea,LF_WAP,Labour force participation rate,PT_WAP_SUB,Percentage of working age population in the same subgroup,_Z,Not applicable,N,Neither seasonally adjusted nor calendar adjusted,M,Male,Y15T64,From 15 to 64 years,_Z,Not applicable,A,Annual,2025,,78.7804,,,,A,Normal value,0,Units,1,One
DATAFLOW,OECD.SDD.TPS:DSD_LFS@DF_IALFS_LF_WAP_Q(1.0),Labour force participation rate,I,KOR,Korea,LF_WAP,Labour force participation rate,PT_WAP_SUB,Percentage of working age population in the same subgroup,_Z,Not applicable,N,Neither seasonally adjusted nor calendar adjusted,M,Male,Y15T64,From 15 to 64 years,_Z,Not applicable,A,Annual,2024,,78.91968,,,,A,Normal value,0,Units,1,One
DATAFLOW,OECD.SDD.TPS:DSD_LFS@DF_IALFS_LF_WAP_Q(1.0),Labour force participation rate,I,KOR,Korea,LF_WAP,Labour force participation rate,PT_WAP_SUB,Percentage of working age population in the same subgroup,_Z,Not applicable,N,Neither seasonally adjusted nor calendar adjusted,M,Male,Y15T64,From 15 to 64 years,_Z,Not applicable,A,Annual,2023,,79.01358,,,,A,Normal value,0,Units,1,One
DATAFLOW,OECD.SDD.TPS:DSD_LFS@DF_IALFS_LF_WAP_Q(1.0),Labour force participation rate,I,KOR,Korea,LF_WAP,Labour force participation rate,PT_WAP_SUB,Percentage of working age population in the same subgroup,_Z,Not applicable,N,Neither seasonally adjusted nor calendar adjusted,M,Male,Y15T64,From 15 to 64 years,_Z,Not applicable,A,Annual,2022,,79.0284,,,,A,Normal value,0,Units,1,One
DATAFLOW,OECD.SDD.TPS:DSD_LFS@DF_IALFS_LF_WAP_Q(1.0),Labour force participation rate,I,KOR,Korea,LF_WAP,Labour force participation rate,PT_WAP_SUB,Percentage of working age population in the same subgroup,_Z,Not applicable,N,Neither seasonally adjusted nor calendar adjusted,M,Male,Y15T64,From 15 to 64 years,_Z,Not applicable,A,Annual,2021,,77.97459,,,,A,Normal value,0,Units,1,One
DATAFLOW,OECD.SDD.TPS:DSD_LFS@DF_IALFS_LF_WAP_Q(1.0),Labour force participation rate,I,KOR,Korea,LF_WAP,Labour force participation rate,PT_WAP_SUB,Percentage of working age population in the same subgroup,_Z,Not applicable,N,Neither seasonally adjusted nor calendar adjusted,M,Male,Y15T64,From 15 to 64 years,_Z,Not applicable,A,Annual,2020,,77.90139,,,,A,Normal value,0,Units,1,One
DATAFLOW,OECD.SDD.TPS:DSD_LFS@DF_IALFS_LF_WAP_Q(1.0),Labour force participation rate,I,KOR,Korea,LF_WAP,Labour force participation rate,PT_WAP_SUB,Percentage of working age population in the same subgroup,_Z,Not applicable,N,Neither seasonally adjusted nor calendar adjusted,M,Male,Y15T64,From 15 to 64 years,_Z,Not applicable,A,Annual,2019,,78.83051,,,,A,Normal value,0,Units,1,One
DATAFLOW,OECD.SDD.TPS:DSD_LFS@DF_IALFS_LF_WAP_Q(1.0),Labour force participation rate,I,KOR,Korea,LF_WAP,Labour force participation rate,PT_WAP_SUB,Percentage of working age population in the same subgroup,_Z,Not applicable,N,Neither seasonally adjusted nor calendar adjusted,M,Male,Y15T64,From 15 to 64 years,_Z,Not applicable,A,Annual,2018,,79.09453,,,,A,Normal value,0,Units,1,One
DATAFLOW,OECD.SDD.TPS:DSD_LFS@DF_IALFS_LF_WAP_Q(1.0),Labour force participation rate,I,KOR,Korea,LF_WAP,Labour force participation rate,PT_WAP_SUB,Percentage of working age population in the same subgroup,_Z,Not applicable,N,Neither seasonally adjusted nor calendar adjusted,_T,Total,Y15T24,From 15 to 24 years,_Z,Not applicable,A,Annual,2019,,29.60631,,,,A,Normal value,0,Units,1,One
DATAFLOW,OECD.SDD.TPS:DSD_LFS@DF_IALFS_LF_WAP_Q(1.0),Labour force participation rate,I,KOR,Korea,LF_WAP,Labour force participation rate,PT_WAP_SUB,Percentage of working age population in the same subgroup,_Z,Not applicable,N,Neither seasonally adjusted nor calendar adjusted,_T,Total,Y15T24,From 15 to 24 years,_Z,Not applicable,A,Annual,2018,,29.24831,,,,A,Normal value,0,Units,1,One
DATAFLOW,OECD.SDD.TPS:DSD_LFS@DF_IALFS_LF_WAP_Q(1.0),Labour force participation rate,I,KOR,Korea,LF_WAP,Labour force participation rate,PT_WAP_SUB,Percentage of working age population in the same subgroup,_Z,Not applicable,N,Neither seasonally adjusted nor calendar adjusted,_T,Total,Y15T24,From 15 to 24 years,_Z,Not applicable,A,Annual,2017,,30.28534,,,,A,Normal value,0,Units,1,One
DATAFLOW,OECD.SDD.TPS:DSD_LFS@DF_IALFS_LF_WAP_Q(1.0),Labour force participation rate,I,KOR,Korea,LF_WAP,Labour force participation rate,PT_WAP_SUB,Percentage of working age population in the same subgroup,_Z,Not applicable,N,Neither seasonally adjusted nor calendar adjusted,_T,Total,Y15T24,From 15 to 24 years,_Z,Not applicable,A,Annual,2016,,30.15529,,,,A,Normal value,0,Units,1,One
DATAFLOW,OECD.SDD.TPS:DSD_LFS@DF_IALFS_LF_WAP_Q(1.0),Labour force participation rate,I,KOR,Korea,LF_WAP,Labour force participation rate,PT_WAP_SUB,Percentage of working age population in the same subgroup,_Z,Not applicable,N,Neither seasonally adjusted nor calendar adjusted,_T,Total,Y15T24,From 15 to 24 years,_Z,Not applicable,A,Annual,2015,,29.87084,,,,A,Normal value,0,Units,1,One
DATAFLOW,OECD.SDD.TPS:DSD_LFS@DF_IALFS_LF_WAP_Q(1.0),Labour force participation rate,I,KOR,Korea,LF_WAP,Labour force participation rate,PT_WAP_SUB,Percentage of working age population in the same subgroup,_Z,Not applicable,N,Neither seasonally adjusted nor calendar adjusted,_T,Total,Y15T24,From 15 to 24 years,_Z,Not applicable,A,Annual,2014,,28.45103,,,,A,Normal value,0,Units,1,One
DATAFLOW,OECD.SDD.TPS:DSD_LFS@DF_IALFS_LF_WAP_Q(1.0),Labour force participation rate,I,KOR,Korea,LF_WAP,Labour force participation rate,PT_WAP_SUB,Percentage of working age population in the same subgroup,_Z,Not applicable,N,Neither seasonally adjusted nor calendar adjusted,_T,Total,Y15T24,From 15 to 24 years,_Z,Not applicable,A,Annual,2013,,26.39942,,,,A,Normal value,0,Units,1,One
DATAFLOW,OECD.SDD.TPS:DSD_LFS@DF_IALFS_LF_WAP_Q(1.0),Labour force participation rate,I,KOR,Korea,LF_WAP,Labour force participation rate,PT_WAP_SUB,Percentage of working age population in the same subgroup,_Z,Not applicable,N,Neither seasonally adjusted nor calendar adjusted,_T,Total,Y15T24,From 15 to 24 years,_Z,Not applicable,A,Annual,2012,,26.45281,,,,A,Normal value,0,Units,1,One
DATAFLOW,OECD.SDD.TPS:DSD_LFS@DF_IALFS_LF_WAP_Q(1.0),Labour force participation rate,I,KOR,Korea,LF_WAP,Labour force participation rate,PT_WAP_SUB,Percentage of working age population in the same subgroup,_Z,Not applicable,N,Neither seasonally adjusted nor calendar adjusted,_T,Total,Y15T24,From 15 to 24 years,_Z,Not applicable,A,Annual,2011,,25.51504,,,,A,Normal value,0,Units,1,One
DATAFLOW,OECD.SDD.TPS:DSD_LFS@DF_IALFS_LF_WAP_Q(1.0),Labour force participation rate,I,KOR,Korea,LF_WAP,Labour force participation rate,PT_WAP_SUB,Percentage of working age population in the same subgroup,_Z,Not applicable,N,Neither seasonally adjusted nor calendar adjusted,_T,Total,Y15T24,From 15 to 24 years,_Z,Not applicable,A,Annual,2010,,25.24135,,,,A,Normal value,0,Units,1,One
DATAFLOW,OECD.SDD.TPS:DSD_LFS@DF_IALFS_LF_WAP_Q(1.0),Labour force participation rate,I,KOR,Korea,LF_WAP,Labour force participation rate,PT_WAP_SUB,Percentage of working age population in the same subgroup,_Z,Not applicable,N,Neither seasonally adjusted nor calendar adjusted,_T,Total,Y15T24,From 15 to 24 years,_Z,Not applicable,A,Annual,2009,,25.09739,,,,A,Normal value,0,Units,1,One
DATAFLOW,OECD.SDD.TPS:DSD_LFS@DF_IALFS_LF_WAP_Q(1.0),Labour force participation rate,I,KOR,Korea,LF_WAP,Labour force participation rate,PT_WAP_SUB,Percentage of working age population in the same subgroup,_Z,Not applicable,N,Neither seasonally adjusted nor calendar adjusted,_T,Total,Y15T24,From 15 to 24 years,_Z,Not applicable,A,Annual,2008,,26.26386,,,,A,Normal value,0,Units,1,One
DATAFLOW,OECD.SDD.TPS:DSD_LFS@DF_IALFS_LF_WAP_Q(1.0),Labour force participation rate,I,KOR,Korea,LF_WAP,Labour force participation rate,PT_WAP_SUB,Percentage of working age population in the same subgroup,_Z,Not applicable,N,Neither seasonally adjusted nor calendar adjusted,_T,Total,Y25T54,From 25 to 54 years,_Z,Not applicable,A,Annual,2022,,79.1531,,,,A,Normal value,0,Units,1,One
DATAFLOW,OECD.SDD.TPS:DSD_LFS@DF_IALFS_LF_WAP_Q(1.0),Labour force participation rate,I,KOR,Korea,LF_WAP,Labour force participation rate,PT_WAP_SUB,Percentage of working age population in the same subgroup,_Z,Not applicable,N,Neither seasonally adjusted nor calendar adjusted,_T,Total,Y15T24,From 15 to 24 years,_Z,Not applicable,A,Annual,2005,,33.64404,,,,A,Normal value,0,Units,1,One
DATAFLOW,OECD.SDD.TPS:DSD_LFS@DF_IALFS_LF_WAP_Q(1.0),Labour force participation rate,I,KOR,Korea,LF_WAP,Labour force participation rate,PT_WAP_SUB,Percentage of working age population in the same subgroup,_Z,Not applicable,N,Neither seasonally adjusted nor calendar adjusted,_T,Total,Y15T24,From 15 to 24 years,_Z,Not applicable,A,Annual,2004,,35.09008,,,,A,Normal value,0,Units,1,One
DATAFLOW,OECD.SDD.TPS:DSD_LFS@DF_IALFS_LF_WAP_Q(1.0),Labour force participation rate,I,KOR,Korea,LF_WAP,Labour force participation rate,PT_WAP_SUB,Percentage of working age population in the same subgroup,_Z,Not applicable,N,Neither seasonally adjusted nor calendar adjusted,_T,Total,Y15T24,From 15 to 24 years,_Z,Not applicable,A,Annual,2003,,34.4262,,,,A,Normal value,0,Units,1,One
DATAFLOW,OECD.SDD.TPS:DSD_LFS@DF_IALFS_LF_WAP_Q(1.0),Labour force participation rate,I,KOR,Korea,LF_WAP,Labour force participation rate,PT_WAP_SUB,Percentage of working age population in the same subgroup,_Z,Not applicable,N,Neither seasonally adjusted nor calendar adjusted,_T,Total,Y15T24,From 15 to 24 years,_Z,Not applicable,A,Annual,2002,,34.47373,,,,A,Normal value,0,Units,1,One
DATAFLOW,OECD.SDD.TPS:DSD_LFS@DF_IALFS_LF_WAP_Q(1.0),Labour force participation rate,I,KOR,Korea,LF_WAP,Labour force participation rate,PT_WAP_SUB,Percentage of working age population in the same subgroup,_Z,Not applicable,N,Neither seasonally adjusted nor calendar adjusted,_T,Total,Y15T24,From 15 to 24 years,_Z,Not applicable,A,Annual,2001,,33.59587,,,,A,Normal value,0,Units,1,One
DATAFLOW,OECD.SDD.TPS:DSD_LFS@DF_IALFS_LF_WAP_Q(1.0),Labour force participation rate,I,KOR,Korea,LF_WAP,Labour force participation rate,PT_WAP_SUB,Percentage of working age population in the same subgroup,_Z,Not applicable,N,Neither seasonally adjusted nor calendar adjusted,_T,Total,Y15T24,From 15 to 24 years,_Z,Not applicable,A,Annual,2000,,33.02555,,,,A,Normal value,0,Units,1,One
DATAFLOW,OECD.SDD.TPS:DSD_LFS@DF_IALFS_LF_WAP_Q(1.0),Labour force participation rate,I,OECD,OECD,LF_WAP,Labour force participation rate,PT_WAP_SUB,Percentage of working age population in the same subgroup,_Z,Not applicable,N,Neither seasonally adjusted nor calendar adjusted,_T,Total,Y_GE15,15 years or over,_Z,Not applicable,A,Annual,2023,,60.92331,,,,A,Normal value,0,Units,1,One
DATAFLOW,OECD.SDD.TPS:DSD_LFS@DF_IALFS_LF_WAP_Q(1.0),Labour force participation rate,I,OECD,OECD,LF_WAP,Labour force participation rate,PT_WAP_SUB,Percentage of working age population in the same subgroup,_Z,Not applicable,N,Neither seasonally adjusted nor calendar adjusted,_T,Total,Y_GE15,15 years or over,_Z,Not applicable,A,Annual,2022,,60.55144,,,,A,Normal value,0,Units,1,One
DATAFLOW,OECD.SDD.TPS:DSD_LFS@DF_IALFS_LF_WAP_Q(1.0),Labour force participation rate,I,OECD,OECD,LF_WAP,Labour force participation rate,PT_WAP_SUB,Percentage of working age population in the same subgroup,_Z,Not applicable,N,Neither seasonally adjusted nor calendar adjusted,_T,Total,Y_GE15,15 years or over,_Z,Not applicable,A,Annual,2018,,60.66449,,,,A,Normal value,0,Units,1,One
DATAFLOW,OECD.SDD.TPS:DSD_LFS@DF_IALFS_LF_WAP_Q(1.0),Labour force participation rate,I,KOR,Korea,LF_WAP,Labour force participation rate,PT_WAP_SUB,Percentage of working age population in the same subgroup,_Z,Not applicable,N,Neither seasonally adjusted nor calendar adjusted,M,Male,Y_GE15,15 years or over,_Z,Not applicable,A,Annual,2009,,73.21426,,,,A,Normal value,0,Units,1,One
DATAFLOW,OECD.SDD.TPS:DSD_LFS@DF_IALFS_LF_WAP_Q(1.0),Labour force participation rate,I,KOR,Korea,LF_WAP,Labour force participation rate,PT_WAP_SUB,Percentage of working age population in the same subgroup,_Z,Not applicable,N,Neither seasonally adjusted nor calendar adjusted,M,Male,Y_GE15,15 years or over,_Z,Not applicable,A,Annual,2008,,73.77773,,,,A,Normal value,0,Units,1,One
DATAFLOW,OECD.SDD.TPS:DSD_LFS@DF_IALFS_LF_WAP_Q(1.0),Labour force participation rate,I,KOR,Korea,LF_WAP,Labour force participation rate,PT_WAP_SUB,Percentage of working age population in the same subgroup,_Z,Not applicable,N,Neither seasonally adjusted nor calendar adjusted,M,Male,Y_GE15,15 years or over,_Z,Not applicable,A,Annual,2007,,74.41385,,,,A,Normal value,0,Units,1,One
DATAFLOW,OECD.SDD.TPS:DSD_LFS@DF_IALFS_LF_WAP_Q(1.0),Labour force participation rate,I,KOR,Korea,LF_WAP,Labour force participation rate,PT_WAP_SUB,Percentage of working age population in the same subgroup,_Z,Not applicable,N,Neither seasonally adjusted nor calendar adjusted,M,Male,Y_GE15,15 years or over,_Z,Not applicable,A,Annual,2006,,74.47889,,,,A,Normal value,0,Units,1,One
DATAFLOW,OECD.SDD.TPS:DSD_LFS@DF_IALFS_LF_WAP_Q(1.0),Labour force participation rate,I,KOR,Korea,LF_WAP,Labour force participation rate,PT_WAP_SUB,Percentage of working age population in the same subgroup,_Z,Not applicable,N,Neither seasonally adjusted nor calendar adjusted,M,Male,Y_GE15,15 years or over,_Z,Not applicable,A,Annual,2005,,74.84633,,,,A,Normal value,0,Units,1,One
DATAFLOW,OECD.SDD.TPS:DSD_LFS@DF_IALFS_LF_WAP_Q(1.0),Labour force participation rate,I,KOR,Korea,LF_WAP,Labour force participation rate,PT_WAP_SUB,Percentage of working age population in the same subgroup,_Z,Not applicable,N,Neither seasonally adjusted nor calendar adjusted,M,Male,Y_GE15,15 years or over,_Z,Not applicable,A,Annual,2004,,75.2189,,,,A,Normal value,0,Units,1,One
DATAFLOW,OECD.SDD.TPS:DSD_LFS@DF_IALFS_LF_WAP_Q(1.0),Labour force participation rate,I,KOR,Korea,LF_WAP,Labour force participation rate,PT_WAP_SUB,Percentage of working age population in the same subgroup,_Z,Not applicable,N,Neither seasonally adjusted nor calendar adjusted,M,Male,Y_GE15,15 years or over,_Z,Not applicable,A,Annual,2003,,74.86818,,,,A,Normal value,0,Units,1,One
DATAFLOW,OECD.SDD.TPS:DSD_LFS@DF_IALFS_LF_WAP_Q(1.0),Labour force participation rate,I,OECD,OECD,LF_WAP,Labour force participation rate,PT_WAP_SUB,Percentage of working age population in the same subgroup,_Z,Not applicable,N,Neither seasonally adjusted nor calendar adjusted,M,Male,Y_GE15,15 years or over,_Z,Not applicable,A,Annual,2024,,68.68925,,,,B,Time series break,0,Units,1,One
DATAFLOW,OECD.SDD.TPS:DSD_LFS@DF_IALFS_LF_WAP_Q(1.0),Labour force participation rate,I,OECD,OECD,LF_WAP,Labour force participation rate,PT_WAP_SUB,Percentage of working age population in the same subgroup,_Z,Not applicable,N,Neither seasonally adjusted nor calendar adjusted,M,Male,Y15T64,From 15 to 64 years,_Z,Not applicable,A,Annual,2024,,80.93183,,,,E,Estimated value,0,Units,1,One
DATAFLOW,OECD.SDD.TPS:DSD_LFS@DF_IALFS_LF_WAP_Q(1.0),Labour force participation rate,I,OECD,OECD,LF_WAP,Labour force participation rate,PT_WAP_SUB,Percentage of working age population in the same subgroup,_Z,Not applicable,N,Neither seasonally adjusted nor calendar adjusted,F,Female,Y25T54,From 25 to 54 years,_Z,Not applicable,A,Annual,2024,,76.16167,,,,E,Estimated value,0,Units,1,One
DATAFLOW,OECD.SDD.TPS:DSD_LFS@DF_IALFS_LF_WAP_Q(1.0),Labour force participation rate,I,OECD,OECD,LF_WAP,Labour force participation rate,PT_WAP_SUB,Percentage of working age population in the same subgroup,_Z,Not applicable,N,Neither seasonally adjusted nor calendar adjusted,F,Female,Y55T64,From 55 to 64 years,_Z,Not applicable,A,Annual,2024,,58.73388,,,,E,Estimated value,0,Units,1,One
DATAFLOW,OECD.SDD.TPS:DSD_LFS@DF_IALFS_LF_WAP_Q(1.0),Labour force participation rate,I,OECD,OECD,LF_WAP,Labour force participation rate,PT_WAP_SUB,Percentage of working age population in the same subgroup,_Z,Not applicable,N,Neither seasonally adjusted nor calendar adjusted,M,Male,Y_GE15,15 years or over,_Z,Not applicable,A,Annual,2008,,70.66917,,,,E,Estimated value,0,Units,1,One
DATAFLOW,OECD.SDD.TPS:DSD_LFS@DF_IALFS_LF_WAP_Q(1.0),Labour force participation rate,I,OECD,OECD,LF_WAP,Labour force participation rate,PT_WAP_SUB,Percentage of working age population in the same subgroup,_Z,Not applicable,N,Neither seasonally adjusted nor calendar adjusted,F,Female,Y_GE15,15 years or over,_Z,Not applicable,A,Annual,2008,,50.76575,,,,E,Estimated value,0,Units,1,One
DATAFLOW,OECD.SDD.TPS:DSD_LFS@DF_IALFS_LF_WAP_Q(1.0),Labour force participation rate,I,OECD,OECD,LF_WAP,Labour force participation rate,PT_WAP_SUB,Percentage of working age population in the same subgroup,_Z,Not applicable,N,Neither seasonally adjusted nor calendar adjusted,_T,Total,Y_GE15,15 years or over,_Z,Not applicable,A,Annual,2008,,60.3869,,,,E,Estimated value,0,Units,1,One
DATAFLOW,OECD.SDD.TPS:DSD_LFS@DF_IALFS_LF_WAP_Q(1.0),Labour force participation rate,I,OECD,OECD,LF_WAP,Labour force participation rate,PT_WAP_SUB,Percentage of working age population in the same subgroup,_Z,Not applicable,N,Neither seasonally adjusted nor calendar adjusted,_T,Total,Y25T54,From 25 to 54 years,_Z,Not applicable,A,Annual,2023,,83.54533,,,,E,Estimated value,0,Units,1,One
DATAFLOW,OECD.SDD.TPS:DSD_LFS@DF_IALFS_LF_WAP_Q(1.0),Labour force participation rate,I,OECD,OECD,LF_WAP,Labour force participation rate,PT_WAP_SUB,Percentage of working age population in the same subgroup,_Z,Not applicable,N,Neither seasonally adjusted nor calendar adjusted,M,Male,Y25T54,From 25 to 54 years,_Z,Not applicable,A,Annual,2023,,91.44567,,,,E,Estimated value,0,Units,1,One
DATAFLOW,OECD.SDD.TPS:DSD_LFS@DF_IALFS_LF_WAP_Q(1.0),Labour force participation rate,I,OECD,OECD,LF_WAP,Labour force participation rate,PT_WAP_SUB,Percentage of working age population in the same subgroup,_Z,Not applicable,N,Neither seasonally adjusted nor calendar adjusted,F,Female,Y25T54,From 25 to 54 years,_Z,Not applicable,A,Annual,2023,,75.71276,,,,E,Estimated value,0,Units,1,One
DATAFLOW,OECD.SDD.TPS:DSD_LFS@DF_IALFS_LF_WAP_Q(1.0),Labour force participation rate,I,OECD,OECD,LF_WAP,Labour force participation rate,PT_WAP_SUB,Percentage of working age population in the same subgroup,_Z,Not applicable,N,Neither seasonally adjusted nor calendar adjusted,_T,Total,Y25T54,From 25 to 54 years,_Z,Not applicable,A,Annual,2022,,83.06565,,,,E,Estimated value,0,Units,1,One
DATAFLOW,OECD.SDD.TPS:DSD_LFS@DF_IALFS_LF_WAP_Q(1.0),Labour force participation rate,I,OECD,OECD,LF_WAP,Labour force participation rate,PT_WAP_SUB,Percentage of working age population in the same subgroup,_Z,Not applicable,N,Neither seasonally adjusted nor calendar adjusted,M,Male,Y25T54,From 25 to 54 years,_Z,Not applicable,A,Annual,2022,,91.29733,,,,E,Estimated value,0,Units,1,One
DATAFLOW,OECD.SDD.TPS:DSD_LFS@DF_IALFS_LF_WAP_Q(1.0),Labour force participation rate,I,OECD,OECD,LF_WAP,Labour force participation rate,PT_WAP_SUB,Percentage of working age population in the same subgroup,_Z,Not applicable,N,Neither seasonally adjusted nor calendar adjusted,F,Female,Y25T54,From 25 to 54 years,_Z,Not applicable,A,Annual,2022,,74.93835,,,,E,Estimated value,0,Units,1,One
DATAFLOW,OECD.SDD.TPS:DSD_LFS@DF_IALFS_LF_WAP_Q(1.0),Labour force participation rate,I,OECD,OECD,LF_WAP,Labour force participation rate,PT_WAP_SUB,Percentage of working age population in the same subgroup,_Z,Not applicable,N,Neither seasonally adjusted nor calendar adjusted,_T,Total,Y25T54,From 25 to 54 years,_Z,Not applicable,A,Annual,2021,,82.19866,,,,E,Estimated value,0,Units,1,One
DATAFLOW,OECD.SDD.TPS:DSD_LFS@DF_IALFS_LF_WAP_Q(1.0),Labour force participation rate,I,OECD,OECD,LF_WAP,Labour force participation rate,PT_WAP_SUB,Percentage of working age population in the same subgroup,_Z,Not applicable,N,Neither seasonally adjusted nor calendar adjusted,M,Male,Y25T54,From 25 to 54 years,_Z,Not applicable,A,Annual,2021,,90.86608,,,,E,Estimated value,0,Units,1,One
DATAFLOW,OECD.SDD.TPS:DSD_LFS@DF_IALFS_LF_WAP_Q(1.0),Labour force participation rate,I,OECD,OECD,LF_WAP,Labour force participation rate,PT_WAP_SUB,Percentage of working age population in the same subgroup,_Z,Not applicable,N,Neither seasonally adjusted nor calendar adjusted,F,Female,Y25T54,From 25 to 54 years,_Z,Not applicable,A,Annual,2021,,73.65314,,,,E,Estimated value,0,Units,1,One
DATAFLOW,OECD.SDD.TPS:DSD_LFS@DF_IALFS_LF_WAP_Q(1.0),Labour force participation rate,I,OECD,OECD,LF_WAP,Labour force participation rate,PT_WAP_SUB,Percentage of working age population in the same subgroup,_Z,Not applicable,N,Neither seasonally adjusted nor calendar adjusted,_T,Total,Y25T54,From 25 to 54 years,_Z,Not applicable,A,Annual,2020,,81.07851,,,,E,Estimated value,0,Units,1,One
DATAFLOW,OECD.SDD.TPS:DSD_LFS@DF_IALFS_LF_WAP_Q(1.0),Labour force participation rate,I,OECD,OECD,LF_WAP,Labour force participation rate,PT_WAP_SUB,Percentage of working age population in the same subgroup,_Z,Not applicable,N,Neither seasonally adjusted nor calendar adjusted,M,Male,Y25T54,From 25 to 54 years,_Z,Not applicable,A,Annual,2020,,89.78692,,,,E,Estimated value,0,Units,1,One
DATAFLOW,OECD.SDD.TPS:DSD_LFS@DF_IALFS_LF_WAP_Q(1.0),Labour force participation rate,I,OECD,OECD,LF_WAP,Labour force participation rate,PT_WAP_SUB,Percentage of working age population in the same subgroup,_Z,Not applicable,N,Neither seasonally adjusted nor calendar adjusted,F,Female,Y25T54,From 25 to 54 years,_Z,Not applicable,A,Annual,2020,,72.48637,,,,E,Estimated value,0,Units,1,One
DATAFLOW,OECD.SDD.TPS:DSD_LFS@DF_IALFS_LF_WAP_Q(1.0),Labour force participation rate,I,OECD,OECD,LF_WAP,Labour force participation rate,PT_WAP_SUB,Percentage of working age population in the same subgroup,_Z,Not applicable,N,Neither seasonally adjusted nor calendar adjusted,_T,Total,Y25T54,From 25 to 54 years,_Z,Not applicable,A,Annual,2019,,82.70541,,,,E,Estimated value,0,Units,1,One
DATAFLOW,OECD.SDD.TPS:DSD_LFS@DF_IALFS_LF_WAP_Q(1.0),Labour force participation rate,I,OECD,OECD,LF_WAP,Labour force participation rate,PT_WAP_SUB,Percentage of working age population in the same subgroup,_Z,Not applicable,N,Neither seasonally adjusted nor calendar adjusted,M,Male,Y25T54,From 25 to 54 years,_Z,Not applicable,A,Annual,2019,,91.44802,,,,E,Estimated value,0,Units,1,One
DATAFLOW,OECD.SDD.TPS:DSD_LFS@DF_IALFS_LF_WAP_Q(1.0),Labour force participation rate,I,OECD,OECD,LF_WAP,Labour force participation rate,PT_WAP_SUB,Percentage of working age population in the same subgroup,_Z,Not applicable,N,Neither seasonally adjusted nor calendar adjusted,F,Female,Y25T54,From 25 to 54 years,_Z,Not applicable,A,Annual,2019,,74.09763,,,,E,Estimated value,0,Units,1,One
DATAFLOW,OECD.SDD.TPS:DSD_LFS@DF_IALFS_LF_WAP_Q(1.0),Labour force participation rate,I,OECD,OECD,LF_WAP,Labour force participation rate,PT_WAP_SUB,Percentage of working age population in the same subgroup,_Z,Not applicable,N,Neither seasonally adjusted nor calendar adjusted,_T,Total,Y25T54,From 25 to 54 years,_Z,Not applicable,A,Annual,2018,,82.40978,,,,E,Estimated value,0,Units,1,One
DATAFLOW,OECD.SDD.TPS:DSD_LFS@DF_IALFS_LF_WAP_Q(1.0),Labour force participation rate,I,OECD,OECD,LF_WAP,Labour force participation rate,PT_WAP_SUB,Percentage of working age population in the same subgroup,_Z,Not applicable,N,Neither seasonally adjusted nor calendar adjusted,M,Male,Y25T54,From 25 to 54 years,_Z,Not applicable,A,Annual,2018,,91.46904,,,,E,Estimated value,0,Units,1,One
DATAFLOW,OECD.SDD.TPS:DSD_LFS@DF_IALFS_LF_WAP_Q(1.0),Labour force participation rate,I,OECD,OECD,LF_WAP,Labour force participation rate,PT_WAP_SUB,Percentage of working age population in the same subgroup,_Z,Not applicable,N,Neither seasonally adjusted nor calendar adjusted,F,Female,Y25T54,From 25 to 54 years,_Z,Not applicable,A,Annual,2018,,73.49282,,,,E,Estimated value,0,Units,1,One
DATAFLOW,OECD.SDD.TPS:DSD_LFS@DF_IALFS_LF_WAP_Q(1.0),Labour force participation rate,I,OECD,OECD,LF_WAP,Labour force participation rate,PT_WAP_SUB,Percentage of working age population in the same subgroup,_Z,Not applicable,N,Neither seasonally adjusted nor calendar adjusted,_T,Total,Y25T54,From 25 to 54 years,_Z,Not applicable,A,Annual,2017,,82.12875,,,,E,Estimated value,0,Units,1,One
DATAFLOW,OECD.SDD.TPS:DSD_LFS@DF_IALFS_LF_WAP_Q(1.0),Labour force participation rate,I,OECD,OECD,LF_WAP,Labour force participation rate,PT_WAP_SUB,Percentage of working age population in the same subgroup,_Z,Not applicable,N,Neither seasonally adjusted nor calendar adjusted,M,Male,Y25T54,From 25 to 54 years,_Z,Not applicable,A,Annual,2017,,91.36556,,,,E,Estimated value,0,Units,1,One
DATAFLOW,OECD.SDD.TPS:DSD_LFS@DF_IALFS_LF_WAP_Q(1.0),Labour force participation rate,I,OECD,OECD,LF_WAP,Labour force participation rate,PT_WAP_SUB,Percentage of working age population in the same subgroup,_Z,Not applicable,N,Neither seasonally adjusted nor calendar adjusted,F,Female,Y25T54,From 25 to 54 years,_Z,Not applicable,A,Annual,2017,,73.0471,,,,E,Estimated value,0,Units,1,One
DATAFLOW,OECD.SDD.TPS:DSD_LFS@DF_IALFS_LF_WAP_Q(1.0),Labour force participation rate,I,OECD,OECD,LF_WAP,Labour force participation rate,PT_WAP_SUB,Percentage of working age population in the same subgroup,_Z,Not applicable,N,Neither seasonally adjusted nor calendar adjusted,_T,Total,Y25T54,From 25 to 54 years,_Z,Not applicable,A,Annual,2016,,81.86997,,,,E,Estimated value,0,Units,1,One
DATAFLOW,OECD.SDD.TPS:DSD_LFS@DF_IALFS_LF_WAP_Q(1.0),Labour force participation rate,I,OECD,OECD,LF_WAP,Labour force participation rate,PT_WAP_SUB,Percentage of working age population in the same subgroup,_Z,Not applicable,N,Neither seasonally adjusted nor calendar adjusted,M,Male,Y25T54,From 25 to 54 years,_Z,Not applicable,A,Annual,2016,,91.30656,,,,E,Estimated value,0,Units,1,One
DATAFLOW,OECD.SDD.TPS:DSD_LFS@DF_IALFS_LF_WAP_Q(1.0),Labour force participation rate,I,OECD,OECD,LF_WAP,Labour force participation rate,PT_WAP_SUB,Percentage of working age population in the same subgroup,_Z,Not applicable,N,Neither seasonally adjusted nor calendar adjusted,F,Female,Y25T54,From 25 to 54 years,_Z,Not applicable,A,Annual,2016,,72.59589,,,,E,Estimated value,0,Units,1,One
DATAFLOW,OECD.SDD.TPS:DSD_LFS@DF_IALFS_LF_WAP_Q(1.0),Labour force participation rate,I,OECD,OECD,LF_WAP,Labour force participation rate,PT_WAP_SUB,Percentage of working age population in the same subgroup,_Z,Not applicable,N,Neither seasonally adjusted nor calendar adjusted,_T,Total,Y25T54,From 25 to 54 years,_Z,Not applicable,A,Annual,2015,,81.59106,,,,E,Estimated value,0,Units,1,One
DATAFLOW,OECD.SDD.TPS:DSD_LFS@DF_IALFS_LF_WAP_Q(1.0),Labour force participation rate,I,OECD,OECD,LF_WAP,Labour force participation rate,PT_WAP_SUB,Percentage of working age population in the same subgroup,_Z,Not applicable,N,Neither seasonally adjusted nor calendar adjusted,M,Male,Y25T54,From 25 to 54 years,_Z,Not applicable,A,Annual,2015,,91.20704,,,,E,Estimated value,0,Units,1,One
DATAFLOW,OECD.SDD.TPS:DSD_LFS@DF_IALFS_LF_WAP_Q(1.0),Labour force participation rate,I,OECD,OECD,LF_WAP,Labour force participation rate,PT_WAP_SUB,Percentage of working age population in the same subgroup,_Z,Not applicable,N,Neither seasonally adjusted nor calendar adjusted,F,Female,Y25T54,From 25 to 54 years,_Z,Not applicable,A,Annual,2015,,72.15411,,,,E,Estimated value,0,Units,1,One
DATAFLOW,OECD.SDD.TPS:DSD_LFS@DF_IALFS_LF_WAP_Q(1.0),Labour force participation rate,I,OECD,OECD,LF_WAP,Labour force participation rate,PT_WAP_SUB,Percentage of working age population in the same subgroup,_Z,Not applicable,N,Neither seasonally adjusted nor calendar adjusted,_T,Total,Y25T54,From 25 to 54 years,_Z,Not applicable,A,Annual,2014,,81.46782,,,,E,Estimated value,0,Units,1,One
DATAFLOW,OECD.SDD.TPS:DSD_LFS@DF_IALFS_LF_WAP_Q(1.0),Labour force participation rate,I,OECD,OECD,LF_WAP,Labour force participation rate,PT_WAP_SUB,Percentage of working age population in the same subgroup,_Z,Not applicable,N,Neither seasonally adjusted nor calendar adjusted,M,Male,Y25T54,From 25 to 54 years,_Z,Not applicable,A,Annual,2014,,91.17419,,,,E,Estimated value,0,Units,1,One
DATAFLOW,OECD.SDD.TPS:DSD_LFS@DF_IALFS_LF_WAP_Q(1.0),Labour force participation rate,I,OECD,OECD,LF_WAP,Labour force participation rate,PT_WAP_SUB,Percentage of working age population in the same subgroup,_Z,Not applicable,N,Neither seasonally adjusted nor calendar adjusted,F,Female,Y25T54,From 25 to 54 years,_Z,Not applicable,A,Annual,2014,,71.95435,,,,E,Estimated value,0,Units,1,One
DATAFLOW,OECD.SDD.TPS:DSD_LFS@DF_IALFS_LF_WAP_Q(1.0),Labour force participation rate,I,OECD,OECD,LF_WAP,Labour force participation rate,PT_WAP_SUB,Percentage of working age population in the same subgroup,_Z,Not applicable,N,Neither seasonally adjusted nor calendar adjusted,_T,Total,Y25T54,From 25 to 54 years,_Z,Not applicable,A,Annual,2013,,81.41998,,,,E,Estimated value,0,Units,1,One
DATAFLOW,OECD.SDD.TPS:DSD_LFS@DF_IALFS_LF_WAP_Q(1.0),Labour force participation rate,I,OECD,OECD,LF_WAP,Labour force participation rate,PT_WAP_SUB,Percentage of working age population in the same subgroup,_Z,Not applicable,N,Neither seasonally adjusted nor calendar adjusted,M,Male,Y25T54,From 25 to 54 years,_Z,Not applicable,A,Annual,2013,,91.20898,,,,E,Estimated value,0,Units,1,One
DATAFLOW,OECD.SDD.TPS:DSD_LFS@DF_IALFS_LF_WAP_Q(1.0),Labour force participation rate,I,OECD,OECD,LF_WAP,Labour force participation rate,PT_WAP_SUB,Percentage of working age population in the same subgroup,_Z,Not applicable,N,Neither seasonally adjusted nor calendar adjusted,F,Female,Y25T54,From 25 to 54 years,_Z,Not applicable,A,Annual,2013,,71.82633,,,,E,Estimated value,0,Units,1,One
DATAFLOW,OECD.SDD.TPS:DSD_LFS@DF_IALFS_LF_WAP_Q(1.0),Labour force participation rate,I,OECD,OECD,LF_WAP,Labour force participation rate,PT_WAP_SUB,Percentage of working age population in the same subgroup,_Z,Not applicable,N,Neither seasonally adjusted nor calendar adjusted,_T,Total,Y25T54,From 25 to 54 years,_Z,Not applicable,A,Annual,2012,,81.38914,,,,E,Estimated value,0,Units,1,One
DATAFLOW,OECD.SDD.TPS:DSD_LFS@DF_IALFS_LF_WAP_Q(1.0),Labour force participation rate,I,OECD,OECD,LF_WAP,Labour force participation rate,PT_WAP_SUB,Percentage of working age population in the same subgroup,_Z,Not applicable,N,Neither seasonally adjusted nor calendar adjusted,M,Male,Y25T54,From 25 to 54 years,_Z,Not applicable,A,Annual,2012,,91.34633,,,,E,Estimated value,0,Units,1,One
DATAFLOW,OECD.SDD.TPS:DSD_LFS@DF_IALFS_LF_WAP_Q(1.0),Labour force participation rate,I,OECD,OECD,LF_WAP,Labour force participation rate,PT_WAP_SUB,Percentage of working age population in the same subgroup,_Z,Not applicable,N,Neither seasonally adjusted nor calendar adjusted,F,Female,Y25T54,From 25 to 54 years,_Z,Not applicable,A,Annual,2012,,71.6332,,,,E,Estimated value,0,Units,1,One
DATAFLOW,OECD.SDD.TPS:DSD_LFS@DF_IALFS_LF_WAP_Q(1.0),Labour force participation rate,I,OECD,OECD,LF_WAP,Labour force participation rate,PT_WAP_SUB,Percentage of working age population in the same subgroup,_Z,Not applicable,N,Neither seasonally adjusted nor calendar adjusted,_T,Total,Y25T54,From 25 to 54 years,_Z,Not applicable,A,Annual,2011,,81.18359,,,,E,Estimated value,0,Units,1,One
DATAFLOW,OECD.SDD.TPS:DSD_LFS@DF_IALFS_LF_WAP_Q(1.0),Labour force participation rate,I,OECD,OECD,LF_WAP,Labour force participation rate,PT_WAP_SUB,Percentage of working age population in the same subgroup,_Z,Not applicable,N,Neither seasonally adjusted nor calendar adjusted,M,Male,Y25T54,From 25 to 54 years,_Z,Not applicable,A,Annual,2011,,91.33528,,,,E,Estimated value,0,Units,1,One
DATAFLOW,OECD.SDD.TPS:DSD_LFS@DF_IALFS_LF_WAP_Q(1.0),Labour force participation rate,I,OECD,OECD,LF_WAP,Labour force participation rate,PT_WAP_SUB,Percentage of working age population in the same subgroup,_Z,Not applicable,N,Neither seasonally adjusted nor calendar adjusted,F,Female,Y25T54,From 25 to 54 years,_Z,Not applicable,A,Annual,2011,,71.19706,,,,E,Estimated value,0,Units,1,One
DATAFLOW,OECD.SDD.TPS:DSD_LFS@DF_IALFS_LF_WAP_Q(1.0),Labour force participation rate,I,OECD,OECD,LF_WAP,Labour force participation rate,PT_WAP_SUB,Percentage of working age population in the same subgroup,_Z,Not applicable,N,Neither seasonally adjusted nor calendar adjusted,M,Male,Y55T64,From 55 to 64 years,_Z,Not applicable,A,Annual,2023,,74.96703,,,,E,Estimated value,0,Units,1,One
DATAFLOW,OECD.SDD.TPS:DSD_LFS@DF_IALFS_LF_WAP_Q(1.0),Labour force participation rate,I,OECD,OECD,LF_WAP,Labour force participation rate,PT_WAP_SUB,Percentage of working age population in the same subgroup,_Z,Not applicable,N,Neither seasonally adjusted nor calendar adjusted,_T,Total,Y55T64,From 55 to 64 years,_Z,Not applicable,A,Annual,2023,,66.28108,,,,E,Estimated value,0,Units,1,One
DATAFLOW,OECD.SDD.TPS:DSD_LFS@DF_IALFS_LF_WAP_Q(1.0),Labour force participation rate,I,OECD,OECD,LF_WAP,Labour force participation rate,PT_WAP_SUB,Percentage of working age population in the same subgroup,_Z,Not applicable,N,Neither seasonally adjusted nor calendar adjusted,F,Female,Y55T64,From 55 to 64 years,_Z,Not applicable,A,Annual,2023,,58.03824,,,,E,Estimated value,0,Units,1,One
DATAFLOW,OECD.SDD.TPS:DSD_LFS@DF_IALFS_LF_WAP_Q(1.0),Labour force participation rate,I,OECD,OECD,LF_WAP,Labour force participation rate,PT_WAP_SUB,Percentage of working age population in the same subgroup,_Z,Not applicable,N,Neither seasonally adjusted nor calendar adjusted,M,Male,Y55T64,From 55 to 64 years,_Z,Not applicable,A,Annual,2022,,74.20804,,,,E,Estimated value,0,Units,1,One
DATAFLOW,OECD.SDD.TPS:DSD_LFS@DF_IALFS_LF_WAP_Q(1.0),Labour force participation rate,I,OECD,OECD,LF_WAP,Labour force participation rate,PT_WAP_SUB,Percentage of working age population in the same subgroup,_Z,Not applicable,N,Neither seasonally adjusted nor calendar adjusted,_T,Total,Y55T64,From 55 to 64 years,_Z,Not applicable,A,Annual,2022,,65.27007,,,,E,Estimated value,0,Units,1,One
DATAFLOW,OECD.SDD.TPS:DSD_LFS@DF_IALFS_LF_WAP_Q(1.0),Labour force participation rate,I,OECD,OECD,LF_WAP,Labour force participation rate,PT_WAP_SUB,Percentage of working age population in the same subgroup,_Z,Not applicable,N,Neither seasonally adjusted nor calendar adjusted,F,Female,Y55T64,From 55 to 64 years,_Z,Not applicable,A,Annual,2022,,56.79749,,,,E,Estimated value,0,Units,1,One
DATAFLOW,OECD.SDD.TPS:DSD_LFS@DF_IALFS_LF_WAP_Q(1.0),Labour force participation rate,I,OECD,OECD,LF_WAP,Labour force participation rate,PT_WAP_SUB,Percentage of working age population in the same subgroup,_Z,Not applicable,N,Neither seasonally adjusted nor calendar adjusted,M,Male,Y55T64,From 55 to 64 years,_Z,Not applicable,A,Annual,2021,,73.36745,,,,E,Estimated value,0,Units,1,One
DATAFLOW,OECD.SDD.TPS:DSD_LFS@DF_IALFS_LF_WAP_Q(1.0),Labour force participation rate,I,OECD,OECD,LF_WAP,Labour force participation rate,PT_WAP_SUB,Percentage of working age population in the same subgroup,_Z,Not applicable,N,Neither seasonally adjusted nor calendar adjusted,_T,Total,Y55T64,From 55 to 64 years,_Z,Not applicable,A,Annual,2021,,64.2821,,,,E,Estimated value,0,Units,1,One
DATAFLOW,OECD.SDD.TPS:DSD_LFS@DF_IALFS_LF_WAP_Q(1.0),Labour force participation rate,I,OECD,OECD,LF_WAP,Labour force participation rate,PT_WAP_SUB,Percentage of working age population in the same subgroup,_Z,Not applicable,N,Neither seasonally adjusted nor calendar adjusted,F,Female,Y55T64,From 55 to 64 years,_Z,Not applicable,A,Annual,2021,,55.71054,,,,E,Estimated value,0,Units,1,One
DATAFLOW,OECD.SDD.TPS:DSD_LFS@DF_IALFS_LF_WAP_Q(1.0),Labour force participation rate,I,OECD,OECD,LF_WAP,Labour force participation rate,PT_WAP_SUB,Percentage of working age population in the same subgroup,_Z,Not applicable,N,Neither seasonally adjusted nor calendar adjusted,M,Male,Y55T64,From 55 to 64 years,_Z,Not applicable,A,Annual,2020,,72.41158,,,,E,Estimated value,0,Units,1,One
DATAFLOW,OECD.SDD.TPS:DSD_LFS@DF_IALFS_LF_WAP_Q(1.0),Labour force participation rate,I,OECD,OECD,LF_WAP,Labour force participation rate,PT_WAP_SUB,Percentage of working age population in the same subgroup,_Z,Not applicable,N,Neither seasonally adjusted nor calendar adjusted,_T,Total,Y55T64,From 55 to 64 years,_Z,Not applicable,A,Annual,2020,,63.51094,,,,E,Estimated value,0,Units,1,One
DATAFLOW,OECD.SDD.TPS:DSD_LFS@DF_IALFS_LF_WAP_Q(1.0),Labour force participation rate,I,OECD,OECD,LF_WAP,Labour force participation rate,PT_WAP_SUB,Percentage of working age population in the same subgroup,_Z,Not applicable,N,Neither seasonally adjusted nor calendar adjusted,F,Female,Y55T64,From 55 to 64 years,_Z,Not applicable,A,Annual,2020,,55.09976,,,,E,Estimated value,0,Units,1,One
DATAFLOW,OECD.SDD.TPS:DSD_LFS@DF_IALFS_LF_WAP_Q(1.0),Labour force participation rate,I,OECD,OECD,LF_WAP,Labour force participation rate,PT_WAP_SUB,Percentage of working age population in the same subgroup,_Z,Not applicable,N,Neither seasonally adjusted nor calendar adjusted,M,Male,Y55T64,From 55 to 64 years,_Z,Not applicable,A,Annual,2019,,73.42387,,,,E,Estimated value,0,Units,1,One
DATAFLOW,OECD.SDD.TPS:DSD_LFS@DF_IALFS_LF_WAP_Q(1.0),Labour force participation rate,I,OECD,OECD,LF_WAP,Labour force participation rate,PT_WAP_SUB,Percentage of working age population in the same subgroup,_Z,Not applicable,N,Neither seasonally adjusted nor calendar adjusted,_T,Total,Y55T64,From 55 to 64 years,_Z,Not applicable,A,Annual,2019,,64.36517,,,,E,Estimated value,0,Units,1,One
DATAFLOW,OECD.SDD.TPS:DSD_LFS@DF_IALFS_LF_WAP_Q(1.0),Labour force participation rate,I,OECD,OECD,LF_WAP,Labour force participation rate,PT_WAP_SUB,Percentage of working age population in the same subgroup,_Z,Not applicable,N,Neither seasonally adjusted nor calendar adjusted,F,Female,Y55T64,From 55 to 64 years,_Z,Not applicable,A,Annual,2019,,55.82091,,,,E,Estimated value,0,Units,1,One
DATAFLOW,OECD.SDD.TPS:DSD_LFS@DF_IALFS_LF_WAP_Q(1.0),Labour force participation rate,I,OECD,OECD,LF_WAP,Labour force participation rate,PT_WAP_SUB,Percentage of working age population in the same subgroup,_Z,Not applicable,N,Neither seasonally adjusted nor calendar adjusted,M,Male,Y55T64,From 55 to 64 years,_Z,Not applicable,A,Annual,2018,,73.14315,,,,E,Estimated value,0,Units,1,One
DATAFLOW,OECD.SDD.TPS:DSD_LFS@DF_IALFS_LF_WAP_Q(1.0),Labour force participation rate,I,OECD,OECD,LF_WAP,Labour force participation rate,PT_WAP_SUB,Percentage of working age population in the same subgroup,_Z,Not applicable,N,Neither seasonally adjusted nor calendar adjusted,_T,Total,Y55T64,From 55 to 64 years,_Z,Not applicable,A,Annual,2018,,63.83405,,,,E,Estimated value,0,Units,1,One
DATAFLOW,OECD.SDD.TPS:DSD_LFS@DF_IALFS_LF_WAP_Q(1.0),Labour force participation rate,I,OECD,OECD,LF_WAP,Labour force participation rate,PT_WAP_SUB,Percentage of working age population in the same subgroup,_Z,Not applicable,N,Neither seasonally adjusted nor calendar adjusted,F,Female,Y55T64,From 55 to 64 years,_Z,Not applicable,A,Annual,2018,,55.06141,,,,E,Estimated value,0,Units,1,One
DATAFLOW,OECD.SDD.TPS:DSD_LFS@DF_IALFS_LF_WAP_Q(1.0),Labour force participation rate,I,OECD,OECD,LF_WAP,Labour force participation rate,PT_WAP_SUB,Percentage of working age population in the same subgroup,_Z,Not applicable,N,Neither seasonally adjusted nor calendar adjusted,M,Male,Y55T64,From 55 to 64 years,_Z,Not applicable,A,Annual,2017,,72.37483,,,,E,Estimated value,0,Units,1,One
DATAFLOW,OECD.SDD.TPS:DSD_LFS@DF_IALFS_LF_WAP_Q(1.0),Labour force participation rate,I,OECD,OECD,LF_WAP,Labour force participation rate,PT_WAP_SUB,Percentage of working age population in the same subgroup,_Z,Not applicable,N,Neither seasonally adjusted nor calendar adjusted,_T,Total,Y55T64,From 55 to 64 years,_Z,Not applicable,A,Annual,2017,,63.01294,,,,E,Estimated value,0,Units,1,One
DATAFLOW,OECD.SDD.TPS:DSD_LFS@DF_IALFS_LF_WAP_Q(1.0),Labour force participation rate,I,OECD,OECD,LF_WAP,Labour force participation rate,PT_WAP_SUB,Percentage of working age population in the same subgroup,_Z,Not applicable,N,Neither seasonally adjusted nor calendar adjusted,F,Female,Y55T64,From 55 to 64 years,_Z,Not applicable,A,Annual,2017,,54.20491,,,,E,Estimated value,0,Units,1,One
DATAFLOW,OECD.SDD.TPS:DSD_LFS@DF_IALFS_LF_WAP_Q(1.0),Labour force participation rate,I,OECD,OECD,LF_WAP,Labour force participation rate,PT_WAP_SUB,Percentage of working age population in the same subgroup,_Z,Not applicable,N,Neither seasonally adjusted nor calendar adjusted,M,Male,Y55T64,From 55 to 64 years,_Z,Not applicable,A,Annual,2016,,71.52129,,,,E,Estimated value,0,Units,1,One
DATAFLOW,OECD.SDD.TPS:DSD_LFS@DF_IALFS_LF_WAP_Q(1.0),Labour force participation rate,I,OECD,OECD,LF_WAP,Labour force participation rate,PT_WAP_SUB,Percentage of working age population in the same subgroup,_Z,Not applicable,N,Neither seasonally adjusted nor calendar adjusted,_T,Total,Y55T64,From 55 to 64 years,_Z,Not applicable,A,Annual,2016,,62.04469,,,,E,Estimated value,0,Units,1,One
DATAFLOW,OECD.SDD.TPS:DSD_LFS@DF_IALFS_LF_WAP_Q(1.0),Labour force participation rate,I,OECD,OECD,LF_WAP,Labour force participation rate,PT_WAP_SUB,Percentage of working age population in the same subgroup,_Z,Not applicable,N,Neither seasonally adjusted nor calendar adjusted,F,Female,Y55T64,From 55 to 64 years,_Z,Not applicable,A,Annual,2016,,53.13885,,,,E,Estimated value,0,Units,1,One
DATAFLOW,OECD.SDD.TPS:DSD_LFS@DF_IALFS_LF_WAP_Q(1.0),Labour force participation rate,I,OECD,OECD,LF_WAP,Labour force participation rate,PT_WAP_SUB,Percentage of working age population in the same subgroup,_Z,Not applicable,N,Neither seasonally adjusted nor calendar adjusted,M,Male,Y55T64,From 55 to 64 years,_Z,Not applicable,A,Annual,2015,,70.6568,,,,E,Estimated value,0,Units,1,One
DATAFLOW,OECD.SDD.TPS:DSD_LFS@DF_IALFS_LF_WAP_Q(1.0),Labour force participation rate,I,OECD,OECD,LF_WAP,Labour force participation rate,PT_WAP_SUB,Percentage of working age population in the same subgroup,_Z,Not applicable,N,Neither seasonally adjusted nor calendar adjusted,_T,Total,Y55T64,From 55 to 64 years,_Z,Not applicable,A,Annual,2015,,61.09751,,,,E,Estimated value,0,Units,1,One
DATAFLOW,OECD.SDD.TPS:DSD_LFS@DF_IALFS_LF_WAP_Q(1.0),Labour force participation rate,I,OECD,OECD,LF_WAP,Labour force participation rate,PT_WAP_SUB,Percentage of working age population in the same subgroup,_Z,Not applicable,N,Neither seasonally adjusted nor calendar adjusted,F,Female,Y55T64,From 55 to 64 years,_Z,Not applicable,A,Annual,2015,,52.13007,,,,E,Estimated value,0,Units,1,One
DATAFLOW,OECD.SDD.TPS:DSD_LFS@DF_IALFS_LF_WAP_Q(1.0),Labour force participation rate,I,OECD,OECD,LF_WAP,Labour force participation rate,PT_WAP_SUB,Percentage of working age population in the same subgroup,_Z,Not applicable,N,Neither seasonally adjusted nor calendar adjusted,M,Male,Y55T64,From 55 to 64 years,_Z,Not applicable,A,Annual,2014,,70.07378,,,,E,Estimated value,0,Units,1,One
DATAFLOW,OECD.SDD.TPS:DSD_LFS@DF_IALFS_LF_WAP_Q(1.0),Labour force participation rate,I,OECD,OECD,LF_WAP,Labour force participation rate,PT_WAP_SUB,Percentage of working age population in the same subgroup,_Z,Not applicable,N,Neither seasonally adjusted nor calendar adjusted,_T,Total,Y55T64,From 55 to 64 years,_Z,Not applicable,A,Annual,2014,,60.38311,,,,E,Estimated value,0,Units,1,One
DATAFLOW,OECD.SDD.TPS:DSD_LFS@DF_IALFS_LF_WAP_Q(1.0),Labour force participation rate,I,KOR,Korea,LF_WAP,Labour force participation rate,PT_WAP_SUB,Percentage of working age population in the same subgroup,_Z,Not applicable,N,Neither seasonally adjusted nor calendar adjusted,F,Female,Y25T54,From 25 to 54 years,_Z,Not applicable,A,Annual,2013,,63.39592,,,,A,Normal value,0,Units,1,One
DATAFLOW,OECD.SDD.TPS:DSD_LFS@DF_IALFS_LF_WAP_Q(1.0),Labour force participation rate,I,KOR,Korea,LF_WAP,Labour force participation rate,PT_WAP_SUB,Percentage of working age population in the same subgroup,_Z,Not applicable,N,Neither seasonally adjusted nor calendar adjusted,F,Female,Y25T54,From 25 to 54 years,_Z,Not applicable,A,Annual,2012,,62.84475,,,,A,Normal value,0,Units,1,One
DATAFLOW,OECD.SDD.TPS:DSD_LFS@DF_IALFS_LF_WAP_Q(1.0),Labour force participation rate,I,KOR,Korea,LF_WAP,Labour force participation rate,PT_WAP_SUB,Percentage of working age population in the same subgroup,_Z,Not applicable,N,Neither seasonally adjusted nor calendar adjusted,F,Female,Y25T54,From 25 to 54 years,_Z,Not applicable,A,Annual,2011,,62.73676,,,,A,Normal value,0,Units,1,One
DATAFLOW,OECD.SDD.TPS:DSD_LFS@DF_IALFS_LF_WAP_Q(1.0),Labour force participation rate,I,KOR,Korea,LF_WAP,Labour force participation rate,PT_WAP_SUB,Percentage of working age population in the same subgroup,_Z,Not applicable,N,Neither seasonally adjusted nor calendar adjusted,F,Female,Y25T54,From 25 to 54 years,_Z,Not applicable,A,Annual,2010,,62.17345,,,,A,Normal value,0,Units,1,One
DATAFLOW,OECD.SDD.TPS:DSD_LFS@DF_IALFS_LF_WAP_Q(1.0),Labour force participation rate,I,KOR,Korea,LF_WAP,Labour force participation rate,PT_WAP_SUB,Percentage of working age population in the same subgroup,_Z,Not applicable,N,Neither seasonally adjusted nor calendar adjusted,F,Female,Y25T54,From 25 to 54 years,_Z,Not applicable,A,Annual,2009,,61.54348,,,,A,Normal value,0,Units,1,One
DATAFLOW,OECD.SDD.TPS:DSD_LFS@DF_IALFS_LF_WAP_Q(1.0),Labour force participation rate,I,KOR,Korea,LF_WAP,Labour force participation rate,PT_WAP_SUB,Percentage of working age population in the same subgroup,_Z,Not applicable,N,Neither seasonally adjusted nor calendar adjusted,F,Female,Y25T54,From 25 to 54 years,_Z,Not applicable,A,Annual,2008,,62.30183,,,,A,Normal value,0,Units,1,One
DATAFLOW,OECD.SDD.TPS:DSD_LFS@DF_IALFS_LF_WAP_Q(1.0),Labour force participation rate,I,KOR,Korea,LF_WAP,Labour force participation rate,PT_WAP_SUB,Percentage of working age population in the same subgroup,_Z,Not applicable,N,Neither seasonally adjusted nor calendar adjusted,F,Female,Y25T54,From 25 to 54 years,_Z,Not applicable,A,Annual,2007,,62.02254,,,,A,Normal value,0,Units,1,One
DATAFLOW,OECD.SDD.TPS:DSD_LFS@DF_IALFS_LF_WAP_Q(1.0),Labour force participation rate,I,KOR,Korea,LF_WAP,Labour force participation rate,PT_WAP_SUB,Percentage of working age population in the same subgroup,_Z,Not applicable,N,Neither seasonally adjusted nor calendar adjusted,F,Female,Y25T54,From 25 to 54 years,_Z,Not applicable,A,Annual,2006,,61.54787,,,,A,Normal value,0,Units,1,One
DATAFLOW,OECD.SDD.TPS:DSD_LFS@DF_IALFS_LF_WAP_Q(1.0),Labour force participation rate,I,KOR,Korea,LF_WAP,Labour force participation rate,PT_WAP_SUB,Percentage of working age population in the same subgroup,_Z,Not applicable,N,Neither seasonally adjusted nor calendar adjusted,F,Female,Y25T54,From 25 to 54 years,_Z,Not applicable,A,Annual,2005,,60.39444,,,,A,Normal value,0,Units,1,One
DATAFLOW,OECD.SDD.TPS:DSD_LFS@DF_IALFS_LF_WAP_Q(1.0),Labour force participation rate,I,KOR,Korea,LF_WAP,Labour force participation rate,PT_WAP_SUB,Percentage of working age population in the same subgroup,_Z,Not applicable,N,Neither seasonally adjusted nor calendar adjusted,F,Female,Y25T54,From 25 to 54 years,_Z,Not applicable,A,Annual,2004,,59.78265,,,,A,Normal value,0,Units,1,One
DATAFLOW,OECD.SDD.TPS:DSD_LFS@DF_IALFS_LF_WAP_Q(1.0),Labour force participation rate,I,KOR,Korea,LF_WAP,Labour force participation rate,PT_WAP_SUB,Percentage of working age population in the same subgroup,_Z,Not applicable,N,Neither seasonally adjusted nor calendar adjusted,F,Female,Y25T54,From 25 to 54 years,_Z,Not applicable,A,Annual,2003,,58.4388,,,,A,Normal value,0,Units,1,One
DATAFLOW,OECD.SDD.TPS:DSD_LFS@DF_IALFS_LF_WAP_Q(1.0),Labour force participation rate,I,KOR,Korea,LF_WAP,Labour force participation rate,PT_WAP_SUB,Percentage of working age population in the same subgroup,_Z,Not applicable,N,Neither seasonally adjusted nor calendar adjusted,F,Female,Y25T54,From 25 to 54 years,_Z,Not applicable,A,Annual,2002,,59.07478,,,,A,Normal value,0,Units,1,One
DATAFLOW,OECD.SDD.TPS:DSD_LFS@DF_IALFS_LF_WAP_Q(1.0),Labour force participation rate,I,KOR,Korea,LF_WAP,Labour force participation rate,PT_WAP_SUB,Percentage of working age population in the same subgroup,_Z,Not applicable,N,Neither seasonally adjusted nor calendar adjusted,F,Female,Y25T54,From 25 to 54 years,_Z,Not applicable,A,Annual,2001,,58.43002,,,,A,Normal value,0,Units,1,One
DATAFLOW,OECD.SDD.TPS:DSD_LFS@DF_IALFS_LF_WAP_Q(1.0),Labour force participation rate,I,KOR,Korea,LF_WAP,Labour force participation rate,PT_WAP_SUB,Percentage of working age population in the same subgroup,_Z,Not applicable,N,Neither seasonally adjusted nor calendar adjusted,F,Female,Y25T54,From 25 to 54 years,_Z,Not applicable,A,Annual,2000,,57.8195,,,,A,Normal value,0,Units,1,One
DATAFLOW,OECD.SDD.TPS:DSD_LFS@DF_IALFS_LF_WAP_Q(1.0),Labour force participation rate,I,KOR,Korea,LF_WAP,Labour force participation rate,PT_WAP_SUB,Percentage of working age population in the same subgroup,_Z,Not applicable,N,Neither seasonally adjusted nor calendar adjusted,F,Female,Y55T64,From 55 to 64 years,_Z,Not applicable,A,Annual,2025,,62.74955,,,,A,Normal value,0,Units,1,One
DATAFLOW,OECD.SDD.TPS:DSD_LFS@DF_IALFS_LF_WAP_Q(1.0),Labour force participation rate,I,KOR,Korea,LF_WAP,Labour force participation rate,PT_WAP_SUB,Percentage of working age population in the same subgroup,_Z,Not applicable,N,Neither seasonally adjusted nor calendar adjusted,F,Female,Y55T64,From 55 to 64 years,_Z,Not applicable,A,Annual,2024,,61.73626,,,,A,Normal value,0,Units,1,One
DATAFLOW,OECD.SDD.TPS:DSD_LFS@DF_IALFS_LF_WAP_Q(1.0),Labour force participation rate,I,KOR,Korea,LF_WAP,Labour force participation rate,PT_WAP_SUB,Percentage of working age population in the same subgroup,_Z,Not applicable,N,Neither seasonally adjusted nor calendar adjusted,_T,Total,Y15T64,From 15 to 64 years,_Z,Not applicable,A,Annual,2000,,64.47632,,,,A,Normal value,0,Units,1,One
DATAFLOW,OECD.SDD.TPS:DSD_LFS@DF_IALFS_LF_WAP_Q(1.0),Labour force participation rate,I,OECD,OECD,LF_WAP,Labour force participation rate,PT_WAP_SUB,Percentage of working age population in the same subgroup,_Z,Not applicable,N,Neither seasonally adjusted nor calendar adjusted,_T,Total,Y55T64,From 55 to 64 years,_Z,Not applicable,A,Annual,2013,,59.5624,,,,E,Estimated value,0,Units,1,One
DATAFLOW,OECD.SDD.TPS:DSD_LFS@DF_IALFS_LF_WAP_Q(1.0),Labour force participation rate,I,OECD,OECD,LF_WAP,Labour force participation rate,PT_WAP_SUB,Percentage of working age population in the same subgroup,_Z,Not applicable,N,Neither seasonally adjusted nor calendar adjusted,F,Female,Y55T64,From 55 to 64 years,_Z,Not applicable,A,Annual,2013,,50.41216,,,,E,Estimated value,0,Units,1,One
DATAFLOW,OECD.SDD.TPS:DSD_LFS@DF_IALFS_LF_WAP_Q(1.0),Labour force participation rate,I,OECD,OECD,LF_WAP,Labour force participation rate,PT_WAP_SUB,Percentage of working age population in the same subgroup,_Z,Not applicable,N,Neither seasonally adjusted nor calendar adjusted,M,Male,Y55T64,From 55 to 64 years,_Z,Not applicable,A,Annual,2012,,68.62843,,,,E,Estimated value,0,Units,1,One
DATAFLOW,OECD.SDD.TPS:DSD_LFS@DF_IALFS_LF_WAP_Q(1.0),Labour force participation rate,I,OECD,OECD,LF_WAP,Labour force participation rate,PT_WAP_SUB,Percentage of working age population in the same subgroup,_Z,Not applicable,N,Neither seasonally adjusted nor calendar adjusted,_T,Total,Y55T64,From 55 to 64 years,_Z,Not applicable,A,Annual,2012,,58.71319,,,,E,Estimated value,0,Units,1,One
DATAFLOW,OECD.SDD.TPS:DSD_LFS@DF_IALFS_LF_WAP_Q(1.0),Labour force participation rate,I,OECD,OECD,LF_WAP,Labour force participation rate,PT_WAP_SUB,Percentage of working age population in the same subgroup,_Z,Not applicable,N,Neither seasonally adjusted nor calendar adjusted,F,Female,Y55T64,From 55 to 64 years,_Z,Not applicable,A,Annual,2012,,49.41052,,,,E,Estimated value,0,Units,1,One
DATAFLOW,OECD.SDD.TPS:DSD_LFS@DF_IALFS_LF_WAP_Q(1.0),Labour force participation rate,I,OECD,OECD,LF_WAP,Labour force participation rate,PT_WAP_SUB,Percentage of working age population in the same subgroup,_Z,Not applicable,N,Neither seasonally adjusted nor calendar adjusted,M,Male,Y55T64,From 55 to 64 years,_Z,Not applicable,A,Annual,2011,,67.76054,,,,E,Estimated value,0,Units,1,One
DATAFLOW,OECD.SDD.TPS:DSD_LFS@DF_IALFS_LF_WAP_Q(1.0),Labour force participation rate,I,OECD,OECD,LF_WAP,Labour force participation rate,PT_WAP_SUB,Percentage of working age population in the same subgroup,_Z,Not applicable,N,Neither seasonally adjusted nor calendar adjusted,_T,Total,Y55T64,From 55 to 64 years,_Z,Not applicable,A,Annual,2011,,57.78475,,,,E,Estimated value,0,Units,1,One
DATAFLOW,OECD.SDD.TPS:DSD_LFS@DF_IALFS_LF_WAP_Q(1.0),Labour force participation rate,I,OECD,OECD,LF_WAP,Labour force participation rate,PT_WAP_SUB,Percentage of working age population in the same subgroup,_Z,Not applicable,N,Neither seasonally adjusted nor calendar adjusted,F,Female,Y55T64,From 55 to 64 years,_Z,Not applicable,A,Annual,2011,,48.37044,,,,E,Estimated value,0,Units,1,One
DATAFLOW,OECD.SDD.TPS:DSD_LFS@DF_IALFS_LF_WAP_Q(1.0),Labour force participation rate,I,OECD,OECD,LF_WAP,Labour force participation rate,PT_WAP_SUB,Percentage of working age population in the same subgroup,_Z,Not applicable,N,Neither seasonally adjusted nor calendar adjusted,M,Male,Y15T64,From 15 to 64 years,_Z,Not applicable,A,Annual,2023,,80.81536,,,,E,Estimated value,0,Units,1,One
DATAFLOW,OECD.SDD.TPS:DSD_LFS@DF_IALFS_LF_WAP_Q(1.0),Labour force participation rate,I,OECD,OECD,LF_WAP,Labour force participation rate,PT_WAP_SUB,Percentage of working age population in the same subgroup,_Z,Not applicable,N,Neither seasonally adjusted nor calendar adjusted,F,Female,Y15T64,From 15 to 64 years,_Z,Not applicable,A,Annual,2023,,66.63531,,,,E,Estimated value,0,Units,1,One
DATAFLOW,OECD.SDD.TPS:DSD_LFS@DF_IALFS_LF_WAP_Q(1.0),Labour force participation rate,I,OECD,OECD,LF_WAP,Labour force participation rate,PT_WAP_SUB,Percentage of working age population in the same subgroup,_Z,Not applicable,N,Neither seasonally adjusted nor calendar adjusted,_T,Total,Y15T64,From 15 to 64 years,_Z,Not applicable,A,Annual,2023,,73.6901,,,,E,Estimated value,0,Units,1,One
DATAFLOW,OECD.SDD.TPS:DSD_LFS@DF_IALFS_LF_WAP_Q(1.0),Labour force participation rate,I,OECD,OECD,LF_WAP,Labour force participation rate,PT_WAP_SUB,Percentage of working age population in the same subgroup,_Z,Not applicable,N,Neither seasonally adjusted nor calendar adjusted,M,Male,Y15T64,From 15 to 64 years,_Z,Not applicable,A,Annual,2022,,80.5405,,,,E,Estimated value,0,Units,1,One
DATAFLOW,OECD.SDD.TPS:DSD_LFS@DF_IALFS_LF_WAP_Q(1.0),Labour force participation rate,I,OECD,OECD,LF_WAP,Labour force participation rate,PT_WAP_SUB,Percentage of working age population in the same subgroup,_Z,Not applicable,N,Neither seasonally adjusted nor calendar adjusted,F,Female,Y15T64,From 15 to 64 years,_Z,Not applicable,A,Annual,2022,,65.77606,,,,E,Estimated value,0,Units,1,One
DATAFLOW,OECD.SDD.TPS:DSD_LFS@DF_IALFS_LF_WAP_Q(1.0),Labour force participation rate,I,OECD,OECD,LF_WAP,Labour force participation rate,PT_WAP_SUB,Percentage of working age population in the same subgroup,_Z,Not applicable,N,Neither seasonally adjusted nor calendar adjusted,_T,Total,Y15T64,From 15 to 64 years,_Z,Not applicable,A,Annual,2022,,73.10819,,,,E,Estimated value,0,Units,1,One
DATAFLOW,OECD.SDD.TPS:DSD_LFS@DF_IALFS_LF_WAP_Q(1.0),Labour force participation rate,I,OECD,OECD,LF_WAP,Labour force participation rate,PT_WAP_SUB,Percentage of working age population in the same subgroup,_Z,Not applicable,N,Neither seasonally adjusted nor calendar adjusted,M,Male,Y15T64,From 15 to 64 years,_Z,Not applicable,A,Annual,2021,,79.96343,,,,E,Estimated value,0,Units,1,One
DATAFLOW,OECD.SDD.TPS:DSD_LFS@DF_IALFS_LF_WAP_Q(1.0),Labour force participation rate,I,OECD,OECD,LF_WAP,Labour force participation rate,PT_WAP_SUB,Percentage of working age population in the same subgroup,_Z,Not applicable,N,Neither seasonally adjusted nor calendar adjusted,F,Female,Y15T64,From 15 to 64 years,_Z,Not applicable,A,Annual,2021,,64.6397,,,,E,Estimated value,0,Units,1,One
DATAFLOW,OECD.SDD.TPS:DSD_LFS@DF_IALFS_LF_WAP_Q(1.0),Labour force participation rate,I,OECD,OECD,LF_WAP,Labour force participation rate,PT_WAP_SUB,Percentage of working age population in the same subgroup,_Z,Not applicable,N,Neither seasonally adjusted nor calendar adjusted,_T,Total,Y15T64,From 15 to 64 years,_Z,Not applicable,A,Annual,2021,,72.24498,,,,E,Estimated value,0,Units,1,One
DATAFLOW,OECD.SDD.TPS:DSD_LFS@DF_IALFS_LF_WAP_Q(1.0),Labour force participation rate,I,OECD,OECD,LF_WAP,Labour force participation rate,PT_WAP_SUB,Percentage of working age population in the same subgroup,_Z,Not applicable,N,Neither seasonally adjusted nor calendar adjusted,M,Male,Y15T64,From 15 to 64 years,_Z,Not applicable,A,Annual,2020,,78.8204,,,,E,Estimated value,0,Units,1,One
DATAFLOW,OECD.SDD.TPS:DSD_LFS@DF_IALFS_LF_WAP_Q(1.0),Labour force participation rate,I,OECD,OECD,LF_WAP,Labour force participation rate,PT_WAP_SUB,Percentage of working age population in the same subgroup,_Z,Not applicable,N,Neither seasonally adjusted nor calendar adjusted,F,Female,Y15T64,From 15 to 64 years,_Z,Not applicable,A,Annual,2020,,63.55207,,,,E,Estimated value,0,Units,1,One
DATAFLOW,OECD.SDD.TPS:DSD_LFS@DF_IALFS_LF_WAP_Q(1.0),Labour force participation rate,I,OECD,OECD,LF_WAP,Labour force participation rate,PT_WAP_SUB,Percentage of working age population in the same subgroup,_Z,Not applicable,N,Neither seasonally adjusted nor calendar adjusted,_T,Total,Y15T64,From 15 to 64 years,_Z,Not applicable,A,Annual,2020,,71.12865,,,,E,Estimated value,0,Units,1,One
DATAFLOW,OECD.SDD.TPS:DSD_LFS@DF_IALFS_LF_WAP_Q(1.0),Labour force participation rate,I,KOR,Korea,LF_WAP,Labour force participation rate,PT_WAP_SUB,Percentage of working age population in the same subgroup,_Z,Not applicable,N,Neither seasonally adjusted nor calendar adjusted,F,Female,Y55T64,From 55 to 64 years,_Z,Not applicable,A,Annual,2023,,61.3746,,,,A,Normal value,0,Units,1,One
DATAFLOW,OECD.SDD.TPS:DSD_LFS@DF_IALFS_LF_WAP_Q(1.0),Labour force participation rate,I,KOR,Korea,LF_WAP,Labour force participation rate,PT_WAP_SUB,Percentage of working age population in the same subgroup,_Z,Not applicable,N,Neither seasonally adjusted nor calendar adjusted,F,Female,Y55T64,From 55 to 64 years,_Z,Not applicable,A,Annual,2022,,59.52899,,,,A,Normal value,0,Units,1,One
DATAFLOW,OECD.SDD.TPS:DSD_LFS@DF_IALFS_LF_WAP_Q(1.0),Labour force participation rate,I,KOR,Korea,LF_WAP,Labour force participation rate,PT_WAP_SUB,Percentage of working age population in the same subgroup,_Z,Not applicable,N,Neither seasonally adjusted nor calendar adjusted,F,Female,Y55T64,From 55 to 64 years,_Z,Not applicable,A,Annual,2021,,57.16427,,,,A,Normal value,0,Units,1,One
DATAFLOW,OECD.SDD.TPS:DSD_LFS@DF_IALFS_LF_WAP_Q(1.0),Labour force participation rate,I,KOR,Korea,LF_WAP,Labour force participation rate,PT_WAP_SUB,Percentage of working age population in the same subgroup,_Z,Not applicable,N,Neither seasonally adjusted nor calendar adjusted,F,Female,Y55T64,From 55 to 64 years,_Z,Not applicable,A,Annual,2020,,57.17536,,,,A,Normal value,0,Units,1,One
DATAFLOW,OECD.SDD.TPS:DSD_LFS@DF_IALFS_LF_WAP_Q(1.0),Labour force participation rate,I,KOR,Korea,LF_WAP,Labour force participation rate,PT_WAP_SUB,Percentage of working age population in the same subgroup,_Z,Not applicable,N,Neither seasonally adjusted nor calendar adjusted,F,Female,Y55T64,From 55 to 64 years,_Z,Not applicable,A,Annual,2019,,57.0345,,,,A,Normal value,0,Units,1,One
DATAFLOW,OECD.SDD.TPS:DSD_LFS@DF_IALFS_LF_WAP_Q(1.0),Labour force participation rate,I,KOR,Korea,LF_WAP,Labour force participation rate,PT_WAP_SUB,Percentage of working age population in the same subgroup,_Z,Not applicable,N,Neither seasonally adjusted nor calendar adjusted,F,Female,Y55T64,From 55 to 64 years,_Z,Not applicable,A,Annual,2018,,55.78882,,,,A,Normal value,0,Units,1,One
DATAFLOW,OECD.SDD.TPS:DSD_LFS@DF_IALFS_LF_WAP_Q(1.0),Labour force participation rate,I,KOR,Korea,LF_WAP,Labour force participation rate,PT_WAP_SUB,Percentage of working age population in the same subgroup,_Z,Not applicable,N,Neither seasonally adjusted nor calendar adjusted,F,Female,Y55T64,From 55 to 64 years,_Z,Not applicable,A,Annual,2017,,55.86088,,,,A,Normal value,0,Units,1,One
DATAFLOW,OECD.SDD.TPS:DSD_LFS@DF_IALFS_LF_WAP_Q(1.0),Labour force participation rate,I,KOR,Korea,LF_WAP,Labour force participation rate,PT_WAP_SUB,Percentage of working age population in the same subgroup,_Z,Not applicable,N,Neither seasonally adjusted nor calendar adjusted,F,Female,Y55T64,From 55 to 64 years,_Z,Not applicable,A,Annual,2016,,54.73689,,,,A,Normal value,0,Units,1,One
DATAFLOW,OECD.SDD.TPS:DSD_LFS@DF_IALFS_LF_WAP_Q(1.0),Labour force participation rate,I,KOR,Korea,LF_WAP,Labour force participation rate,PT_WAP_SUB,Percentage of working age population in the same subgroup,_Z,Not applicable,N,Neither seasonally adjusted nor calendar adjusted,F,Female,Y55T64,From 55 to 64 years,_Z,Not applicable,A,Annual,2015,,54.30431,,,,A,Normal value,0,Units,1,One
DATAFLOW,OECD.SDD.TPS:DSD_LFS@DF_IALFS_LF_WAP_Q(1.0),Labour force participation rate,I,KOR,Korea,LF_WAP,Labour force participation rate,PT_WAP_SUB,Percentage of working age population in the same subgroup,_Z,Not applicable,N,Neither seasonally adjusted nor calendar adjusted,F,Female,Y55T64,From 55 to 64 years,_Z,Not applicable,A,Annual,2014,,53.14327,,,,A,Normal value,0,Units,1,One
DATAFLOW,OECD.SDD.TPS:DSD_LFS@DF_IALFS_LF_WAP_Q(1.0),Labour force participation rate,I,KOR,Korea,LF_WAP,Labour force participation rate,PT_WAP_SUB,Percentage of working age population in the same subgroup,_Z,Not applicable,N,Neither seasonally adjusted nor calendar adjusted,F,Female,Y55T64,From 55 to 64 years,_Z,Not applicable,A,Annual,2013,,51.46783,,,,A,Normal value,0,Units,1,One
DATAFLOW,OECD.SDD.TPS:DSD_LFS@DF_IALFS_LF_WAP_Q(1.0),Labour force participation rate,I,KOR,Korea,LF_WAP,Labour force participation rate,PT_WAP_SUB,Percentage of working age population in the same subgroup,_Z,Not applicable,N,Neither seasonally adjusted nor calendar adjusted,F,Female,Y55T64,From 55 to 64 years,_Z,Not applicable,A,Annual,2012,,50.28863,,,,A,Normal value,0,Units,1,One
DATAFLOW,OECD.SDD.TPS:DSD_LFS@DF_IALFS_LF_WAP_Q(1.0),Labour force participation rate,I,KOR,Korea,LF_WAP,Labour force participation rate,PT_WAP_SUB,Percentage of working age population in the same subgroup,_Z,Not applicable,N,Neither seasonally adjusted nor calendar adjusted,F,Female,Y55T64,From 55 to 64 years,_Z,Not applicable,A,Annual,2011,,48.98239,,,,A,Normal value,0,Units,1,One
DATAFLOW,OECD.SDD.TPS:DSD_LFS@DF_IALFS_LF_WAP_Q(1.0),Labour force participation rate,I,KOR,Korea,LF_WAP,Labour force participation rate,PT_WAP_SUB,Percentage of working age population in the same subgroup,_Z,Not applicable,N,Neither seasonally adjusted nor calendar adjusted,F,Female,Y55T64,From 55 to 64 years,_Z,Not applicable,A,Annual,2010,,48.11277,,,,A,Normal value,0,Units,1,One
DATAFLOW,OECD.SDD.TPS:DSD_LFS@DF_IALFS_LF_WAP_Q(1.0),Labour force participation rate,I,KOR,Korea,LF_WAP,Labour force participation rate,PT_WAP_SUB,Percentage of working age population in the same subgroup,_Z,Not applicable,N,Neither seasonally adjusted nor calendar adjusted,F,Female,Y55T64,From 55 to 64 years,_Z,Not applicable,A,Annual,2009,,47.4217,,,,A,Normal value,0,Units,1,One
DATAFLOW,OECD.SDD.TPS:DSD_LFS@DF_IALFS_LF_WAP_Q(1.0),Labour force participation rate,I,OECD,OECD,LF_WAP,Labour force participation rate,PT_WAP_SUB,Percentage of working age population in the same subgroup,_Z,Not applicable,N,Neither seasonally adjusted nor calendar adjusted,_T,Total,Y15T64,From 15 to 64 years,_Z,Not applicable,A,Annual,2014,,71.11326,,,,E,Estimated value,0,Units,1,One
DATAFLOW,OECD.SDD.TPS:DSD_LFS@DF_IALFS_LF_WAP_Q(1.0),Labour force participation rate,I,OECD,OECD,LF_WAP,Labour force participation rate,PT_WAP_SUB,Percentage of working age population in the same subgroup,_Z,Not applicable,N,Neither seasonally adjusted nor calendar adjusted,M,Male,Y15T64,From 15 to 64 years,_Z,Not applicable,A,Annual,2013,,79.54011,,,,E,Estimated value,0,Units,1,One
DATAFLOW,OECD.SDD.TPS:DSD_LFS@DF_IALFS_LF_WAP_Q(1.0),Labour force participation rate,I,OECD,OECD,LF_WAP,Labour force participation rate,PT_WAP_SUB,Percentage of working age population in the same subgroup,_Z,Not applicable,N,Neither seasonally adjusted nor calendar adjusted,F,Female,Y15T64,From 15 to 64 years,_Z,Not applicable,A,Annual,2013,,62.49117,,,,E,Estimated value,0,Units,1,One
DATAFLOW,OECD.SDD.TPS:DSD_LFS@DF_IALFS_LF_WAP_Q(1.0),Labour force participation rate,I,OECD,OECD,LF_WAP,Labour force participation rate,PT_WAP_SUB,Percentage of working age population in the same subgroup,_Z,Not applicable,N,Neither seasonally adjusted nor calendar adjusted,_T,Total,Y15T64,From 15 to 64 years,_Z,Not applicable,A,Annual,2013,,70.92995,,,,E,Estimated value,0,Units,1,One
DATAFLOW,OECD.SDD.TPS:DSD_LFS@DF_IALFS_LF_WAP_Q(1.0),Labour force participation rate,I,OECD,OECD,LF_WAP,Labour force participation rate,PT_WAP_SUB,Percentage of working age population in the same subgroup,_Z,Not applicable,N,Neither seasonally adjusted nor calendar adjusted,M,Male,Y15T64,From 15 to 64 years,_Z,Not applicable,A,Annual,2012,,79.5426,,,,E,Estimated value,0,Units,1,One
DATAFLOW,OECD.SDD.TPS:DSD_LFS@DF_IALFS_LF_WAP_Q(1.0),Labour force participation rate,I,OECD,OECD,LF_WAP,Labour force participation rate,PT_WAP_SUB,Percentage of working age population in the same subgroup,_Z,Not applicable,N,Neither seasonally adjusted nor calendar adjusted,F,Female,Y15T64,From 15 to 64 years,_Z,Not applicable,A,Annual,2012,,62.16451,,,,E,Estimated value,0,Units,1,One
DATAFLOW,OECD.SDD.TPS:DSD_LFS@DF_IALFS_LF_WAP_Q(1.0),Labour force participation rate,I,OECD,OECD,LF_WAP,Labour force participation rate,PT_WAP_SUB,Percentage of working age population in the same subgroup,_Z,Not applicable,N,Neither seasonally adjusted nor calendar adjusted,_T,Total,Y15T64,From 15 to 64 years,_Z,Not applicable,A,Annual,2012,,70.76441,,,,E,Estimated value,0,Units,1,One
DATAFLOW,OECD.SDD.TPS:DSD_LFS@DF_IALFS_LF_WAP_Q(1.0),Labour force participation rate,I,OECD,OECD,LF_WAP,Labour force participation rate,PT_WAP_SUB,Percentage of working age population in the same subgroup,_Z,Not applicable,N,Neither seasonally adjusted nor calendar adjusted,M,Male,Y15T64,From 15 to 64 years,_Z,Not applicable,A,Annual,2011,,79.43365,,,,E,Estimated value,0,Units,1,One
DATAFLOW,OECD.SDD.TPS:DSD_LFS@DF_IALFS_LF_WAP_Q(1.0),Labour force participation rate,I,OECD,OECD,LF_WAP,Labour force participation rate,PT_WAP_SUB,Percentage of working age population in the same subgroup,_Z,Not applicable,N,Neither seasonally adjusted nor calendar adjusted,F,Female,Y15T64,From 15 to 64 years,_Z,Not applicable,A,Annual,2011,,61.71273,,,,E,Estimated value,0,Units,1,One
DATAFLOW,OECD.SDD.TPS:DSD_LFS@DF_IALFS_LF_WAP_Q(1.0),Labour force participation rate,I,OECD,OECD,LF_WAP,Labour force participation rate,PT_WAP_SUB,Percentage of working age population in the same subgroup,_Z,Not applicable,N,Neither seasonally adjusted nor calendar adjusted,M,Male,Y15T64,From 15 to 64 years,_Z,Not applicable,A,Annual,2018,,80.43774,,,,E,Estimated value,0,Units,1,One
DATAFLOW,OECD.SDD.TPS:DSD_LFS@DF_IALFS_LF_WAP_Q(1.0),Labour force participation rate,I,OECD,OECD,LF_WAP,Labour force participation rate,PT_WAP_SUB,Percentage of working age population in the same subgroup,_Z,Not applicable,N,Neither seasonally adjusted nor calendar adjusted,F,Female,Y15T64,From 15 to 64 years,_Z,Not applicable,A,Annual,2018,,64.51048,,,,E,Estimated value,0,Units,1,One
DATAFLOW,OECD.SDD.TPS:DSD_LFS@DF_IALFS_LF_WAP_Q(1.0),Labour force participation rate,I,OECD,OECD,LF_WAP,Labour force participation rate,PT_WAP_SUB,Percentage of working age population in the same subgroup,_Z,Not applicable,N,Neither seasonally adjusted nor calendar adjusted,_T,Total,Y15T64,From 15 to 64 years,_Z,Not applicable,A,Annual,2018,,72.4119,,,,E,Estimated value,0,Units,1,One
DATAFLOW,OECD.SDD.TPS:DSD_LFS@DF_IALFS_LF_WAP_Q(1.0),Labour force participation rate,I,OECD,OECD,LF_WAP,Labour force participation rate,PT_WAP_SUB,Percentage of working age population in the same subgroup,_Z,Not applicable,N,Neither seasonally adjusted nor calendar adjusted,M,Male,Y15T64,From 15 to 64 years,_Z,Not applicable,A,Annual,2017,,80.18446,,,,E,Estimated value,0,Units,1,One
DATAFLOW,OECD.SDD.TPS:DSD_LFS@DF_IALFS_LF_WAP_Q(1.0),Labour force participation rate,I,OECD,OECD,LF_WAP,Labour force participation rate,PT_WAP_SUB,Percentage of working age population in the same subgroup,_Z,Not applicable,N,Neither seasonally adjusted nor calendar adjusted,F,Female,Y15T64,From 15 to 64 years,_Z,Not applicable,A,Annual,2017,,64.03161,,,,E,Estimated value,0,Units,1,One
DATAFLOW,OECD.SDD.TPS:DSD_LFS@DF_IALFS_LF_WAP_Q(1.0),Labour force participation rate,I,OECD,OECD,LF_WAP,Labour force participation rate,PT_WAP_SUB,Percentage of working age population in the same subgroup,_Z,Not applicable,N,Neither seasonally adjusted nor calendar adjusted,_T,Total,Y15T64,From 15 to 64 years,_Z,Not applicable,A,Annual,2017,,72.04192,,,,E,Estimated value,0,Units,1,One
DATAFLOW,OECD.SDD.TPS:DSD_LFS@DF_IALFS_LF_WAP_Q(1.0),Labour force participation rate,I,OECD,OECD,LF_WAP,Labour force participation rate,PT_WAP_SUB,Percentage of working age population in the same subgroup,_Z,Not applicable,N,Neither seasonally adjusted nor calendar adjusted,M,Male,Y15T64,From 15 to 64 years,_Z,Not applicable,A,Annual,2016,,79.97945,,,,E,Estimated value,0,Units,1,One
DATAFLOW,OECD.SDD.TPS:DSD_LFS@DF_IALFS_LF_WAP_Q(1.0),Labour force participation rate,I,OECD,OECD,LF_WAP,Labour force participation rate,PT_WAP_SUB,Percentage of working age population in the same subgroup,_Z,Not applicable,N,Neither seasonally adjusted nor calendar adjusted,F,Female,Y15T64,From 15 to 64 years,_Z,Not applicable,A,Annual,2016,,63.51476,,,,E,Estimated value,0,Units,1,One
DATAFLOW,OECD.SDD.TPS:DSD_LFS@DF_IALFS_LF_WAP_Q(1.0),Labour force participation rate,I,OECD,OECD,LF_WAP,Labour force participation rate,PT_WAP_SUB,Percentage of working age population in the same subgroup,_Z,Not applicable,N,Neither seasonally adjusted nor calendar adjusted,_T,Total,Y15T64,From 15 to 64 years,_Z,Not applicable,A,Annual,2016,,71.67684,,,,E,Estimated value,0,Units,1,One
DATAFLOW,OECD.SDD.TPS:DSD_LFS@DF_IALFS_LF_WAP_Q(1.0),Labour force participation rate,I,OECD,OECD,LF_WAP,Labour force participation rate,PT_WAP_SUB,Percentage of working age population in the same subgroup,_Z,Not applicable,N,Neither seasonally adjusted nor calendar adjusted,M,Male,Y15T64,From 15 to 64 years,_Z,Not applicable,A,Annual,2015,,79.7572,,,,E,Estimated value,0,Units,1,One
DATAFLOW,OECD.SDD.TPS:DSD_LFS@DF_IALFS_LF_WAP_Q(1.0),Labour force participation rate,I,OECD,OECD,LF_WAP,Labour force participation rate,PT_WAP_SUB,Percentage of working age population in the same subgroup,_Z,Not applicable,N,Neither seasonally adjusted nor calendar adjusted,F,Female,Y15T64,From 15 to 64 years,_Z,Not applicable,A,Annual,2015,,63.01744,,,,E,Estimated value,0,Units,1,One
DATAFLOW,OECD.SDD.TPS:DSD_LFS@DF_IALFS_LF_WAP_Q(1.0),Labour force participation rate,I,OECD,OECD,LF_WAP,Labour force participation rate,PT_WAP_SUB,Percentage of working age population in the same subgroup,_Z,Not applicable,N,Neither seasonally adjusted nor calendar adjusted,M,Male,Y_GE15,15 years or over,_Z,Not applicable,A,Annual,2022,,68.63255,,,,A,Normal value,0,Units,1,One
DATAFLOW,OECD.SDD.TPS:DSD_LFS@DF_IALFS_LF_WAP_Q(1.0),Labour force participation rate,I,OECD,OECD,LF_WAP,Labour force participation rate,PT_WAP_SUB,Percentage of working age population in the same subgroup,_Z,Not applicable,N,Neither seasonally adjusted nor calendar adjusted,M,Male,Y_GE15,15 years or over,_Z,Not applicable,A,Annual,2018,,69.32724,,,,A,Normal value,0,Units,1,One
DATAFLOW,OECD.SDD.TPS:DSD_LFS@DF_IALFS_LF_WAP_Q(1.0),Labour force participation rate,I,OECD,OECD,LF_WAP,Labour force participation rate,PT_WAP_SUB,Percentage of working age population in the same subgroup,_Z,Not applicable,N,Neither seasonally adjusted nor calendar adjusted,M,Male,Y_GE15,15 years or over,_Z,Not applicable,A,Annual,2012,,69.66589,,,,A,Normal value,0,Units,1,One
DATAFLOW,OECD.SDD.TPS:DSD_LFS@DF_IALFS_LF_WAP_Q(1.0),Labour force participation rate,I,KOR,Korea,LF_WAP,Labour force participation rate,PT_WAP_SUB,Percentage of working age population in the same subgroup,_Z,Not applicable,N,Neither seasonally adjusted nor calendar adjusted,M,Male,Y_GE15,15 years or over,_Z,Not applicable,A,Annual,2025,,72.684,,,,A,Normal value,0,Units,1,One
DATAFLOW,OECD.SDD.TPS:DSD_LFS@DF_IALFS_LF_WAP_Q(1.0),Labour force participation rate,I,KOR,Korea,LF_WAP,Labour force participation rate,PT_WAP_SUB,Percentage of working age population in the same subgroup,_Z,Not applicable,N,Neither seasonally adjusted nor calendar adjusted,M,Male,Y_GE15,15 years or over,_Z,Not applicable,A,Annual,2024,,72.91155,,,,A,Normal value,0,Units,1,One
DATAFLOW,OECD.SDD.TPS:DSD_LFS@DF_IALFS_LF_WAP_Q(1.0),Labour force participation rate,I,KOR,Korea,LF_WAP,Labour force participation rate,PT_WAP_SUB,Percentage of working age population in the same subgroup,_Z,Not applicable,N,Neither seasonally adjusted nor calendar adjusted,M,Male,Y_GE15,15 years or over,_Z,Not applicable,A,Annual,2023,,73.27595,,,,A,Normal value,0,Units,1,One
DATAFLOW,OECD.SDD.TPS:DSD_LFS@DF_IALFS_LF_WAP_Q(1.0),Labour force participation rate,I,KOR,Korea,LF_WAP,Labour force participation rate,PT_WAP_SUB,Percentage of working age population in the same subgroup,_Z,Not applicable,N,Neither seasonally adjusted nor calendar adjusted,M,Male,Y_GE15,15 years or over,_Z,Not applicable,A,Annual,2022,,73.52438,,,,A,Normal value,0,Units,1,One
DATAFLOW,OECD.SDD.TPS:DSD_LFS@DF_IALFS_LF_WAP_Q(1.0),Labour force participation rate,I,KOR,Korea,LF_WAP,Labour force participation rate,PT_WAP_SUB,Percentage of working age population in the same subgroup,_Z,Not applicable,N,Neither seasonally adjusted nor calendar adjusted,M,Male,Y_GE15,15 years or over,_Z,Not applicable,A,Annual,2021,,72.63552,,,,A,Normal value,0,Units,1,One
DATAFLOW,OECD.SDD.TPS:DSD_LFS@DF_IALFS_LF_WAP_Q(1.0),Labour force participation rate,I,KOR,Korea,LF_WAP,Labour force participation rate,PT_WAP_SUB,Percentage of working age population in the same subgroup,_Z,Not applicable,N,Neither seasonally adjusted nor calendar adjusted,M,Male,Y_GE15,15 years or over,_Z,Not applicable,A,Annual,2020,,72.63464,,,,A,Normal value,0,Units,1,One
DATAFLOW,OECD.SDD.TPS:DSD_LFS@DF_IALFS_LF_WAP_Q(1.0),Labour force participation rate,I,KOR,Korea,LF_WAP,Labour force participation rate,PT_WAP_SUB,Percentage of working age population in the same subgroup,_Z,Not applicable,N,Neither seasonally adjusted nor calendar adjusted,M,Male,Y_GE15,15 years or over,_Z,Not applicable,A,Annual,2019,,73.51411,,,,A,Normal value,0,Units,1,One
DATAFLOW,OECD.SDD.TPS:DSD_LFS@DF_IALFS_LF_WAP_Q(1.0),Labour force participation rate,I,KOR,Korea,LF_WAP,Labour force participation rate,PT_WAP_SUB,Percentage of working age population in the same subgroup,_Z,Not applicable,N,Neither seasonally adjusted nor calendar adjusted,M,Male,Y_GE15,15 years or over,_Z,Not applicable,A,Annual,2018,,73.74736,,,,A,Normal value,0,Units,1,One
DATAFLOW,OECD.SDD.TPS:DSD_LFS@DF_IALFS_LF_WAP_Q(1.0),Labour force participation rate,I,KOR,Korea,LF_WAP,Labour force participation rate,PT_WAP_SUB,Percentage of working age population in the same subgroup,_Z,Not applicable,N,Neither seasonally adjusted nor calendar adjusted,M,Male,Y_GE15,15 years or over,_Z,Not applicable,A,Annual,2017,,74.05123,,,,A,Normal value,0,Units,1,One
DATAFLOW,OECD.SDD.TPS:DSD_LFS@DF_IALFS_LF_WAP_Q(1.0),Labour force participation rate,I,KOR,Korea,LF_WAP,Labour force participation rate,PT_WAP_SUB,Percentage of working age population in the same subgroup,_Z,Not applicable,N,Neither seasonally adjusted nor calendar adjusted,M,Male,Y_GE15,15 years or over,_Z,Not applicable,A,Annual,2016,,73.99464,,,,A,Normal value,0,Units,1,One
DATAFLOW,OECD.SDD.TPS:DSD_LFS@DF_IALFS_LF_WAP_Q(1.0),Labour force participation rate,I,KOR,Korea,LF_WAP,Labour force participation rate,PT_WAP_SUB,Percentage of working age population in the same subgroup,_Z,Not applicable,N,Neither seasonally adjusted nor calendar adjusted,M,Male,Y_GE15,15 years or over,_Z,Not applicable,A,Annual,2015,,74.11202,,,,A,Normal value,0,Units,1,One
DATAFLOW,OECD.SDD.TPS:DSD_LFS@DF_IALFS_LF_WAP_Q(1.0),Labour force participation rate,I,KOR,Korea,LF_WAP,Labour force participation rate,PT_WAP_SUB,Percentage of working age population in the same subgroup,_Z,Not applicable,N,Neither seasonally adjusted nor calendar adjusted,M,Male,Y_GE15,15 years or over,_Z,Not applicable,A,Annual,2014,,74.35827,,,,A,Normal value,0,Units,1,One
DATAFLOW,OECD.SDD.TPS:DSD_LFS@DF_IALFS_LF_WAP_Q(1.0),Labour force participation rate,I,KOR,Korea,LF_WAP,Labour force participation rate,PT_WAP_SUB,Percentage of working age population in the same subgroup,_Z,Not applicable,N,Neither seasonally adjusted nor calendar adjusted,M,Male,Y_GE15,15 years or over,_Z,Not applicable,A,Annual,2013,,73.54623,,,,A,Normal value,0,Units,1,One
DATAFLOW,OECD.SDD.TPS:DSD_LFS@DF_IALFS_LF_WAP_Q(1.0),Labour force participation rate,I,KOR,Korea,LF_WAP,Labour force participation rate,PT_WAP_SUB,Percentage of working age population in the same subgroup,_Z,Not applicable,N,Neither seasonally adjusted nor calendar adjusted,M,Male,Y_GE15,15 years or over,_Z,Not applicable,A,Annual,2012,,73.54453,,,,A,Normal value,0,Units,1,One
DATAFLOW,OECD.SDD.TPS:DSD_LFS@DF_IALFS_LF_WAP_Q(1.0),Labour force participation rate,I,KOR,Korea,LF_WAP,Labour force participation rate,PT_WAP_SUB,Percentage of working age population in the same subgroup,_Z,Not applicable,N,Neither seasonally adjusted nor calendar adjusted,M,Male,Y_GE15,15 years or over,_Z,Not applicable,A,Annual,2011,,73.3605,,,,A,Normal value,0,Units,1,One
DATAFLOW,OECD.SDD.TPS:DSD_LFS@DF_IALFS_LF_WAP_Q(1.0),Labour force participation rate,I,KOR,Korea,LF_WAP,Labour force participation rate,PT_WAP_SUB,Percentage of working age population in the same subgroup,_Z,Not applicable,N,Neither seasonally adjusted nor calendar adjusted,M,Male,Y_GE15,15 years or over,_Z,Not applicable,A,Annual,2010,,73.18647,,,,A,Normal value,0,Units,1,One
DATAFLOW,OECD.SDD.TPS:DSD_LFS@DF_IALFS_LF_WAP_Q(1.0),Labour force participation rate,I,OECD,OECD,LF_WAP,Labour force participation rate,PT_WAP_SUB,Percentage of working age population in the same subgroup,_Z,Not applicable,N,Neither seasonally adjusted nor calendar adjusted,M,Male,Y55T64,From 55 to 64 years,_Z,Not applicable,A,Annual,2024,,75.55285,,,,E,Estimated value,0,Units,1,One
DATAFLOW,OECD.SDD.TPS:DSD_LFS@DF_IALFS_LF_WAP_Q(1.0),Labour force participation rate,I,OECD,OECD,LF_WAP,Labour force participation rate,PT_WAP_SUB,Percentage of working age population in the same subgroup,_Z,Not applicable,N,Neither seasonally adjusted nor calendar adjusted,_T,Total,Y25T54,From 25 to 54 years,_Z,Not applicable,A,Annual,2024,,83.76945,,,,E,Estimated value,0,Units,1,One
DATAFLOW,OECD.SDD.TPS:DSD_LFS@DF_IALFS_LF_WAP_Q(1.0),Labour force participation rate,I,OECD,OECD,LF_WAP,Labour force participation rate,PT_WAP_SUB,Percentage of working age population in the same subgroup,_Z,Not applicable,N,Neither seasonally adjusted nor calendar adjusted,_T,Total,Y55T64,From 55 to 64 years,_Z,Not applicable,A,Annual,2024,,66.92612,,,,E,Estimated value,0,Units,1,One
DATAFLOW,OECD.SDD.TPS:DSD_LFS@DF_IALFS_LF_WAP_Q(1.0),Labour force participation rate,I,OECD,OECD,LF_WAP,Labour force participation rate,PT_WAP_SUB,Percentage of working age population in the same subgroup,_Z,Not applicable,N,Neither seasonally adjusted nor calendar adjusted,F,Female,Y_GE15,15 years or over,_Z,Not applicable,A,Annual,2024,,53.77036,,,,B,Time series break,0,Units,1,One
DATAFLOW,OECD.SDD.TPS:DSD_LFS@DF_IALFS_LF_WAP_Q(1.0),Labour force participation rate,I,OECD,OECD,LF_WAP,Labour force participation rate,PT_WAP_SUB,Percentage of working age population in the same subgroup,_Z,Not applicable,N,Neither seasonally adjusted nor calendar adjusted,M,Male,Y25T54,From 25 to 54 years,_Z,Not applicable,A,Annual,2024,,91.46441,,,,E,Estimated value,0,Units,1,One
DATAFLOW,OECD.SDD.TPS:DSD_LFS@DF_IALFS_LF_WAP_Q(1.0),Labour force participation rate,I,OECD,OECD,LF_WAP,Labour force participation rate,PT_WAP_SUB,Percentage of working age population in the same subgroup,_Z,Not applicable,N,Neither seasonally adjusted nor calendar adjusted,_T,Total,Y_GE15,15 years or over,_Z,Not applicable,A,Annual,2024,,61.01516,,,,B,Time series break,0,Units,1,One
DATAFLOW,OECD.SDD.TPS:DSD_LFS@DF_IALFS_LF_WAP_Q(1.0),Labour force participation rate,I,OECD,OECD,LF_WAP,Labour force participation rate,PT_WAP_SUB,Percentage of working age population in the same subgroup,_Z,Not applicable,N,Neither seasonally adjusted nor calendar adjusted,M,Male,Y15T24,From 15 to 24 years,_Z,Not applicable,A,Annual,2024,,51.91131,,,,E,Estimated value,0,Units,1,One
DATAFLOW,OECD.SDD.TPS:DSD_LFS@DF_IALFS_LF_WAP_Q(1.0),Labour force participation rate,I,OECD,OECD,LF_WAP,Labour force participation rate,PT_WAP_SUB,Percentage of working age population in the same subgroup,_Z,Not applicable,N,Neither seasonally adjusted nor calendar adjusted,F,Female,Y15T64,From 15 to 64 years,_Z,Not applicable,A,Annual,2024,,67.0452,,,,E,Estimated value,0,Units,1,One
DATAFLOW,OECD.SDD.TPS:DSD_LFS@DF_IALFS_LF_WAP_Q(1.0),Labour force participation rate,I,KOR,Korea,LF_WAP,Labour force participation rate,PT_WAP_SUB,Percentage of working age population in the same subgroup,_Z,Not applicable,N,Neither seasonally adjusted nor calendar adjusted,M,Male,Y15T64,From 15 to 64 years,_Z,Not applicable,A,Annual,2017,,79.31754,,,,A,Normal value,0,Units,1,One
DATAFLOW,OECD.SDD.TPS:DSD_LFS@DF_IALFS_LF_WAP_Q(1.0),Labour force participation rate,I,KOR,Korea,LF_WAP,Labour force participation rate,PT_WAP_SUB,Percentage of working age population in the same subgroup,_Z,Not applicable,N,Neither seasonally adjusted nor calendar adjusted,M,Male,Y15T64,From 15 to 64 years,_Z,Not applicable,A,Annual,2016,,78.92728,,,,A,Normal value,0,Units,1,One
DATAFLOW,OECD.SDD.TPS:DSD_LFS@DF_IALFS_LF_WAP_Q(1.0),Labour force participation rate,I,KOR,Korea,LF_WAP,Labour force participation rate,PT_WAP_SUB,Percentage of working age population in the same subgroup,_Z,Not applicable,N,Neither seasonally adjusted nor calendar adjusted,M,Male,Y15T64,From 15 to 64 years,_Z,Not applicable,A,Annual,2015,,78.88083,,,,A,Normal value,0,Units,1,One
DATAFLOW,OECD.SDD.TPS:DSD_LFS@DF_IALFS_LF_WAP_Q(1.0),Labour force participation rate,I,KOR,Korea,LF_WAP,Labour force participation rate,PT_WAP_SUB,Percentage of working age population in the same subgroup,_Z,Not applicable,N,Neither seasonally adjusted nor calendar adjusted,M,Male,Y15T64,From 15 to 64 years,_Z,Not applicable,A,Annual,2014,,78.8541,,,,A,Normal value,0,Units,1,One
DATAFLOW,OECD.SDD.TPS:DSD_LFS@DF_IALFS_LF_WAP_Q(1.0),Labour force participation rate,I,KOR,Korea,LF_WAP,Labour force participation rate,PT_WAP_SUB,Percentage of working age population in the same subgroup,_Z,Not applicable,N,Neither seasonally adjusted nor calendar adjusted,M,Male,Y15T64,From 15 to 64 years,_Z,Not applicable,A,Annual,2013,,77.81987,,,,A,Normal value,0,Units,1,One
DATAFLOW,OECD.SDD.TPS:DSD_LFS@DF_IALFS_LF_WAP_Q(1.0),Labour force participation rate,I,KOR,Korea,LF_WAP,Labour force participation rate,PT_WAP_SUB,Percentage of working age population in the same subgroup,_Z,Not applicable,N,Neither seasonally adjusted nor calendar adjusted,M,Male,Y15T64,From 15 to 64 years,_Z,Not applicable,A,Annual,2012,,77.73217,,,,A,Normal value,0,Units,1,One
DATAFLOW,OECD.SDD.TPS:DSD_LFS@DF_IALFS_LF_WAP_Q(1.0),Labour force participation rate,I,KOR,Korea,LF_WAP,Labour force participation rate,PT_WAP_SUB,Percentage of working age population in the same subgroup,_Z,Not applicable,N,Neither seasonally adjusted nor calendar adjusted,M,Male,Y15T64,From 15 to 64 years,_Z,Not applicable,A,Annual,2011,,77.45894,,,,A,Normal value,0,Units,1,One
DATAFLOW,OECD.SDD.TPS:DSD_LFS@DF_IALFS_LF_WAP_Q(1.0),Labour force participation rate,I,KOR,Korea,LF_WAP,Labour force participation rate,PT_WAP_SUB,Percentage of working age population in the same subgroup,_Z,Not applicable,N,Neither seasonally adjusted nor calendar adjusted,M,Male,Y15T64,From 15 to 64 years,_Z,Not applicable,A,Annual,2010,,77.15841,,,,A,Normal value,0,Units,1,One
DATAFLOW,OECD.SDD.TPS:DSD_LFS@DF_IALFS_LF_WAP_Q(1.0),Labour force participation rate,I,KOR,Korea,LF_WAP,Labour force participation rate,PT_WAP_SUB,Percentage of working age population in the same subgroup,_Z,Not applicable,N,Neither seasonally adjusted nor calendar adjusted,M,Male,Y15T64,From 15 to 64 years,_Z,Not applicable,A,Annual,2009,,76.96603,,,,A,Normal value,0,Units,1,One
DATAFLOW,OECD.SDD.TPS:DSD_LFS@DF_IALFS_LF_WAP_Q(1.0),Labour force participation rate,I,KOR,Korea,LF_WAP,Labour force participation rate,PT_WAP_SUB,Percentage of working age population in the same subgroup,_Z,Not applicable,N,Neither seasonally adjusted nor calendar adjusted,M,Male,Y15T64,From 15 to 64 years,_Z,Not applicable,A,Annual,2008,,77.44077,,,,A,Normal value,0,Units,1,One
DATAFLOW,OECD.SDD.TPS:DSD_LFS@DF_IALFS_LF_WAP_Q(1.0),Labour force participation rate,I,KOR,Korea,LF_WAP,Labour force participation rate,PT_WAP_SUB,Percentage of working age population in the same subgroup,_Z,Not applicable,N,Neither seasonally adjusted nor calendar adjusted,M,Male,Y15T64,From 15 to 64 years,_Z,Not applicable,A,Annual,2007,,77.90902,,,,A,Normal value,0,Units,1,One
DATAFLOW,OECD.SDD.TPS:DSD_LFS@DF_IALFS_LF_WAP_Q(1.0),Labour force participation rate,I,KOR,Korea,LF_WAP,Labour force participation rate,PT_WAP_SUB,Percentage of working age population in the same subgroup,_Z,Not applicable,N,Neither seasonally adjusted nor calendar adjusted,M,Male,Y15T64,From 15 to 64 years,_Z,Not applicable,A,Annual,2006,,77.92542,,,,A,Normal value,0,Units,1,One
DATAFLOW,OECD.SDD.TPS:DSD_LFS@DF_IALFS_LF_WAP_Q(1.0),Labour force participation rate,I,KOR,Korea,LF_WAP,Labour force participation rate,PT_WAP_SUB,Percentage of working age population in the same subgroup,_Z,Not applicable,N,Neither seasonally adjusted nor calendar adjusted,M,Male,Y15T64,From 15 to 64 years,_Z,Not applicable,A,Annual,2005,,78.26237,,,,A,Normal value,0,Units,1,One
DATAFLOW,OECD.SDD.TPS:DSD_LFS@DF_IALFS_LF_WAP_Q(1.0),Labour force participation rate,I,KOR,Korea,LF_WAP,Labour force participation rate,PT_WAP_SUB,Percentage of working age population in the same subgroup,_Z,Not applicable,N,Neither seasonally adjusted nor calendar adjusted,M,Male,Y15T64,From 15 to 64 years,_Z,Not applicable,A,Annual,2004,,78.48072,,,,A,Normal value,0,Units,1,One
DATAFLOW,OECD.SDD.TPS:DSD_LFS@DF_IALFS_LF_WAP_Q(1.0),Labour force participation rate,I,KOR,Korea,LF_WAP,Labour force participation rate,PT_WAP_SUB,Percentage of working age population in the same subgroup,_Z,Not applicable,N,Neither seasonally adjusted nor calendar adjusted,M,Male,Y15T64,From 15 to 64 years,_Z,Not applicable,A,Annual,2003,,78.12447,,,,A,Normal value,0,Units,1,One
DATAFLOW,OECD.SDD.TPS:DSD_LFS@DF_IALFS_LF_WAP_Q(1.0),Labour force participation rate,I,KOR,Korea,LF_WAP,Labour force participation rate,PT_WAP_SUB,Percentage of working age population in the same subgroup,_Z,Not applicable,N,Neither seasonally adjusted nor calendar adjusted,M,Male,Y15T64,From 15 to 64 years,_Z,Not applicable,A,Annual,2002,,77.94569,,,,A,Normal value,0,Units,1,One
DATAFLOW,OECD.SDD.TPS:DSD_LFS@DF_IALFS_LF_WAP_Q(1.0),Labour force participation rate,I,KOR,Korea,LF_WAP,Labour force participation rate,PT_WAP_SUB,Percentage of working age population in the same subgroup,_Z,Not applicable,N,Neither seasonally adjusted nor calendar adjusted,M,Male,Y15T64,From 15 to 64 years,_Z,Not applicable,A,Annual,2001,,77.20042,,,,A,Normal value,0,Units,1,One
DATAFLOW,OECD.SDD.TPS:DSD_LFS@DF_IALFS_LF_WAP_Q(1.0),Labour force participation rate,I,KOR,Korea,LF_WAP,Labour force participation rate,PT_WAP_SUB,Percentage of working age population in the same subgroup,_Z,Not applicable,N,Neither seasonally adjusted nor calendar adjusted,M,Male,Y15T64,From 15 to 64 years,_Z,Not applicable,A,Annual,2000,,77.15487,,,,A,Normal value,0,Units,1,One
DATAFLOW,OECD.SDD.TPS:DSD_LFS@DF_IALFS_LF_WAP_Q(1.0),Labour force participation rate,I,OECD,OECD,LF_WAP,Labour force participation rate,PT_WAP_SUB,Percentage of working age population in the same subgroup,_Z,Not applicable,N,Neither seasonally adjusted nor calendar adjusted,M,Male,Y_GE15,15 years or over,_Z,Not applicable,A,Annual,2023,,68.76313,,,,A,Normal value,0,Units,1,One
