anio,cod_territorio,CRECIMIENTO_NATURAL,DEFUNCIONES,DEP_JUVENIL,DEP_TOTAL,DEP_VEJEZ,IND_ENVEJECIMIENTO,IND_REEMPLAZO_LABORAL,MATRIMONIOS,NACIMIENTOS,OCUPADOS,POB_15MAS,POB_ACTIVA,POB_EXTRANJERA,PROP_0_14,PROP_15_64,PROP_65MAS,PROP_80MAS,PROP_EXTRANJEROS,RATIO_SOPORTE,TASA_BRUTA_NATALIDAD,TASA_DESEMPLEO,TASA_EMPLEO,TASA_PARTICIPACION,TFR,POB_0_14,POB_15_64,POB_65MAS,POB_TOTAL,tipo_dato_poblacion,periodo
2000,11,93858.0,39296.0,24.374465055973154,31.397363430786314,7.022898374813156,28.812523100243958,218.31377294898263,78745.0,133154.0,4668000.0,8015000.0,4918000.0,,18.550193412984598,76.10502782475929,5.34477876225612,0.7665079713772993,,14.239135277628233,12.9,5.1,58.2,61.4,1.275,1869569.0,7670195.0,538670.0,10078434.0,estimado,Histórico
2001,11,76309.0,38455.0,23.93299579274152,31.37364769713884,7.440651904397319,31.089513276285892,208.5546968532028,77376.0,114764.0,4736000.0,8061000.0,4973000.0,,18.217501159681014,76.11876639867242,5.663732441646566,0.8118906719827509,,13.439682609114053,11.2,4.8,58.8,61.7,1.111,1838353.0,7681249.0,571535.0,10091137.0,estimado,Histórico
2002,11,63083.0,38925.0,23.327746330127276,31.169264790667505,7.841518460540228,33.61455645808819,197.4939287168185,72696.0,102008.0,4807000.0,8079000.0,5024000.0,,17.78446068700311,76.23737173459773,5.97816757839916,0.8588757911961599,,12.752632095839083,10.0,4.3,59.5,62.2,1.006,1787193.0,7661233.0,600757.0,10049183.0,estimado,Histórico
2003,11,63159.0,38068.0,22.7164813895814,30.96344301710696,8.246961627525565,36.303868922710535,186.38281923211497,72750.0,101227.0,4811000.0,8116000.0,5043000.0,,17.34566598605237,76.35718617059999,6.2971478433476396,0.9141935019343381,,12.125677857677168,9.9,4.6,59.3,62.1,1.014,1741751.0,7667345.0,632323.0,10041419.0,estimado,Histórico
2004,11,61554.0,38274.0,22.286404362074833,30.973926293433863,8.687521931359033,38.981263151371074,174.1504950147759,71553.0,99828.0,4917000.0,8157000.0,5159000.0,,17.01590919107395,76.35107446955519,6.633016339370873,0.9728589775310645,,11.510762308298023,9.8,4.7,60.3,63.2,1.015,1710373.0,7674513.0,666725.0,10051611.0,estimado,Histórico
2005,11,51717.0,38751.0,21.731653023309743,30.94894931440238,9.217296291092637,42.41415175001187,162.18651457168403,71286.0,90468.0,4959000.0,8192000.0,5211000.0,,16.595515379915764,76.36563754315021,7.038847076934031,1.035904102962807,,10.849168437455731,8.9,4.8,60.5,63.6,0.932,1664303.0,7658428.0,705900.0,10028631.0,estimado,Histórico
2006,11,55403.0,38519.0,20.946198945592982,30.668892862237712,9.722693916644731,46.417461907523595,152.55391850219573,73924.0,93922.0,5015000.0,8283000.0,5255000.0,,16.029981188924783,76.52930839892285,7.440710412152359,1.0900063068159052,,10.285215276478606,9.2,4.6,60.5,63.4,0.98,1612195.0,7696838.0,748340.0,10057373.0,estimado,Histórico
2007,11,62233.0,39016.0,20.14992778897662,30.496497930615984,10.346570141639367,51.34792665261879,143.3889264134811,76399.0,101249.0,5084000.0,8362000.0,5299000.0,,15.44097206324279,76.63040892727194,7.928619009485266,1.1492801902317142,,9.665038619663333,9.9,4.1,60.8,63.4,1.068,1554684.0,7715581.0,798298.0,10068563.0,estimado,Histórico
2008,11,56438.0,38298.0,19.407683514390015,30.30308067611504,10.895397161725025,56.139606530818206,135.780081053538,71753.0,94736.0,5077000.0,8451000.0,5284000.0,,14.894262985715812,76.74415637843803,8.361580635846154,1.2078367227459186,,9.178187680142115,9.3,3.9,60.1,62.5,1.01,1506090.0,7760277.0,845513.0,10111880.0,estimado,Histórico
2009,11,50804.0,38790.0,18.754481196658112,30.16080764178105,11.406326445122938,60.81920542358402,129.75669287365906,68841.0,89594.0,4983000.0,8520000.0,5218000.0,,14.408700696044244,76.82804202875923,8.763257275196528,1.2938329302475315,,8.767064530470064,8.8,4.5,58.5,61.2,0.962,1460879.0,7789493.0,888495.0,10138867.0,estimado,Histórico
2010,11,53136.0,40130.0,18.079439698658604,30.039528952344195,11.960089253685595,66.15298622651989,122.0080473209987,70466.0,93266.0,5059000.0,8542000.0,5308000.0,,13.90303382695596,76.89969412042946,9.197272052614577,1.3824995333847245,,8.361141616830679,9.2,4.7,59.2,62.1,1.015,1402623.0,7758111.0,927877.0,10088611.0,estimado,Histórico
2011,11,51206.0,40320.0,17.47380638555473,29.95184720331364,12.478040817758915,71.40997526488721,113.78594565328201,71519.0,91526.0,5150000.0,8576000.0,5395000.0,,13.446370145255745,76.95158025999194,9.602049594752307,1.4707857789259287,,8.014078609013577,9.0,4.5,60.0,62.9,1.014,1354350.0,7750744.0,967141.0,10072235.0,estimado,Histórico
2012,11,52400.0,41514.0,17.022404847695647,30.377730488917482,13.355325641221832,78.45733761307979,109.21622054816478,71695.0,93914.0,5145000.0,8586000.0,5371000.0,,13.056221168953854,76.70021530900964,10.243563522036517,1.5796501350650785,,7.487649697686543,9.3,4.2,59.9,62.6,1.059,1310358.0,7697843.0,1028072.0,10036273.0,estimado,Histórico
2013,11,42003.0,42063.0,16.60349336087446,30.88423281543494,14.280739454560484,86.01045059717698,104.42169717266326,68819.0,84066.0,5146000.0,8591000.0,5355000.0,,12.685632947314367,76.4033969935966,10.91097005908903,1.7073756682926242,,7.002438516449894,8.4,3.9,59.9,62.3,0.968,1267296.0,7632707.0,1090007.0,9990010.0,estimado,Histórico
2014,11,41558.0,42153.0,16.15974828480993,31.279281546224887,15.119533261414958,93.56292557865666,99.28972109745962,64823.0,83711.0,5209000.0,8612000.0,5449000.0,,12.309442963488417,76.17348207743572,11.517074959075856,1.8429473282792472,,6.613960779807929,8.4,4.4,60.5,63.3,0.983,1227887.0,7598429.0,1148847.0,9975163.0,estimado,Histórico
2015,11,39952.0,43053.0,15.75998916149531,31.784895981640293,16.02490682014498,101.68095076674875,94.12891696943475,64193.0,83005.0,5165000.0,8611000.0,5391000.0,,11.958873620608939,75.88122998096199,12.159896398429076,2.0178325229988205,,6.240285895097346,8.4,4.2,60.0,62.6,1.001,1188851.0,7543476.0,1208835.0,9941162.0,estimado,Histórico
2016,11,31996.0,43540.0,15.338893967614045,31.950789499332437,16.611895531718393,108.2991744176087,88.6685102122348,57643.0,75536.0,5146000.0,8583000.0,5372000.0,335167.0,11.624707988345644,75.78582923181821,12.589462779836142,2.1806449397363536,3.4181509857828853,6.019782619572954,7.7,4.2,60.0,62.6,0.94,1144162.0,7459221.0,1239118.0,9842501.0,estimado,Histórico
2017,11,22457.0,42932.0,14.94968783970644,32.47651235578542,17.526824516078975,117.23873236689026,84.8588542604305,53776.0,65389.0,5152000.0,8557000.0,5396000.0,343927.0,11.28478367512939,75.48507899380314,13.230137331067468,2.381297344087621,3.5303998585076726,5.7055400941716945,6.7,4.5,60.2,63.1,0.836,1102117.0,7372174.0,1292108.0,9766399.0,estimado,Histórico
2018,11,12855.0,45219.0,14.506097636180998,32.89474297288371,18.388645336702712,126.7649356697965,80.23094678710932,52005.0,58074.0,5080000.0,8521000.0,5335000.0,374425.0,10.915478905844207,75.24752128111217,13.836999813043615,2.565437570231099,3.870451489445454,5.438138490843889,6.0,4.8,59.6,62.6,0.761,1058523.0,7297090.0,1341836.0,9697449.0,estimado,Histórico
2019,11,9844.0,43829.0,14.084784450502715,33.38707142239547,19.30228697189275,137.04353829286902,77.61144756846939,48261.0,53673.0,5086000.0,8478000.0,5319000.0,390177.0,10.55933255022938,74.96978450282563,14.470882946944982,2.791019349515641,4.047671979402339,5.180733254334896,5.6,4.4,60.0,62.7,0.717,1019746.0,7240054.0,1397496.0,9657296.0,estimado,Histórico
2020,11,1923.0,45522.0,13.821818972393357,34.46863275425397,20.646813781860608,149.3784126611626,75.02561645704009,44746.0,47445.0,5051000.0,8516000.0,5293000.0,366454.0,10.27884249976216,74.36678573415216,15.354371766085679,3.0125824058425033,3.822726326764686,4.843362324885966,5.0,4.6,59.3,62.1,0.642,988598.0,7152445.0,1476752.0,9617795.0,estimado,Histórico
2021,11,-3267.0,48798.0,13.47952707673355,35.47457396967123,21.995046892937683,163.17372833430056,71.60207345287692,37012.0,45531.0,5055000.0,8533000.0,5312000.0,347080.0,9.949857513300774,73.81458901829583,16.235553468403396,3.2776410786603356,3.664224518949123,4.546478145136788,4.8,4.8,59.2,62.3,0.626,946023.0,7018221.0,1543661.0,9507905.0,estimado,Histórico
2022,11,-12694.0,55296.0,13.067849511555321,36.391227684129454,23.323378172574134,178.47908450392165,69.45775574698993,35752.0,42602.0,5113000.0,8465000.0,5295000.0,360947.0,9.58115102667699,73.31849833597182,17.100350637351184,3.5982386934446686,3.8327389238021383,4.287543565090823,4.5,3.4,60.4,62.5,0.593,902680.0,6907640.0,1611095.0,9421415.0,estimado,Histórico
2023,11,-11990.0,51446.0,12.503537136579274,37.114948041286915,24.611410904707647,196.83558848884942,68.5480321127312,36324.0,39456.0,5174000.0,8469000.0,5319000.0,366139.0,9.119018250887066,72.93150851057379,17.94947323853914,3.8931892538215274,3.901524128265806,4.063155923371792,4.2,2.7,61.1,62.8,0.552,857221.0,6855828.0,1687316.0,9400365.0,proyeccion_oficial,Histórico
2024,11,-11120.0,52725.0,12.053510414012205,38.04961127663683,25.996100862624626,215.6724470275826,66.74839044870849,42471.0,41605.0,5228000.0,8470000.0,5393000.0,367291.0,8.731288920370984,72.43772660801672,18.8309844716123,4.119910591131353,3.9343709843902444,3.846730728136734,4.5,3.0,61.7,63.7,0.581,820191.0,6804582.0,1768926.0,9393699.0,proyeccion_oficial,Histórico
2025,11,-7019.0,52535.0,11.631059808931779,39.29894920681558,27.667889397883798,237.87934936622835,64.46575882438016,49374.0,45516.0,5198000.0,8449000.0,5379000.0,368500.0,8.349711089107554,71.78805049816359,19.862238412728868,4.366950666730621,3.955956941153181,3.6142980970441707,4.9,3.4,61.5,63.7,0.632,779855.0,6704935.0,1855114.0,9339904.0,proyeccion_oficial,Histórico
2026,11,,,11.153109051518797,40.53470976677347,29.38160071525467,263.4386571451444,62.265330057442235,,,,,,,7.936195314330609,71.15679832118096,20.907006364488428,4.539985234524679,,3.403490537126552,,,,,,736997.0,6607996.0,1941535.0,9286528.0,proyeccion_oficial,Proyección
2027,11,,,10.698965959470902,41.39638873481713,30.697422775346222,286.9195293417338,60.41901036340083,,,,,,,7.56664724976559,70.72316407425774,21.710188675976674,4.902392176649047,,3.2576024616734993,,,,,,698851.0,6531949.0,2005140.0,9235940.0,proyeccion_oficial,Proyección
2028,11,,,10.324546098057722,42.61932777805375,32.29478167999603,312.79614012350044,59.701987939310264,,,,,,,7.239233460786555,70.11672369934419,22.644042839869243,5.23890104983737,,3.096475492260157,,,,,,665099.0,6441920.0,2080404.0,9187423.0,proyeccion_oficial,Proyección
2029,11,,,10.032833946747841,43.58014896304386,33.547315016296025,334.3752642011028,58.28677002971063,,,,,,,6.987619123678576,69.6475109701544,23.364869906167026,5.535882879995099,,2.9808644880051878,,,,,,638718.0,6366277.0,2135715.0,9140710.0,proyeccion_oficial,Proyección
2030,11,,,9.756638907035732,44.724736704604794,34.968097797569065,358.4031153633531,58.43897768093412,,,,,,,6.741514359739235,69.09668815228754,24.16179748797322,5.854975522091133,,2.8597494944935744,,,,,,613219.0,6285146.0,2197796.0,9096161.0,proyeccion_oficial,Proyección
2031,11,,,9.526784654409818,45.82979993431703,36.303015279907214,381.06262077733686,58.99851231665964,,,,,,,6.532810618063498,68.5730900303236,24.894099351612905,6.054005934390361,,2.7545921248956815,,,,,,591481.0,6208611.0,2253913.0,9054005.0,proyeccion_oficial,Proyección
2032,11,,,9.432952266902038,47.06005100101317,37.62709873411113,398.889951623476,58.76084648971509,,,,,,,6.41435400211921,67.99943242186897,25.58621357601181,6.393785396667331,,2.6576590639273565,,,,,,578173.0,6129290.0,2306274.0,9013737.0,proyeccion_oficial,Proyección
2033,11,,,9.461656656512494,48.57495597485526,39.11329931834277,413.3874303230074,57.911251132000864,,,,,,,6.368271553190821,67.30609431708258,26.3256341297266,6.739025944116764,,2.556675139729353,,,,,,571566.0,6040866.0,2362782.0,8975214.0,proyeccion_oficial,Proyección
2034,11,,,9.587486598341647,50.53402850734409,40.94654190900244,427.0831723100921,57.67410708456515,,,,,,,6.368982942533756,66.43016266260443,27.200854394861818,7.08369731186934,,2.4422086783844903,,,,,,569276.0,5937698.0,2431282.0,8938256.0,proyeccion_oficial,Proyección
2035,11,,,9.790691559745703,52.48990456549164,42.69921300574594,436.1205002239391,56.571331885033224,,,,,,,6.420550650643747,65.57811173463736,28.001337614718885,7.631536794402058,,2.341963538919165,,,,,,571584.0,5838035.0,2492795.0,8902414.0,proyeccion_oficial,Proyección
2036,11,,,10.060515744595925,54.69145309314519,44.63093734854927,443.62474530714877,55.018278942972856,,,,,,,6.50360155227072,64.64481262567652,28.851585822052755,8.09526548408088,,2.2405982473332595,,,,,,576675.0,5732062.0,2558273.0,8867010.0,proyeccion_oficial,Proyección
2037,11,,,10.385483122792985,56.83717439531954,46.45169127252656,447.2752083201521,52.79409250150113,,,,,,,6.621824935850743,63.760393787727075,29.617781276422185,8.590956067114035,,2.1527741457961533,,,,,,584797.0,5630908.0,2615652.0,8831357.0,proyeccion_oficial,Proyección
2038,11,,,10.76082373116484,59.01370040366357,48.25287667249873,448.41248103295015,50.612669279582235,,,,,,,6.767230561799388,62.887662978815925,30.345106459384684,9.131703383131997,,2.0724153023812164,,,,,,595111.0,5530348.0,2668552.0,8794011.0,proyeccion_oficial,Proyección
2039,11,,,11.153796801997366,61.149737488523925,49.99594068652656,448.2414515349028,48.72330677421686,,,,,,,6.921386888881324,62.05408805405058,31.024525057068093,9.690711615296053,,2.0001623857224287,,,,,,605869.0,5431953.0,2715756.0,8753578.0,proyeccion_oficial,Proyección
2040,11,,,11.555535253477272,63.05957603269766,51.5040407792204,445.70882827536605,46.34819359191007,,,,,,,7.086695264778616,61.327278307130776,31.586026428090612,10.347180834129075,,1.9415952318899528,,,,,,617244.0,5341544.0,2751111.0,8709899.0,proyeccion_oficial,Proyección
2041,11,,,11.928656105470708,64.76024862865674,52.831592523186025,442.89643406650356,43.618305373907795,,,,,,,7.240008560776085,60.69425169743705,32.06573974178686,11.019840545156132,,1.8928068457545233,,,,,,627185.0,5257801.0,2777780.0,8662766.0,proyeccion_oficial,Proyección
2042,11,,,12.2566698082185,66.39345212495262,54.13678231673411,441.69242676696416,41.682950701151306,,,,,,,7.366077001043523,60.098518735524124,32.53540426343236,11.47933813189221,,1.8471729519301185,,,,,,634379.0,5175786.0,2802004.0,8612169.0,proyeccion_oficial,Proyección
2043,11,,,12.546593408707146,67.97268548205226,55.4260920733451,441.7620804933413,40.463986702304396,,,,,,,7.469424789334418,59.53348886041648,32.99708635024909,12.058057991387,,1.8042044145502887,,,,,,639233.0,5094873.0,2823889.0,8557995.0,proyeccion_oficial,Proyección
2044,11,,,12.808508702335894,69.61244155475137,56.80393285241547,443.48592152696204,39.69985226476458,,,,,,,7.55163276050199,58.9579391012538,33.49042813824421,12.433202845823763,,1.7604414866804017,,,,,,641902.0,5011528.0,2846745.0,8500175.0,proyeccion_oficial,Proyección
2045,11,,,13.065414198560577,71.59193961215728,58.526525413596694,447.95001921978564,39.80011972181134,,,,,,,7.614235393627365,58.27779569717912,34.1079689091935,12.889538621892441,,1.708626973723752,,,,,,642567.0,4918076.0,2878379.0,8439022.0,proyeccion_oficial,Proyección
2046,11,,,13.289706805696868,73.54083563173852,60.251128826041636,453.3668778923996,40.20473057459999,,,,,,,7.657970965345716,57.623325159159954,34.71870387549433,13.294019129643377,,1.6597199413262806,,,,,,641336.0,4825810.0,2907605.0,8374751.0,proyeccion_oficial,Proyección
2047,11,,,13.48449289865663,75.50250436195651,62.018011463299885,459.9209768539263,40.66287311206593,,,,,,,7.683362096558007,56.9792438937281,35.33739400971389,13.666197090021129,,1.6124348014475849,,,,,,638294.0,4733541.0,2935648.0,8307483.0,proyeccion_oficial,Proyección
2048,11,,,13.621539352750295,77.12983376765575,63.50829441490545,466.23434231816566,41.1767866053315,,,,,,,7.690144038986624,56.45576347752447,35.854092483488905,14.085294407569682,,1.5745974745706588,,,,,,633475.0,4650539.0,2953478.0,8237492.0,proyeccion_oficial,Proyección
2049,11,,,13.697261980950042,78.40259680385641,64.70533482290635,472.3961249547363,41.76432798277204,,,,,,,7.677725675713908,56.05299574755874,36.269278576727345,14.638007279156524,,1.545467622935458,,,,,,626883.0,4576703.0,2961371.0,8164957.0,proyeccion_oficial,Proyección
2050,11,,,13.707102285255745,79.28235864826395,65.57525636300821,478.40349476012324,42.38031219991514,,,,,,,7.645538796233634,55.77793640934361,36.57652479442276,15.1217208846697,,1.524965444990791,,,,,,618526.0,4512449.0,2959050.0,8090025.0,proyeccion_oficial,Proyección
2051,11,,,13.67802250723614,80.15665673069961,66.47863422346349,486.0251852071015,43.05728965835503,,,,,,,7.592293704518626,55.5072467566276,36.90045953885377,15.657229915314213,,1.5042426964407345,,,,,,608373.0,4447814.0,2956846.0,8013033.0,proyeccion_oficial,Proyección
2052,11,,,13.592312445031835,80.83234592903406,67.24003348400223,494.69164099872734,43.63736478538443,,,,,,,7.516527187213513,55.29984112424447,37.18363168854202,16.117256004220554,,1.4872092534545218,,,,,,596399.0,4387767.0,2950336.0,7934502.0,proyeccion_oficial,Proyección
2000,21,22904.0,18318.0,25.1041920552465,33.199894228871734,8.095702173625234,32.24840757993373,210.8444060775625,23343.0,41222.0,1633000.0,2949000.0,1758000.0,,18.847005998451493,75.07513469055331,6.077859310995196,0.714884679167236,,12.35223305592778,10.8,7.1,55.4,59.6,1.235,703489.0,2802277.0,226864.0,3732630.0,estimado,Histórico
2001,21,17426.0,18422.0,24.677036608617094,33.34102336501913,8.663986756402041,35.1095104886971,197.28420038827423,21825.0,35848.0,1648000.0,2948000.0,1747000.0,,18.5067100775611,74.99567460664483,6.497615315794077,0.7815844528007426,,11.542030569946041,9.5,5.7,55.9,59.3,1.103,687788.0,2787158.0,241479.0,3716425.0,estimado,Histórico
2002,21,12079.0,18688.0,24.09632842255205,33.35912494770503,9.262796525152977,38.44069670167597,183.1672807534361,20916.0,30767.0,1710000.0,2940000.0,1780000.0,,18.06875114995026,74.98549502271678,6.945753827332968,0.8519808452887454,,10.795875708642805,8.2,3.9,58.2,60.5,0.975,665823.0,2763172.0,255947.0,3684942.0,estimado,Histórico
2003,21,11589.0,18528.0,23.446338826554463,33.27095021037868,9.824611383824216,41.90253948176003,170.1096607811422,20027.0,30117.0,1619000.0,2930000.0,1688000.0,,17.59298541020573,75.03510693226254,7.371907657531739,0.9207553499018322,,10.17851964757054,8.1,4.1,55.3,57.6,0.988,641942.0,2737920.0,268990.0,3648852.0,estimado,Histórico
2004,21,9509.0,18722.0,22.825758776528357,33.27028813116148,10.444529354633124,45.75764362047493,158.27644911074498,19898.0,28231.0,1628000.0,2926000.0,1703000.0,,17.127417593682832,75.03547970240926,7.837102703907914,1.0032829245153636,,9.57439024819636,7.7,4.4,55.6,58.2,0.953,620681.0,2719213.0,284009.0,3623903.0,estimado,Histórico
2005,21,6827.0,18854.0,22.149321107336082,33.327255489648294,11.177934382312213,50.466261824205375,146.42607231133945,18973.0,25681.0,1630000.0,2919000.0,1705000.0,,16.612748103148185,75.00341894292134,8.383832953930476,1.0987410212709778,,8.94619672828268,7.0,4.4,55.9,58.4,0.887,596446.0,2692841.0,301004.0,3590291.0,estimado,Histórico
2006,21,6898.0,18983.0,21.387903178140938,33.28638581953151,11.898482641390574,55.63183329514588,135.52709923167924,20017.0,25881.0,1642000.0,2928000.0,1714000.0,,16.04657748549049,75.02641727820503,8.927005236304483,1.173614773355891,,8.404432986449523,7.1,4.2,56.1,58.5,0.915,571741.0,2673198.0,318070.0,3563009.0,estimado,Histórico
2007,21,9256.0,19170.0,20.556537644866545,33.27066628345722,12.714128638590674,61.849562695037285,126.73033023892863,21484.0,28426.0,1644000.0,2931000.0,1713000.0,,15.424652864827923,75.03526679104847,9.54008034412361,1.2706502571628118,,7.865265708927477,7.9,4.0,56.1,58.4,1.024,545729.0,2654771.0,337531.0,3538031.0,estimado,Histórico
2008,21,7285.0,19385.0,19.728512690861663,33.28717647054361,13.558663779681954,68.72623391403646,120.13746061681555,20149.0,26670.0,1623000.0,2934000.0,1687000.0,,14.801508452106532,75.02597222629286,10.172519321600612,1.3859252301504894,,7.375358045964151,7.5,3.8,55.3,57.5,0.98,520174.0,2636661.0,357496.0,3514331.0,estimado,Histórico
2009,21,6156.0,18954.0,18.94609772059434,33.21853389395991,14.272436173365566,75.33179857850875,114.36805112126713,18614.0,25110.0,1593000.0,2940000.0,1665000.0,,14.221818216131377,75.06463033109088,10.713551452777754,1.5185304116410943,,7.006512328050518,7.1,4.3,54.2,56.6,0.94,497365.0,2625158.0,374674.0,3497197.0,estimado,Histórico
2010,21,7707.0,19708.0,18.189175824575692,33.16615385440371,14.976978029828016,82.34005858359113,107.28191853412935,20195.0,27415.0,1599000.0,2945000.0,1659000.0,,13.659008162436454,75.09415651467589,11.24683532288767,1.6444528049638474,,6.676914381582245,7.8,3.6,54.3,56.3,1.045,474877.0,2610767.0,391014.0,3476658.0,estimado,Histórico
2011,21,8116.0,19643.0,17.52231865388521,32.963335101665045,15.441016447779838,88.12199317215426,101.08082967438565,20224.0,27759.0,1615000.0,2964000.0,1676000.0,,13.178308622062977,75.20870315379727,11.612988224139752,1.7569007024323506,,6.476257592121038,7.9,3.6,54.5,56.6,1.078,458124.0,2614517.0,403708.0,3476349.0,estimado,Histórico
2012,21,8139.0,20534.0,16.998863602668358,33.31319318408058,16.31432958141222,95.97306009827219,96.88490327097512,20362.0,28673.0,1660000.0,2969000.0,1727000.0,,12.751073765967114,75.01133054544624,12.237595688586639,1.8911106418735941,,6.129580716202724,8.2,3.9,55.9,58.2,1.135,441427.0,2596803.0,423651.0,3461881.0,estimado,Histórico
2013,21,5735.0,20096.0,16.635442577718134,33.95672973118599,17.32128715346785,104.12279127859425,93.2111813492767,20734.0,25831.0,1670000.0,2976000.0,1737000.0,,12.418519480955421,74.6509713999978,12.930509119046778,2.033721345450778,,5.773243010983699,7.4,3.8,56.1,58.4,1.049,429151.0,2579739.0,446844.0,3455734.0,estimado,Histórico
2014,21,5960.0,20230.0,16.286480091771953,34.612991096529775,18.326511004757823,112.52591659763553,88.97170470356622,18927.0,26190.0,1693000.0,2985000.0,1760000.0,,12.09874318897874,74.28703514082893,13.614221670192325,2.1937202029134704,,5.456575993872406,7.5,3.8,56.7,59.0,1.09,417686.0,2564618.0,470005.0,3452309.0,estimado,Histórico
2015,21,5825.0,20820.0,15.987288823561247,35.389010158117124,19.401721334555873,121.35717036626379,84.68156240085641,18553.0,26645.0,1684000.0,2993000.0,1756000.0,,11.808409563590228,73.8612387247774,14.33035171163238,2.4008330774623,,5.1541818519933456,7.7,4.1,56.3,58.7,1.139,407657.0,2549882.0,494721.0,3452260.0,estimado,Histórico
2016,21,3832.0,21074.0,15.748749785671901,36.18079572813478,20.43204594246288,129.73757422352224,78.91180974686965,17113.0,24906.0,1686000.0,3001000.0,1754000.0,46168.0,11.564589339830263,73.43179298176192,15.003617678407826,2.6799541161173233,1.3419042204527036,4.894272471861229,7.2,3.9,56.2,58.5,1.095,398627.0,2531166.0,517169.0,3446962.0,estimado,Histórico
2017,21,46.0,21434.0,15.591297388157852,37.31294148216107,21.72164409400322,139.31902877115016,74.81576311778794,15677.0,21480.0,1685000.0,2992000.0,1766000.0,48808.0,11.354572424029957,72.82634755369467,15.819080022275376,2.905494057514742,1.4284217531705474,4.603703088368315,6.2,4.6,56.3,59.0,0.976,388827.0,2493872.0,541710.0,3424409.0,estimado,Histórico
2018,21,-3418.0,22570.0,15.411499450064515,38.47534201592555,23.06384256586103,149.65346260168397,70.41794307722884,14781.0,19152.0,1657000.0,2975000.0,1729000.0,55506.0,11.129417862923274,72.2150229378017,16.655559199275018,3.13348119781988,1.6347998602765372,4.335790955667528,5.6,4.1,55.7,58.1,0.899,378747.0,2457561.0,566808.0,3403116.0,estimado,Histórico
2019,21,-5211.0,22260.0,15.216998808050718,39.695959973640775,24.478961165590057,160.86589395432688,67.25502964663947,13780.0,17049.0,1676000.0,2960000.0,1741000.0,60502.0,10.892941221007403,71.58403150589967,17.523027273092932,3.4243087086035526,1.7938785990538122,4.085140677479789,5.0,3.7,56.6,58.8,0.827,368313.0,2420405.0,592490.0,3381208.0,estimado,Histórico
2020,21,-7892.0,22950.0,15.166195774767429,41.695405077525095,26.52920930275766,174.92329452119634,64.31494886121708,12128.0,15058.0,1640000.0,2948000.0,1712000.0,54914.0,10.70337867799568,70.57391871337501,18.722702608629312,3.736613549995947,1.6397055135000849,3.7694300971723713,4.5,4.2,55.6,58.1,0.747,359166.0,2368201.0,628265.0,3355632.0,estimado,Histórico
2021,21,-9085.0,23531.0,15.098763864285514,43.50956643772076,28.410802573435245,188.1664143422887,61.417461100682544,11081.0,14446.0,1657000.0,2949000.0,1715000.0,53334.0,10.521085276108034,69.68176580994499,19.79714891394697,4.052132225167585,1.6043509453770453,3.519787930718378,4.3,3.4,56.2,58.2,0.728,350739.0,2322965.0,659973.0,3333677.0,estimado,Histórico
2022,21,-13579.0,27713.0,14.966926750506493,45.324144242042955,30.35721749153646,202.82866347634894,58.74935767506923,10618.0,14134.0,1679000.0,2939000.0,1730000.0,55973.0,10.298995276090187,68.81169025392377,20.889314469986036,4.391292554241407,1.6983336165254752,3.294109548343152,4.3,3.0,57.1,58.9,0.723,340196.0,2272985.0,690015.0,3303196.0,estimado,Histórico
2023,21,-13437.0,26303.0,14.644462847706444,46.938832120641884,32.294369272935434,220.52273005010386,57.718179135123584,10303.0,12866.0,1691000.0,2930000.0,1746000.0,63056.0,9.966366709436505,68.05552933610942,21.97810395445408,4.745046503824622,1.9226711517610053,3.0965150350158974,3.9,3.1,57.7,59.6,0.664,327320.0,2235111.0,721815.0,3284246.0,proyeccion_oficial,Histórico
2024,21,-13753.0,26816.0,14.342418484540081,48.791140576083144,34.44872209154307,240.18767914683207,56.19174239812955,11499.0,13063.0,1688000.0,2920000.0,1740000.0,67762.0,9.639296015212816,67.20830259975446,23.152401385032725,5.014617339374676,2.0803400162590844,2.9028653003226887,4.0,3.0,57.8,59.6,0.683,314686.0,2194093.0,755837.0,3264616.0,proyeccion_oficial,Histórico
2025,21,-13127.0,27137.0,14.05117494446374,50.98128433865813,36.930109394194396,262.8257746427469,54.58713630715173,12802.0,14010.0,1698000.0,2908000.0,1746000.0,69486.0,9.30656737092413,66.2333748437954,24.46005778528047,5.31986471685861,2.1477040281736635,2.7078175949221674,4.3,2.8,58.4,60.0,0.739,301397.0,2144995.0,792149.0,3238541.0,proyeccion_oficial,Histórico
2026,21,,,13.61120201348493,53.231698648931,39.620496635446074,291.0874189964497,53.95451793480025,,,,,,,8.88275868080634,65.2606483395514,25.856592979642258,5.460060321081496,,2.5239461514103287,,,,,,285327.0,2096266.0,830551.0,3212144.0,proyeccion_oficial,Proyección
2027,21,,,13.124106891674495,54.81378402921888,41.68967713754439,317.6572507496945,53.75217746089251,,,,,,,8.477350369006874,64.5937315123868,26.928918118606326,5.865067296873602,,2.3986753284290416,,,,,,270110.0,2058121.0,858024.0,3186255.0,proyeccion_oficial,Proyección
2028,21,,,12.674042472234209,56.60703695648189,43.93299448424768,346.6375829219,54.08180658661165,,,,,,,8.092894622453066,63.854091069859194,28.053014307687736,6.285626066527933,,2.2761935801088025,,,,,,255813.0,2018401.0,886744.0,3160958.0,proyeccion_oficial,Proyección
2029,21,,,12.241822243618088,57.7624988493015,45.52067660568342,371.84559373433376,53.51129918069686,,,,,,,7.75965285344001,63.38641992196281,28.853927224597182,6.707614349481235,,2.19680390224065,,,,,,243358.0,1987923.0,904916.0,3136197.0,proyeccion_oficial,Proyección
2030,21,,,11.785135093003419,59.051305339371886,47.26617024636846,401.0660028363135,54.297366608885625,,,,,,,7.409643742223411,62.87279427643012,29.717561981346467,7.137623782738799,,2.115678073318901,,,,,,230581.0,1956541.0,924782.0,3111904.0,proyeccion_oficial,Proyección
2031,21,,,11.363837107683548,60.4378024563325,49.073965348648954,431.8432663511876,55.52355461680164,,,,,,,7.083017177810399,62.32945008531746,30.587532736872134,7.4500976236439325,,2.037740363745704,,,,,,218715.0,1924658.0,944506.0,3087879.0,proyeccion_oficial,Proyección
2032,21,,,11.08988535979939,61.954919887178136,50.86503452737875,458.66149989037285,56.00487730779179,,,,,,,6.8475137201913245,61.745577145580086,31.406909134228595,7.93533763175545,,1.9659870661480379,,,,,,209802.0,1891832.0,962281.0,3063915.0,proyeccion_oficial,Proyección
2033,21,,,10.95736891249051,63.786770747518986,52.82940183502848,482.13583257936347,55.58557014004173,,,,,,,6.690020727853255,61.054992136179465,32.25498713596728,8.413317538803454,,1.892885335182711,,,,,,203368.0,1855993.0,980510.0,3039871.0,proyeccion_oficial,Proyección
2034,21,,,10.986831081557783,66.21024851841399,55.22341743685622,502.6328067385404,55.3855486509602,,,,,,,6.610200742429297,60.16476173484649,33.22503752272421,8.864946712094088,,1.810825998125567,,,,,,199331.0,1814272.0,1001903.0,3015506.0,proyeccion_oficial,Proyección
2035,21,,,11.09424822000381,68.53918020425576,57.444931984251944,517.7902174630831,53.966543425303634,,,,,,,6.582592965361814,59.33338460458164,34.08402243005654,9.589016361101173,,1.7407976046940776,,,,,,196861.0,1774442.0,1019327.0,2990630.0,proyeccion_oficial,Proyección
2036,21,,,11.300886084791427,71.17242717034199,59.87154108555056,529.7951031125324,51.78314042367329,,,,,,,6.602048163718195,58.420623959771945,34.97732787650986,10.226856137830323,,1.6702426259098593,,,,,,195757.0,1732227.0,1037111.0,2965095.0,proyeccion_oficial,Proyección
2037,21,,,11.544270425399228,73.72485155508791,62.18058112968868,538.6272049975678,49.3772157700028,,,,,,,6.645146230986161,57.56228835705186,35.79256541196198,10.902027689158437,,1.6082191285963083,,,,,,195295.0,1691705.0,1051912.0,2938912.0,proyeccion_oficial,Proyección
2038,21,,,11.85808414320252,76.38499595040166,64.52691180719914,544.159672236668,47.109587845113396,,,,,,,6.722841747002641,56.69416463751789,36.58299361547946,11.594103848914562,,1.5497409871216432,,,,,,195751.0,1650781.0,1065198.0,2911730.0,proyeccion_oficial,Proyección
2039,21,,,12.226150209490354,79.07723629244929,66.85108608295891,546.787704530792,45.12506439242173,,,,,,,6.827305615507684,55.841826728155986,37.33086765633632,12.309529399972739,,1.4958620100188782,,,,,,196853.0,1610098.0,1076368.0,2883319.0,proyeccion_oficial,Proyección
2040,21,,,12.621584007775269,81.51846753900992,68.89688353123465,545.8655861957749,42.6758706601633,,,,,,,6.953333277267109,55.09081326863291,37.95585345409998,13.128957925101128,,1.4514444612674626,,,,,,198432.0,1572164.0,1083172.0,2853768.0,proyeccion_oficial,Proyección
2041,21,,,12.99931885559934,83.66808295258858,70.66876409698924,543.6343617846508,40.02181882278399,,,,,,,7.077614491656091,54.44604113705136,38.47634437129255,14.029343329565739,,1.4150523399950103,,,,,,199815.0,1537119.0,1086263.0,2823197.0,proyeccion_oficial,Proyección
2042,21,,,13.332907744258204,85.6500008644778,72.3170931202196,542.3955112219452,38.088982711944105,,,,,,,7.181743971006529,53.864799102801385,38.95345692619209,14.624358971144433,,1.3827989440029131,,,,,,200500.0,1503798.0,1087503.0,2791801.0,proyeccion_oficial,Proyección
2043,21,,,13.642890912244779,87.72964276846784,74.08675185622306,543.042910280318,36.94244337170442,,,,,,,7.267307768262753,53.26809262793557,39.46459960380167,15.276862329598304,,1.3497689869582303,,,,,,200558.0,1470055.0,1089116.0,2759729.0,proyeccion_oficial,Proyección
2044,21,,,13.929666855827847,89.88215142410517,75.95248456827733,545.2570068931733,36.41296511319051,,,,,,,7.335953775200117,52.66424424307697,39.99980198172292,15.624558813445146,,1.3166126239110088,,,,,,200053.0,1436165.0,1090803.0,2727021.0,proyeccion_oficial,Proyección
2045,21,,,14.23595739461475,92.66163505639642,78.42567766178166,550.8985134463028,36.68292759360914,,,,,,,7.389098193030265,51.904469704478394,40.70643210249135,16.0491668606272,,1.2750925842331855,,,,,,199051.0,1398227.0,1096569.0,2693847.0,proyeccion_oficial,Proyección
2046,21,,,14.512725635547316,95.38545605977924,80.87273042423192,557.2539056767056,37.39887167759752,,,,,,,7.427741003970668,51.180882147852635,41.3913768481767,16.48509899607444,,1.2365107431816964,,,,,,197597.0,1361543.0,1101117.0,2660257.0,proyeccion_oficial,Proyección
2047,21,,,14.75431711027648,97.98864049285847,83.23432338258199,564.135383294756,37.995668156541576,,,,,,,7.45210284466228,50.507948209082755,42.03994894625497,16.87195288190166,,1.2014274392591082,,,,,,195711.0,1326466.0,1104075.0,2626252.0,proyeccion_oficial,Proyección
2048,21,,,14.92900909134416,100.06561082130854,85.13660172996438,570.276307081403,38.62756752080944,,,,,,,7.46205658736534,49.983602673883034,42.55434073875163,17.292697286840546,,1.1745829404511496,,,,,,193408.0,1295518.0,1102960.0,2591886.0,proyeccion_oficial,Proyección
2049,21,,,15.02839426976369,101.52247820584151,86.49408393607783,575.5377612769929,39.243015044949836,,,,,,,7.457428274781935,49.62225598370063,42.92031574151743,17.841898516124367,,1.1561484375498274,,,,,,190698.0,1268918.0,1097539.0,2557155.0,proyeccion_oficial,Proyección
2050,21,,,15.052558758428743,102.40651539203584,87.35395663360711,580.3262955854127,39.80648480002684,,,,,,,7.436795564250409,49.405524227474906,43.157680208274684,18.28779241047178,,1.144767837127685,,,,,,187560.0,1246034.0,1088460.0,2522054.0,proyeccion_oficial,Proyección
2051,21,,,15.031612214783308,103.16718604715768,88.13557383237438,586.3348027678275,40.3667782084038,,,,,,,7.398641733067208,49.220546853855,43.380811413077794,18.77705303450442,,1.1346156342068034,,,,,,183971.0,1223894.0,1078686.0,2486551.0,proyeccion_oficial,Proyección
2052,21,,,14.95399034341631,103.69772848359719,88.74373814018088,593.4452015963183,40.80646370829989,,,,,,,7.3412651455367035,49.092349111812766,43.56638574265053,19.19446595737909,,1.126840068896338,,,,,,179914.0,1203117.0,1067691.0,2450722.0,proyeccion_oficial,Proyección
2000,22,20986.0,11491.0,28.531655410329915,36.526299877449,7.99464446711908,28.0202615380831,228.0205708408331,16124.0,32477.0,1092000.0,1951000.0,1148000.0,,20.898285118648182,73.2459607341323,5.855754147219521,0.7486763814409875,,12.508373625779964,12.9,4.9,56.0,58.9,1.378,528489.0,1852290.0,148084.0,2528863.0,estimado,Histórico
2001,22,16700.0,11411.0,28.240350754197024,36.730177048897424,8.489826294700398,30.062750879390748,216.99282419789466,14833.0,28111.0,1118000.0,1963000.0,1175000.0,,20.654073126883844,73.13674432253387,6.209182550582281,0.8007891537895394,,11.778804009502878,11.1,4.8,57.0,59.9,1.216,523658.0,1854290.0,157426.0,2535374.0,estimado,Histórico
2002,22,12809.0,11451.0,27.75402415845735,36.73834893076297,8.984324772305621,32.371250817578726,205.3653012997243,13741.0,24260.0,1153000.0,1970000.0,1203000.0,,20.29717659711579,73.13237345774498,6.570449945139242,0.8565153126114946,,11.130497008328573,9.6,4.2,58.5,61.1,1.076,513712.0,1850946.0,166295.0,2530953.0,estimado,Histórico
2003,22,12842.0,11671.0,27.249843789913232,36.737426100612794,9.487582310699567,34.81701540693411,194.27152001528614,14028.0,24513.0,1143000.0,1980000.0,1196000.0,,19.92859202268625,73.13286702239003,6.938540954923714,0.9104517107502972,,10.540093010547647,9.7,4.4,57.7,60.4,1.116,504578.0,1851673.0,175679.0,2531930.0,estimado,Histórico
2004,22,11411.0,11848.0,26.7368390371549,36.73518737221187,9.998348335056967,37.395401607358075,183.54376362540006,13792.0,23259.0,1168000.0,1989000.0,1220000.0,,19.553737081862895,73.13406440712757,7.312198511009529,0.9724623607525481,,10.001651937787807,9.2,4.2,58.7,61.3,1.087,495347.0,1852676.0,185237.0,2533260.0,estimado,Histórico
2005,22,9297.0,11507.0,26.06590493058812,36.659787840217334,10.593882909629214,40.642682223540916,172.00296829892943,13152.0,20804.0,1158000.0,1985000.0,1210000.0,,19.073573391658112,73.17441478609643,7.752011822245461,1.0413810474228906,,9.439409596372442,8.3,4.3,58.3,60.9,1.001,478588.0,1836069.0,194511.0,2509168.0,estimado,Histórico
2006,22,9001.0,11359.0,25.204587402169924,36.37580988788906,11.171222485719138,44.322179559889875,162.44946895042497,13892.0,20360.0,1148000.0,1985000.0,1193000.0,,18.481714185888208,73.32678726689679,8.19149854721501,1.0997793212572464,,8.95157178436256,8.1,3.7,57.9,60.1,1.011,460203.0,1825870.0,203972.0,2490045.0,estimado,Histórico
2007,22,11013.0,11282.0,24.26138692868057,36.111257258982064,11.849870330301496,48.84250997329912,153.73350247191402,14655.0,22295.0,1144000.0,1996000.0,1186000.0,,17.824673298342887,73.46930886820601,8.706017833451108,1.1942251669495296,,8.438910908947955,8.9,3.6,57.3,59.4,1.137,442682.0,1824636.0,216217.0,2483535.0,estimado,Histórico
2008,22,8957.0,11605.0,23.380228774098995,35.87687427501744,12.496645500918447,53.44962883666236,147.09527269041024,13743.0,20562.0,1135000.0,2010000.0,1178000.0,,17.206922737107536,73.59604092569722,9.197036337195241,1.2861832240756088,,8.002147455703248,8.2,3.7,56.5,58.6,1.072,426901.0,1825906.0,228177.0,2480984.0,estimado,Histórico
2009,22,7658.0,11741.0,22.484796759554275,35.512596424610656,13.02779966505638,57.94048220391669,141.5622198679814,12844.0,19399.0,1142000.0,2026000.0,1194000.0,,16.592403475984742,73.79387794081026,9.613718583204994,1.3941574250699316,,7.675893287507597,7.8,4.3,56.4,58.9,1.029,411776.0,1831353.0,238585.0,2481714.0,estimado,Histórico
2010,22,8503.0,12054.0,21.612295905359794,35.088752432357055,13.476456526997257,62.3555062637058,133.68358954517768,13479.0,20557.0,1163000.0,2041000.0,1212000.0,,15.99859019808604,74.0254078888418,9.976001913072162,1.498963013266091,,7.420348205010045,8.3,4.0,57.0,59.4,1.109,396730.0,1835668.0,247383.0,2479781.0,estimado,Histórico
2011,22,8403.0,12355.0,20.66337317109484,34.43503918357403,13.771666012479189,66.64771476780868,126.1773513852775,13813.0,20758.0,1170000.0,2059000.0,1215000.0,,15.370526387007292,74.38536902826932,10.244104584723388,1.6020999421694353,,7.261285592417434,8.3,3.7,56.8,59.0,1.146,381668.0,1847075.0,254373.0,2483116.0,estimado,Histórico
2012,22,9120.0,12352.0,19.950972875233877,34.406984739711376,14.456011864477498,72.45767890558587,121.11681709187086,13642.0,21472.0,1208000.0,2070000.0,1250000.0,,14.843702441409834,74.40089530589282,10.755402252697346,1.7534014407619776,,6.917537211333386,8.6,3.3,58.4,60.4,1.217,368197.0,1845509.0,266787.0,2480493.0,estimado,Histórico
2013,22,6809.0,12531.0,19.32203500387567,34.569833264662044,15.247798260786375,78.91403911507213,116.6415707407921,13601.0,19340.0,1205000.0,2080000.0,1246000.0,,14.358370323514121,74.31085970310104,11.330769973384843,1.9085438734041105,,6.558323915996164,7.8,3.3,57.9,59.9,1.127,355464.0,1839682.0,280511.0,2475657.0,estimado,Histórico
2014,22,6719.0,12642.0,18.749111360369042,34.822634339159904,16.073522978790862,85.7295189614495,110.83597007235359,12552.0,19361.0,1227000.0,2090000.0,1275000.0,,13.906501272778698,74.17152208170027,11.921976645521031,2.0775788920764473,,6.221411456091535,7.8,3.8,58.7,61.0,1.169,344172.0,1835671.0,295057.0,2474900.0,estimado,Histórico
2015,22,6357.0,13081.0,18.135544286687583,34.990655248097966,16.855110961410386,92.93964766077023,103.99811853245531,12545.0,19438.0,1246000.0,2096000.0,1291000.0,,13.434666461435016,74.07920186490762,12.48613167365737,2.2783143730341813,,5.93291852120992,7.9,3.5,59.4,61.6,1.216,331669.0,1828834.0,308252.0,2468755.0,estimado,Histórico
2016,22,4796.0,13502.0,17.624255461505374,35.20330165022085,17.57904618871548,99.74348265157276,95.29751987299237,12216.0,18298.0,1247000.0,2102000.0,1301000.0,30492.0,13.035373579189946,73.96269083628303,13.001935584527025,2.516422402725095,1.2390075262027418,5.688590775999725,7.4,4.1,59.3,61.9,1.186,320836.0,1820423.0,320013.0,2461272.0,estimado,Histórico
2017,22,2317.0,13629.0,17.365996842264295,36.01445718323998,18.64846034097569,107.38491150470679,88.84344349839522,11392.0,15946.0,1239000.0,2108000.0,1291000.0,31365.0,12.76775807653201,73.52159621184904,13.710645711618952,2.723933778967836,1.2786170308608784,5.362372987987275,6.5,4.0,58.8,61.2,1.067,313802.0,1806991.0,336976.0,2457769.0,estimado,Histórico
2018,22,330.0,14070.0,17.04996500064524,36.80194722667124,19.751982226026,115.84764089121889,83.03045335683544,10967.0,14400.0,1226000.0,2106000.0,1282000.0,35280.0,12.463247304802353,73.0983747141457,14.438377981051945,2.942461613851682,1.4432918836922743,5.062783008595259,5.9,4.4,58.2,60.9,0.987,305200.0,1790033.0,353567.0,2448800.0,estimado,Histórico
2019,22,-519.0,13752.0,16.663959702324156,37.42220297269801,20.758243270373853,124.56969196510157,78.60560067686274,9880.0,13233.0,1219000.0,2104000.0,1266000.0,40092.0,12.126104328013735,72.7684448632127,15.10545080877356,3.2066960606965926,1.649917281908195,4.817363333568785,5.4,3.7,57.9,60.2,0.932,295486.0,1773204.0,368086.0,2436776.0,estimado,Histórico
2020,22,-3267.0,14460.0,16.424769058558798,38.729322150381435,22.304553091822637,135.79827522871585,74.31438247032364,8340.0,11193.0,1184000.0,2091000.0,1232000.0,37398.0,11.839435819310415,72.08281454125526,16.077749639434327,3.4880638472543577,1.5513336375326667,4.483389538823008,4.6,3.9,56.6,58.9,0.807,285835.0,1740268.0,388159.0,2414262.0,estimado,Histórico
2021,22,-3899.0,14560.0,16.141363342653797,39.969012284082105,23.827648941428308,147.6185650220969,69.9113404051124,7287.0,10661.0,1217000.0,2090000.0,1265000.0,36956.0,11.532097768821266,71.44438498789953,17.02351724327921,3.7842467611719637,1.5476288689151312,4.196805158822592,4.5,3.7,58.2,60.5,0.785,276283.0,1711646.0,407845.0,2395774.0,estimado,Histórico
2022,22,-7458.0,17592.0,15.896286510539731,41.25596435355074,25.359677843011006,159.53208836665567,65.52222696860395,7497.0,10134.0,1228000.0,2077000.0,1265000.0,38849.0,11.253532962865044,70.79347088644636,17.952996150688588,4.085903441273439,1.6413785061338857,3.94326775833075,4.3,2.9,59.1,60.9,0.757,266888.0,1678933.0,425772.0,2371593.0,estimado,Histórico
2023,22,-7146.0,16556.0,15.483928165409896,42.31665769045894,26.832729525049047,173.29407136485978,62.225988192184445,8150.0,9410.0,1247000.0,2086000.0,1286000.0,43191.0,10.879912735927014,70.26584352304116,18.85424374103183,4.4152857906865774,1.8153672597541681,3.7267919354476184,4.0,3.1,59.8,61.7,0.702,256737.0,1658087.0,444910.0,2359734.0,proyeccion_oficial,Histórico
2024,22,-6672.0,16775.0,15.190360680178172,43.8163787783433,28.626018098165133,188.44857407183943,59.24058766109401,9289.0,10103.0,1215000.0,2096000.0,1258000.0,45295.0,10.56233011094674,69.5331094062136,19.904560482839663,4.663552759818196,1.9117178448805254,3.493325535429945,4.3,3.4,58.0,60.0,0.754,248610.0,1636630.0,468502.0,2353742.0,proyeccion_oficial,Histórico
2025,22,-6460.0,17279.0,14.869404242676925,45.70845264873961,30.83904840606268,207.39935442437573,56.76381284221006,9416.0,10819.0,1214000.0,2095000.0,1255000.0,47017.0,10.204901618523603,68.63019830501578,21.164900076460622,4.872404997140759,1.9891751842389056,3.2426422074794274,4.6,3.3,58.0,59.9,0.806,238237.0,1602196.0,494102.0,2334535.0,proyeccion_oficial,Histórico
2026,22,,,14.409707941742658,47.632729552000505,33.22302161025784,230.55999291988405,55.42176562421312,,,,,,,9.760510413557817,67.73565746799873,22.503832118443448,4.9367273946043255,,3.0099610195938435,,,,,,225985.0,1568283.0,521031.0,2315299.0,proyeccion_oficial,Proyección
2027,22,,,13.911046291149564,49.12681364578517,35.21576735463561,253.14966694518483,54.66675759228951,,,,,,,9.328333350025103,67.05702184284975,23.614644807125153,5.251767767263899,,2.839637114618675,,,,,,214229.0,1539992.0,542320.0,2296541.0,proyeccion_oficial,Proyección
2028,22,,,13.464485274543641,50.867290110760436,37.402804836216795,277.788597733711,54.44998954982694,,,,,,,8.92472136581666,66.28342030044033,24.791858333743004,5.594674171822658,,2.673596283430886,,,,,,203328.0,1510106.0,564822.0,2278256.0,proyeccion_oficial,Proyección
2029,22,,,13.056274129844317,52.19648072911687,39.14020659927255,299.78082728674497,53.47447320615309,,,,,,,8.57856506753412,65.70454160368038,25.71689332878549,5.971165446314457,,2.554917530809829,,,,,,193911.0,1485194.0,581308.0,2260413.0,proyeccion_oficial,Proyección
2030,22,,,12.635549075294644,53.75109080202826,41.11554172673361,325.39576619684686,53.996660430742594,,,,,,,8.21818499588034,65.04018896930052,26.741626034819145,6.3022759779286135,,2.432170313226818,,,,,,184326.0,1458789.0,599789.0,2242904.0,proyeccion_oficial,Proyección
2031,22,,,12.240457983298853,55.342021726566884,43.10156374326803,352.12378329370307,54.87100035450284,,,,,,,7.879682424144392,64.3740817124294,27.746235863426204,6.549395446641595,,2.320101437517307,,,,,,175371.0,1432716.0,617523.0,2225610.0,proyeccion_oficial,Proyección
2032,22,,,11.982136644566326,57.12296673423172,45.14083008966539,376.73439578187345,55.15414632317297,,,,,,,7.6259613050927895,63.644419449606424,28.729619245300793,6.994162437467624,,2.2152893467259065,,,,,,168416.0,1405559.0,634481.0,2208456.0,proyeccion_oficial,Proyección
2033,22,,,11.884887233566221,59.28291480224806,47.39802756868184,398.8092325757761,54.910519303932205,,,,,,,7.461495320023164,62.781372455515005,29.75713222446183,7.435484040254509,,2.1097924350353097,,,,,,163508.0,1375764.0,652085.0,2191357.0,proyeccion_oficial,Proyección
2034,22,,,11.934629666183739,61.95276740123873,50.01813773505499,419.1008781510769,55.00624736151683,,,,,,,7.369203909072847,61.74639779525937,30.884398295667786,7.7969887187336715,,1.999274753684311,,,,,,160223.0,1342505.0,671496.0,2174224.0,proyeccion_oficial,Proyección
2035,22,,,12.064547342908904,64.59541917159257,52.530871828683665,435.415190770165,54.04775771694816,,,,,,,7.329819629021071,60.75503225016784,31.915148120811093,8.371227435082398,,1.9036424966660566,,,,,,158096.0,1310418.0,688374.0,2156888.0,proyeccion_oficial,Proyección
2036,22,,,12.327896068097635,67.52903311693905,55.20113704884142,447.77419231893083,52.121290383170546,,,,,,,7.358662459116854,59.691146149096284,32.950191391786866,8.91971267626438,,1.8115568871619618,,,,,,157426.0,1276990.0,704913.0,2139329.0,proyeccion_oficial,Proyección
2037,22,,,12.627451736428243,70.41802321985278,57.79057148342454,457.6582250297397,49.970789517609745,,,,,,,7.409692647436608,58.67923950214588,33.91106785041751,9.504950495049505,,1.7303860722104458,,,,,,157197.0,1244883.0,719425.0,2121505.0,proyeccion_oficial,Proyección
2038,22,,,13.0012006385814,73.43471692636523,60.43351628778383,464.83027197077325,47.90826497846631,,,,,,,7.496308045465481,57.65858287903036,34.845109075504155,10.082387879168248,,1.654710930997312,,,,,,157664.0,1212688.0,732870.0,2103222.0,proyeccion_oficial,Proyección
2039,22,,,13.417178173813657,76.46640985480252,63.04923168098887,469.91424623131434,46.25807502647293,,,,,,,7.603247657643957,56.66800842283839,35.728743919517655,10.772846757212019,,1.5860621507010821,,,,,,158477.0,1181150.0,744706.0,2084333.0,proyeccion_oficial,Proyección
2040,22,,,13.846140494756071,79.19976394728735,65.35362345253127,471.99884673481796,44.1664599235104,,,,,,,7.7266510790879135,55.80364493639377,36.46970398451832,11.594843701268639,,1.530137040873237,,,,,,159547.0,1152285.0,753060.0,2064892.0,proyeccion_oficial,Proyección
2041,22,,,14.253410142587391,81.62653010109192,67.37311995850452,472.68070787637095,41.74542252132652,,,,,,,7.847647661745261,55.05803581907377,37.094316519180964,12.481075276388987,,1.4842714729789943,,,,,,160480.0,1125906.0,758558.0,2044944.0,proyeccion_oficial,Proyección
2042,22,,,14.612097827064616,83.93543246565523,69.32333463859062,474.4242439315559,40.073249252233225,,,,,,,7.94414519877404,54.36690400511722,37.688950796108735,13.144005907529383,,1.442515720303109,,,,,,160832.0,1100677.0,763026.0,2024535.0,proyeccion_oficial,Proyección
2043,22,,,14.92021982961162,86.07315519383675,71.15293536422513,476.88932319221243,39.11302910030222,,,,,,,8.018469840030864,53.74230360947428,38.23922655049486,13.867601870340804,,1.4054233952276105,,,,,,160666.0,1076834.0,766199.0,2003699.0,proyeccion_oficial,Proyección
2044,22,,,15.197235605912415,88.24942598370914,73.05219037779672,480.6939385040271,38.65746659428031,,,,,,,8.072925336424433,53.12101191142749,38.80606275214809,14.350460487090322,,1.368884348064582,,,,,,160043.0,1053106.0,769317.0,1982466.0,proyeccion_oficial,Proyección
2045,22,,,15.478996128547411,90.88042692085668,75.40143079230927,487.1209357902019,38.91361331950686,,,,,,,8.109263154029591,52.38881828437142,39.501918561598984,14.931223493556855,,1.3262347802848287,,,,,,159010.0,1027263.0,774571.0,1960844.0,proyeccion_oficial,Proyección
2046,22,,,15.73123200303422,93.51225914632624,77.78102714329202,494.43697180417735,39.8185898981655,,,,,,,8.129320629314183,51.676312622852485,40.194366747833335,15.487239846730647,,1.2856605739568736,,,,,,157612.0,1001905.0,779292.0,1938809.0,proyeccion_oficial,Proyección
2047,22,,,15.94519258800845,96.01843280261456,80.0732402146061,502.1779434312071,40.47248320118518,,,,,,,8.134537328979077,51.015610404709946,40.849852266310975,16.015615623137673,,1.248856668369954,,,,,,155881.0,977605.0,782800.0,1916286.0,proyeccion_oficial,Proyección
2048,22,,,16.094921935893584,98.08080417067285,81.98588223477925,509.3897476566258,41.250664901250204,,,,,,,8.125432448277865,50.48444770742992,41.39011984429221,16.580766813324953,,1.2197221920919816,,,,,,153838.0,955817.0,783635.0,1893290.0,proyeccion_oficial,Proyección
2049,22,,,16.156972831379207,99.4207483236258,83.26377549224661,515.3426719300794,41.7790717719846,,,,,,,8.101951761388037,50.14523355298872,41.75281468562324,17.243616382323385,,1.2010024696671586,,,,,,151486.0,937589.0,780672.0,1869747.0,proyeccion_oficial,Proyección
2050,22,,,16.145328787288722,100.21913005368685,84.07380126639814,520.7314287250055,42.23809378620648,,,,,,,8.06382925695437,49.94527744336215,41.99089329968347,17.810620943893667,,1.189431172299891,,,,,,148832.0,921827.0,775015.0,1845674.0,proyeccion_oficial,Proyección
2051,22,,,16.10190261490871,101.03763940623047,84.93573679132176,527.488824287634,42.7576178652513,,,,,,,8.009396977832644,49.74192907126865,42.2486739508987,18.384842266191693,,1.177360717382008,,,,,,145852.0,905806.0,769353.0,1821011.0,proyeccion_oficial,Proyección
2052,22,,,16.0018141526358,101.59872201029667,85.59690785766087,534.9200224498387,43.13755907090779,,,,,,,7.9374581312169745,49.60348905133064,42.45905281745239,18.888633352804813,,1.1682665005410013,,,,,,142540.0,890774.0,762475.0,1795789.0,proyeccion_oficial,Proyección
2000,23,23682.0,10751.0,32.850052363020566,40.51460594041757,7.664553577397001,23.33193716922357,241.26083245593816,17857.0,34433.0,1101000.0,1892000.0,1164000.0,,23.37838984293916,71.16697892773013,5.454631229330709,0.7487922513798028,,13.047074299917872,13.6,5.4,58.2,61.5,1.473,589711.0,1795160.0,137591.0,2522462.0,estimado,Histórico
2001,23,19887.0,10607.0,31.925674378709452,39.90041582071118,7.974741442001731,24.979085319870062,236.1861743674201,17066.0,30494.0,1139000.0,1926000.0,1195000.0,,22.82028555199126,71.47941584973886,5.700298598269878,0.8008878368932921,,12.539591499896844,11.9,4.7,59.1,62.0,1.324,582127.0,1823382.0,145410.0,2550919.0,estimado,Histórico
2002,23,16018.0,10757.0,30.928764262332177,39.22017516745062,8.291410905118443,26.808089824708798,227.9893329606857,16851.0,26775.0,1177000.0,1957000.0,1226000.0,,22.215719973870033,71.82866986032911,5.955610165800852,0.8603835505645939,,12.06067352641613,10.4,4.0,60.1,62.6,1.185,571335.0,1847261.0,153164.0,2571760.0,estimado,Histórico
2003,23,15908.0,10924.0,29.74504447336438,38.392667003667576,8.647622530303193,29.072481428114283,218.33169719238214,15720.0,26832.0,1172000.0,1978000.0,1225000.0,,21.493222955646992,72.25816379226934,6.248613252083668,0.9278922169975368,,11.563871994826064,10.4,4.4,59.2,61.9,1.213,553121.0,1859540.0,160806.0,2573467.0,estimado,Histórico
2004,23,14050.0,11042.0,28.77534765251472,37.81983388148726,9.044486228972543,31.43137083239421,207.8744265930387,15900.0,25092.0,1182000.0,1995000.0,1238000.0,,20.87895975644474,72.55849697656076,6.562543266994497,1.002821980333255,,11.05645997665033,9.7,4.5,59.2,62.0,1.158,536849.0,1865656.0,168739.0,2571244.0,estimado,Histórico
2005,23,11882.0,11144.0,27.808008521898227,37.21606297019409,9.408054448295859,33.83217622681327,197.1625098451037,16515.0,23026.0,1190000.0,2020000.0,1247000.0,,20.26585511926446,72.87776506291533,6.856379817820211,1.0706955821749853,,10.629190184811657,8.9,4.5,58.9,61.7,1.075,523144.0,1881271.0,176991.0,2581406.0,estimado,Histórico
2006,23,12643.0,11068.0,26.499369643801707,36.247781208904016,9.74841156510231,36.78733379751355,190.4918939401698,17261.0,23711.0,1223000.0,2056000.0,1279000.0,,19.449395365324254,73.39569064003578,7.154913994639962,1.1338482632050202,,10.258081466111191,9.1,4.4,59.5,62.2,1.116,506987.0,1913204.0,186507.0,2606698.0,estimado,Histórico
2007,23,15336.0,11376.0,25.182458758865558,35.36951964264769,10.187060883782133,40.45300334382856,180.5754062135676,18227.0,26712.0,1265000.0,2109000.0,1318000.0,,18.602754021247122,73.87187327249357,7.525372706259301,1.195278366672355,,9.816374039660513,10.1,4.0,60.0,62.5,1.257,491652.0,1952359.0,198888.0,2642899.0,estimado,Histórico
2008,23,13999.0,11366.0,24.096644410932573,34.67682440340993,10.580179992477358,43.9072752705649,171.88148917235242,18108.0,25365.0,1281000.0,2162000.0,1334000.0,,17.892198243963392,74.25182502110442,7.855976734932186,1.2717319757085321,,9.451635045065515,9.5,3.9,59.3,61.7,1.186,481123.0,1996639.0,211248.0,2689010.0,estimado,Histórico
2009,23,12717.0,11662.0,22.992591211133867,33.90657991914168,10.913988708007812,47.46741508074502,162.92604854092215,16643.0,24379.0,1300000.0,2195000.0,1362000.0,,17.170620909754952,74.67892919107047,8.15044989917458,1.3764410775059304,,9.162553001967833,9.0,4.5,59.2,62.0,1.143,463558.0,2016119.0,220039.0,2699716.0,estimado,Histórico
2010,23,13665.0,12087.0,22.010794821070064,33.270719194675806,11.259924373605742,51.156373339262885,151.43419310696632,17407.0,25752.0,1332000.0,2233000.0,1402000.0,,16.51585205968439,75.03523700050312,8.448910939812485,1.468275682246354,,8.88105431990368,9.5,5.0,59.6,62.8,1.214,449725.0,2043202.0,230063.0,2722990.0,estimado,Histórico
2011,23,13614.0,12504.0,21.11133584716664,32.66196647259103,11.55063062542439,54.7129310482482,141.03097850979924,18013.0,26118.0,1380000.0,2276000.0,1449000.0,,15.913631019127402,75.37955501410478,8.706813966767815,1.5574978246577988,,8.657535959974984,9.5,4.7,60.7,63.7,1.232,438379.0,2076510.0,239850.0,2754739.0,estimado,Histórico
2012,23,14900.0,12881.0,20.52303813216269,32.659089775945944,12.136051643783254,59.13379669048236,133.32440023527693,18079.0,27781.0,1429000.0,2320000.0,1496000.0,,15.470510288307418,75.38118961082472,9.148300100867864,1.6635680879562051,,8.23991220004617,9.9,4.5,61.6,64.5,1.301,432208.0,2105965.0,255581.0,2793754.0,estimado,Histórico
2013,23,12521.0,13039.0,20.006051252703127,32.73389968055015,12.727848427847022,63.61999310647219,124.60070504680387,18010.0,25560.0,1448000.0,2363000.0,1511000.0,,15.072299767317594,75.33870415972814,9.588996072954275,1.7731431350208227,,7.856787466231282,9.0,4.1,61.3,63.9,1.195,426487.0,2131790.0,271331.0,2829608.0,estimado,Histórico
2014,23,12377.0,13409.0,19.431002027994957,32.7374871134439,13.306485085448937,68.48069423428498,114.7361699207152,17251.0,25786.0,1472000.0,2403000.0,1544000.0,,14.63866949009535,75.3366680164249,10.02466249347976,1.9003990230033039,,7.515132610741296,9.0,4.7,61.3,64.3,1.212,418994.0,2156317.0,286930.0,2862241.0,estimado,Histórico
2015,23,12039.0,13452.0,18.917153347262204,32.905201934797404,13.988048587535198,73.94372890443175,104.82567898516825,17118.0,25491.0,1488000.0,2433000.0,1567000.0,,14.233568793298895,75.24159968475837,10.524831521942732,2.05743030898397,,7.148960012128523,8.8,5.0,61.1,64.4,1.216,410335.0,2169116.0,303417.0,2882868.0,estimado,Histórico
2016,23,9490.0,14119.0,18.422553517029204,32.86673594792389,14.444182430894688,78.40488788670343,94.29545767981847,16092.0,23609.0,1520000.0,2461000.0,1598000.0,71873.0,13.865436962528971,75.26338273199865,10.871180305472377,2.223524661153773,2.467298587309957,6.923202505813678,8.1,4.9,61.8,64.9,1.144,403119.0,2188182.0,316065.0,2907366.0,estimado,Histórico
2017,23,6155.0,14290.0,17.980365678422512,33.16629054332554,15.185924864903026,84.45837607811846,86.79004982690083,15235.0,20445.0,1533000.0,2485000.0,1607000.0,79170.0,13.502190085089602,75.094079434063,11.4037304808474,2.3799369258230305,2.705772143021435,6.5850450920585795,7.0,4.6,61.7,64.7,1.007,394785.0,2195645.0,333429.0,2923859.0,estimado,Histórico
2018,23,4771.0,15316.0,17.62768369783402,33.60060906101122,15.9729253631772,90.61272959611736,78.36417581334062,14850.0,20087.0,1575000.0,2503000.0,1645000.0,88489.0,13.194313874560262,74.84995817222145,11.955727953218286,2.5498595295124273,3.013810416955455,6.260593956729592,6.9,4.3,62.9,65.7,1.006,387365.0,2197481.0,351002.0,2935848.0,estimado,Histórico
2019,23,3391.0,15131.0,17.196119615230593,34.04090513252896,16.84478551729837,97.95689896445565,73.24463706619596,13401.0,18522.0,1581000.0,2529000.0,1653000.0,100174.0,12.829008874737482,74.60409186369488,12.566899261567643,2.753980082650227,3.393155766288411,5.93655525606469,6.3,4.4,62.5,65.4,0.94,378738.0,2202462.0,371000.0,2952200.0,estimado,Histórico
2020,23,351.0,15689.0,16.852307200875735,35.05171529290841,18.199408092032673,107.99356951603005,68.8653101510895,11574.0,16040.0,1560000.0,2544000.0,1634000.0,99212.0,12.478410336607293,74.04570892203324,13.475880741359475,2.950053624708368,3.3683092657362836,5.4946841949095,5.5,4.6,61.3,64.2,0.829,368246.0,2185137.0,397682.0,2951065.0,estimado,Histórico
2021,23,-1546.0,16493.0,16.54269382844976,36.06147379918706,19.518779970737306,117.9903356318506,64.12320045553386,10881.0,14947.0,1563000.0,2548000.0,1629000.0,100379.0,12.158249772352972,73.49619051428905,14.345559713357984,3.1610561194843485,3.3945724175899987,5.123271031791982,5.1,4.0,61.3,63.9,0.778,358637.0,2167948.0,423157.0,2949742.0,estimado,Histórico
2022,23,-4493.0,18957.0,16.189107133161116,36.90512892957029,20.71602179640917,127.96271978443644,60.836727543024274,10849.0,14464.0,1614000.0,2575000.0,1670000.0,110201.0,11.825055247922426,73.0432824408238,15.131662311253772,3.3647875370770275,3.6867310667837576,4.827181636646742,4.9,3.3,62.7,64.8,0.747,351822.0,2173202.0,450201.0,2975225.0,estimado,Histórico
2023,23,-4583.0,18242.0,15.72960122299005,37.79824236398335,22.068641140993293,140.30006754868162,58.84328044992865,11621.0,13659.0,1655000.0,2623000.0,1709000.0,122050.0,11.414950548818709,72.56986612054004,16.015183330641253,3.5604252289763516,4.03344404236686,4.531316602645117,4.6,3.2,63.1,65.2,0.694,343456.0,2183501.0,481869.0,3008826.0,proyeccion_oficial,Histórico
2024,23,-3591.0,18827.0,15.361195770522123,38.91766549586118,23.556469725339056,153.3504948263437,56.930357688301314,13223.0,15236.0,1696000.0,2671000.0,1753000.0,127960.0,11.057769878071976,71.98508529714627,16.957144824781757,3.7039818452517594,4.184389115486981,4.245118269671483,5.1,3.3,63.5,65.6,0.762,337189.0,2195070.0,517081.0,3049340.0,proyeccion_oficial,Histórico
2025,23,-2553.0,19134.0,14.944384741855188,40.45268340176168,25.508298659906497,170.688182220474,55.52008721551527,13991.0,16581.0,1715000.0,2711000.0,1773000.0,131359.0,10.640156086663804,71.19835490358862,18.16148900974757,3.8658719334689424,4.246167074499206,3.920292816595341,5.5,3.2,63.3,65.4,0.818,325408.0,2177460.0,555433.0,3058301.0,proyeccion_oficial,Histórico
2026,23,,,14.401409053930852,41.9890848326216,27.587675778690745,191.5623372364436,54.92042839144868,,,,,,,10.142616998276596,70.42794882288393,19.429434178839465,3.9790582745413903,,3.6248069899836195,,,,,,311034.0,2159747.0,595824.0,3066605.0,proyeccion_oficial,Proyección
2027,23,,,13.851475589626045,43.133776427619814,29.28230083799377,211.40203185229245,54.48932127562767,,,,,,,9.677293463035602,69.86471152779806,20.45799500916634,4.258014327263526,,3.41503219139973,,,,,,297561.0,2148226.0,629050.0,3074837.0,proyeccion_oficial,Proyección
2028,23,,,13.388653163711291,44.63308192789624,31.24442876418495,233.36498736758742,54.661265589059106,,,,,,,9.256978407184825,69.14047510226801,21.602546490547162,4.5126054590731695,,3.2005705962731055,,,,,,285377.0,2131484.0,665970.0,3082831.0,proyeccion_oficial,Proyección
2029,23,,,12.97605668939908,45.74431009772847,32.76825340832939,252.52859318270197,53.82845500270176,,,,,,,8.903302420998816,68.61331322845142,22.483384350549755,4.74528063783385,,3.051734212192735,,,,,,275153.0,2120467.0,694840.0,3090460.0,proyeccion_oficial,Proyección
2030,23,,,12.561426038703807,47.115926672970545,34.554500634266745,275.08421836659846,54.30815957011856,,,,,,,8.53845421279714,67.97360575533993,23.487940031862912,4.997409322243188,,2.8939790234107092,,,,,,264491.0,2105581.0,727573.0,3097645.0,proyeccion_oficial,Proyección
2031,23,,,12.18865276165598,48.4049459869313,36.21629322527532,297.1312247011202,54.7616061455251,,,,,,,8.213104139217386,67.3831989459476,24.403696914835013,5.144046311299815,,2.7611881585443445,,,,,,254952.0,2091716.0,757542.0,3104210.0,proyeccion_oficial,Proyección
2032,23,,,11.950940762791577,49.78753551309102,37.83659475029945,316.5992995974096,54.48545770921724,,,,,,,7.978594962427361,66.76122926881341,25.26017576875923,5.439809344302724,,2.642943971568916,,,,,,248143.0,2076347.0,785619.0,3110109.0,proyeccion_oficial,Proyección
2033,23,,,11.857757855818058,51.45360892404401,39.59585106822596,333.9235928890055,53.38558279413105,,,,,,,7.82930029865771,66.02681884599482,26.14388085534746,5.735197440223518,,2.525517126218456,,,,,,243904.0,2056915.0,814453.0,3115272.0,proyeccion_oficial,Proyección
2034,23,,,11.854040042243016,53.58930237481568,41.73526233257267,352.0762725943647,52.94842864440663,,,,,,,7.7180115144443455,65.10870122709613,27.173287258459528,6.054700021797946,,2.3960553836498613,,,,,,240768.0,2031105.0,847687.0,3119560.0,proyeccion_oficial,Proyección
2035,23,,,11.939242692233298,55.68075543334125,43.74151274110795,366.3675650848661,51.40324577197608,,,,,,,7.669054957371012,64.2340151302886,28.09692991234039,6.567986230636833,,2.286157787726,,,,,,239495.0,2005948.0,877432.0,3122875.0,proyeccion_oficial,Proyección
2036,23,,,12.12148341929574,58.07528172351718,45.953798304221436,379.1103507271172,49.308439019277436,,,,,,,7.668171321368838,63.26099748783355,29.07083119079762,7.039729731718797,,2.176098683681904,,,,,,239645.0,1977027.0,908519.0,3125191.0,proyeccion_oficial,Proyección
2037,23,,,12.335615169808959,60.40085965192203,48.06524448211307,389.64610860876473,46.97325548867248,,,,,,,7.69049193163794,62.34380552386381,29.965702544498253,7.560665043750606,,2.0805053854914615,,,,,,240441.0,1949161.0,936869.0,3126471.0,proyeccion_oficial,Proyección
2038,23,,,12.627625241914266,62.86874506729318,50.241119825378924,397.86673157369285,44.80575690893793,,,,,,,7.7532526186634865,61.399134596808345,30.847612784528167,8.160237768375424,,1.99040149478288,,,,,,242398.0,1919585.0,964421.0,3126404.0,proyeccion_oficial,Proyección
2039,23,,,12.961537423754962,65.31844752960522,52.356910105850254,403.94058508749373,42.93405939744038,,,,,,,7.8403454771336465,60.48931712965185,31.6703373932145,8.795502447897766,,1.9099675629793555,,,,,,244989.0,1890123.0,989610.0,3124722.0,proyeccion_oficial,Proyección
2040,23,,,13.318681295084142,67.57576229340545,54.257080998321314,407.3757738939765,40.68443263810423,,,,,,,7.9478566069505305,59.674501032501205,32.377642360548265,9.550972498883565,,1.8430774040920843,,,,,,248096.0,1862767.0,1010683.0,3121546.0,proyeccion_oficial,Proyección
2041,23,,,13.651937486363297,69.58812669659622,55.936189210232925,409.73077459596266,38.30820596835404,,,,,,,8.050055008147751,58.96639225156739,32.983552740284864,10.351766597332979,,1.7877513897873127,,,,,,250905.0,1837871.0,1028035.0,3116811.0,proyeccion_oficial,Proyección
2042,23,,,13.936671040010584,71.47390877719099,57.537237737180405,412.8477853283441,36.6049515293941,,,,,,,8.127575290838884,58.31791012003905,33.554514589122064,10.951108333486038,,1.7380048805398294,,,,,,252814.0,1814020.0,1043737.0,3110571.0,proyeccion_oficial,Proyección
2043,23,,,14.190481886162033,73.42608837569873,59.23560648953669,417.4319587222813,35.61913619081485,,,,,,,8.182437843734743,57.661451593930124,34.15611056233514,11.640532217805157,,1.6881738185235577,,,,,,253890.0,1789157.0,1059818.0,3102865.0,proyeccion_oficial,Proyección
2044,23,,,14.407123562824262,75.33986096107567,60.93273739825141,422.9347873123026,34.86981036560697,,,,,,,8.21668471952453,57.032097237831934,34.751218042643536,12.108926128093511,,1.6411539062558134,,,,,,254199.0,1764398.0,1075096.0,3093693.0,proyeccion_oficial,Proyección
2045,23,,,14.631311966797325,77.71725847359926,63.08594650680194,431.17081127080183,34.930071434719,,,,,,,8.232915639406443,56.26915520692408,35.497929153669475,12.680669949358409,,1.5851390925745719,,,,,,253824.0,1734800.0,1094415.0,3083039.0,proyeccion_oficial,Proyección
2046,23,,,14.825289893401795,80.07795778058995,65.25266788718817,440.14429637716415,35.286530230974556,,,,,,,8.232706587813029,55.531504928460876,36.2357884837261,13.174486304548239,,1.5325043900562754,,,,,,252813.0,1705282.0,1112742.0,3070837.0,proyeccion_oficial,Proyección
2047,23,,,14.992736574599617,82.45348602641094,67.46074945181132,449.9562112369928,35.60249238985901,,,,,,,8.217292473342686,54.808489647341986,36.974217879315326,13.618168680106024,,1.4823434487847214,,,,,,251206.0,1675518.0,1130317.0,3057041.0,proyeccion_oficial,Proyección
2048,23,,,15.101708627312565,84.46030931648842,69.35860068917586,459.2765123526199,36.01031999454992,,,,,,,8.186969155191948,54.21220444145772,37.60082640335033,14.08508771987504,,1.4417822592491554,,,,,,249016.0,1648926.0,1143672.0,3041614.0,proyeccion_oficial,Proyección
2049,23,,,15.140647633288165,85.95866154803392,70.81801391474575,467.734377220731,36.38672126391019,,,,,,,8.141942680834617,53.7753924272947,38.082664891870685,14.680121789092212,,1.4120701001356093,,,,,,246259.0,1626476.0,1151838.0,3024573.0,proyeccion_oficial,Proyección
2050,23,,,15.11698817672682,87.04866210329807,71.93167392657125,475.8333676367678,36.78657508612624,,,,,,,8.081847796579495,53.46202366567838,38.456128537742124,15.180752873043163,,1.3902081592329028,,,,,,242930.0,1607000.0,1155942.0,3005872.0,proyeccion_oficial,Proyección
2051,23,,,15.061148975641233,88.13171731327634,73.0705683376351,485.1593225444748,37.22169256986612,,,,,,,8.005640511196448,53.15424821933684,38.84011126946672,15.728552073407032,,1.3685400603144735,,,,,,239012.0,1586944.0,1159589.0,2985545.0,proyeccion_oficial,Proyección
2052,23,,,14.954764665291687,89.00347061457046,74.04870594927877,495.1512618659753,37.53055099430559,,,,,,,7.912428600736397,52.909081338472994,39.1784900607906,16.205405828555385,,1.3504624924640427,,,,,,234494.0,1568022.0,1161100.0,2963616.0,proyeccion_oficial,Proyección
2000,24,15282.0,5866.0,32.23174957896101,39.91712819018007,7.685378611219069,23.84412485084469,287.2824311077225,9557.0,21148.0,554000.0,1037000.0,592000.0,,23.03631442116974,71.4708780072134,5.492807571616853,0.8056850782609701,,13.01172070482261,15.5,6.5,53.4,57.1,1.636,318460.0,988032.0,75934.0,1382426.0,estimado,Histórico
2001,24,12447.0,5751.0,32.015627029565465,40.07913431851563,8.063507288950172,25.18616075051027,272.08996241036925,8765.0,18198.0,579000.0,1055000.0,610000.0,,22.855386125365026,71.38821958495072,5.7563942896842555,0.8538083275200186,,12.401551386582737,13.2,5.1,54.9,57.8,1.421,320422.0,1000830.0,80702.0,1401954.0,estimado,Histórico
2002,24,10137.0,5899.0,31.81069398658073,40.2308816827552,8.420187696174462,26.46967620299796,258.11332969189374,8230.0,16036.0,607000.0,1072000.0,631000.0,,22.68451399923889,71.31096859693884,6.004517403822278,0.8997526049635168,,11.876219819355443,11.5,3.8,56.6,58.9,1.264,322486.0,1013766.0,85361.0,1421613.0,estimado,Histórico
2003,24,10002.0,5952.0,31.13182006988052,39.95298946905466,8.821169399174138,28.334897797088527,243.18629018969244,7760.0,15954.0,596000.0,1087000.0,625000.0,,22.244483799872064,71.45256444994426,6.302951750183664,0.9582643139073329,,11.336365449388406,11.4,4.6,54.8,57.5,1.278,318533.0,1023175.0,90256.0,1431964.0,estimado,Histórico
2004,24,8687.0,6042.0,30.70305653599043,39.89299945289313,9.189942916902698,29.931687440076704,228.70520907849388,8012.0,14729.0,610000.0,1101000.0,637000.0,,21.947528937164027,71.48320530054364,6.569265762292324,1.0147561885591432,,10.881460407776197,10.5,4.3,55.4,57.9,1.203,317072.0,1032705.0,94905.0,1444682.0,estimado,Histórico
2005,24,7388.0,5939.0,30.115727419128635,39.800463296563,9.684735877434363,32.15839930628041,214.01071534340255,7827.0,13327.0,621000.0,1109000.0,650000.0,,21.54193677830897,71.53052117421595,6.927542047475075,1.080746372951245,,10.325526815140318,9.5,4.4,56.0,58.6,1.105,311365.0,1033895.0,100130.0,1445390.0,estimado,Histórico
2006,24,7907.0,5772.0,29.38474524336731,39.561038875945016,10.176293632577707,34.63121272039848,201.12313177259873,8487.0,13679.0,623000.0,1119000.0,650000.0,,21.05512074146083,71.65323560602714,7.2916436525120405,1.1442407538332375,,9.826760470026796,9.7,4.2,55.7,58.1,1.152,304959.0,1037814.0,105611.0,1448384.0,estimado,Histórico
2007,24,8703.0,6107.0,28.331035825842566,39.03086551753107,10.699829691688496,37.767167277126134,191.49396765637033,8858.0,14810.0,643000.0,1135000.0,670000.0,,20.377515252014433,71.92647447583539,7.696010272150182,1.205810356607032,,9.345943148766082,10.5,4.0,56.7,59.0,1.262,296771.0,1047512.0,112082.0,1456365.0,estimado,Histórico
2008,24,7758.0,6132.0,27.252318618839837,38.387450180389486,11.135131561549649,40.85939151559679,184.04456695005314,8472.0,13890.0,650000.0,1153000.0,676000.0,,19.692767359551866,72.26088772475319,8.046344915694949,1.2742326691117156,,8.980585406400285,9.8,3.8,56.4,58.6,1.198,288553.0,1058820.0,117901.0,1465274.0,estimado,Histórico
2009,24,6922.0,6179.0,26.170343536686442,37.744894443254516,11.57455090656808,44.22773774575216,177.78486055776892,8088.0,13101.0,662000.0,1174000.0,688000.0,,18.999138692191305,72.5979720730746,8.402889234734097,1.3876926280434791,,8.639644061114643,9.2,3.8,56.4,58.6,1.137,281025.0,1073830.0,124291.0,1479146.0,estimado,Histórico
2010,24,7447.0,6532.0,25.192959769587116,37.17795648164815,11.984996712061042,47.57280137655482,169.46373847041457,8566.0,13979.0,680000.0,1195000.0,705000.0,,18.365166252463794,72.89800968377753,8.736824063758677,1.4929380195389494,,8.343765326140264,9.7,3.5,56.9,59.0,1.223,274308.0,1088828.0,130496.0,1493632.0,estimado,Histórico
2011,24,7323.0,6593.0,24.16286864427173,36.39744976303791,12.23458111876618,50.633810491978245,160.78302247525173,8946.0,13916.0,687000.0,1213000.0,709000.0,,17.715044296099133,73.31515374644403,8.969801957456838,1.5638616797964917,,8.173553228284508,9.6,3.1,56.6,58.4,1.234,266089.0,1101231.0,134731.0,1502051.0,estimado,Histórico
2012,24,7518.0,6874.0,23.229682004384276,36.10418714441132,12.874505140027045,55.42264908145176,156.6367019675451,8596.0,14392.0,691000.0,1225000.0,710000.0,,17.067573372843235,73.47312533000657,9.459301297150207,1.6703485534241547,,7.767288832647896,9.9,2.7,56.4,57.9,1.295,256655.0,1104858.0,142245.0,1503758.0,estimado,Histórico
2013,24,5838.0,6891.0,22.402442187377154,35.903154763141984,13.500712575764833,60.264467877399206,151.31048849351143,8820.0,12729.0,706000.0,1234000.0,727000.0,,16.484122260753338,73.58180917454375,9.93406856470291,1.7688110730233038,,7.407016439970012,8.7,2.8,57.2,58.9,1.17,247894.0,1106549.0,149392.0,1503835.0,estimado,Histórico
2014,24,5794.0,6935.0,21.605396545611832,35.72387987670503,14.118483331093193,65.34702245009582,143.9404862526724,8213.0,12729.0,732000.0,1244000.0,753000.0,,15.918640526073021,73.67900187560399,10.40235759832299,1.891090017027985,,7.082913770190145,8.7,2.8,58.8,60.5,1.199,239509.0,1108561.0,156512.0,1504582.0,estimado,Histórico
2015,24,4998.0,7443.0,20.759688220441323,35.5087474286825,14.749059208241174,71.04663158533519,135.25712819076952,7945.0,12441.0,733000.0,1253000.0,755000.0,,15.31981411854392,73.79597398509603,10.884211896360064,2.0513232565644866,,6.7800934682073875,8.5,2.9,58.5,60.3,1.207,230702.0,1111298.0,163906.0,1505906.0,estimado,Histórico
2016,24,4333.0,7247.0,20.07633415388785,35.696379773707626,15.620045619819777,77.80327573794096,124.62869533948633,7468.0,11580.0,730000.0,1257000.0,753000.0,23701.0,14.795040359490722,73.69393359407506,11.511026046434218,2.324040941998835,1.5784282581347227,6.4020299577815045,7.9,3.1,58.1,59.9,1.168,222240.0,1106975.0,172910.0,1502125.0,estimado,Histórico
2017,24,2560.0,7560.0,19.495130257773567,35.77278954923447,16.277659291460907,83.49602734749764,118.08311296205392,7141.0,10120.0,744000.0,1260000.0,766000.0,26052.0,14.358643084890115,73.65246035822045,11.988896556889431,2.4493911964220754,1.741243653804509,6.143389427769814,6.9,2.9,59.0,60.8,1.053,214718.0,1101393.0,179281.0,1495392.0,estimado,Histórico
2018,24,1324.0,7781.0,19.08008854938658,36.10115697582448,17.0210684264379,89.20854000431314,109.20555491099128,6632.0,9105.0,749000.0,1261000.0,779000.0,29833.0,14.01904948741601,73.47476114237801,12.506189370205966,2.664066179400029,2.0020911460500423,5.875071851816038,6.3,3.8,59.4,61.7,0.972,208665.0,1093627.0,186147.0,1488439.0,estimado,Histórico
2019,24,729.0,7635.0,18.52287829189567,36.202552022309845,17.679673730414176,95.4477670900077,103.20148724346274,6297.0,8364.0,750000.0,1265000.0,778000.0,33286.0,13.599508978995958,73.4200633653473,12.980427655656749,2.8605062512507202,2.234364616407,5.656212977956202,5.8,3.7,59.3,61.5,0.913,202516.0,1093329.0,193297.0,1489142.0,estimado,Histórico
2020,24,-467.0,7785.0,18.256972795109167,37.21618678948159,18.959213994372426,103.84642737404626,95.75430173993776,5560.0,7318.0,748000.0,1274000.0,778000.0,30573.0,13.30526173498699,72.87769930046298,13.817038964550033,3.121895170828968,2.0691363472396964,5.274480262192437,5.1,3.9,58.7,61.0,0.811,196858.0,1078262.0,204430.0,1479550.0,estimado,Histórico
2021,24,-25.0,7981.0,17.83627559214572,37.742226585502195,19.905950993356473,111.60374199489347,89.79886197609123,4901.0,7956.0,745000.0,1280000.0,772000.0,30497.0,12.949025171358052,72.59937818554569,14.451596643096254,3.314356407134674,2.0672260249365877,5.02362333924034,5.5,3.6,58.2,60.3,0.896,191128.0,1071569.0,213306.0,1476003.0,estimado,Histórico
2022,24,-1904.0,9350.0,17.393100229766524,38.26468878020508,20.871588550438553,119.99924265783821,84.57276267447034,4902.0,7446.0,750000.0,1279000.0,772000.0,32863.0,12.579567771939065,72.32504617210456,15.095386055956372,3.5636562590591914,2.2371427093232548,4.791202153029162,5.2,2.9,58.6,60.4,0.844,184857.0,1062818.0,221827.0,1469502.0,estimado,Histórico
2023,24,-2694.0,8866.0,16.766200593597947,38.84024472631491,22.074044132716963,131.65799853990637,80.36373173202142,5169.0,6172.0,769000.0,1280000.0,789000.0,35274.0,12.0758938639498,72.02522596897053,15.898880167079673,3.796060014187557,2.4208525211208642,4.5302074870723565,4.3,2.5,60.1,61.6,0.706,176701.0,1053912.0,232641.0,1463254.0,proyeccion_oficial,Histórico
2024,24,-3102.0,9136.0,16.201911766823983,39.75918075366438,23.5572689868404,145.39808218853344,75.39387666640128,5688.0,6034.0,774000.0,1279000.0,799000.0,35882.0,11.592735217431631,71.55165010322807,16.855614679340302,3.9559880866909656,2.484608817099914,4.244974239410441,4.3,3.0,60.6,62.5,0.699,168734.0,1041445.0,245336.0,1455515.0,proyeccion_oficial,Histórico
2025,24,-2685.0,9180.0,15.710286095307913,41.01706745485528,25.306781359547365,161.08415343948175,71.551609911223,5983.0,6495.0,776000.0,1276000.0,802000.0,36632.0,11.140698341594254,70.91340204760226,17.945899610803487,4.167236981272942,2.558273849555452,3.9515100154083207,4.7,3.3,60.8,62.9,0.759,161158.0,1025812.0,259600.0,1446570.0,proyeccion_oficial,Histórico
2026,24,,,15.107628221302027,42.212624486100594,27.10499626479857,179.4126507996804,68.12237805199136,,,,,,,10.62326799459256,70.31724529475488,19.05948671065256,4.302922397112878,,3.6893567157531995,,,,,,152686.0,1010655.0,273938.0,1437279.0,proyeccion_oficial,Proyección
2027,24,,,14.511592055737967,42.97048930888124,28.458897253143267,196.11147518366502,65.53250728484838,,,,,,,10.150061125122354,69.94450427035649,19.905434604521158,4.611550897692089,,3.513839595065654,,,,,,144965.0,998960.0,284293.0,1428218.0,proyeccion_oficial,Proyección
2028,24,,,13.987386765243532,44.15617256367551,30.16878579843198,215.6856481111732,64.12106039685305,,,,,,,9.702939885605755,69.36921133628793,20.927848778106302,4.900748656019084,,3.31468427891445,,,,,,137731.0,984680.0,297066.0,1419477.0,proyeccion_oficial,Proyección
2029,24,,,13.550332789395158,45.0874362620651,31.537103472669937,232.74043496076854,62.18653117829924,,,,,,,9.339425341364352,68.92395549630801,21.736619162327635,5.16346581112082,,3.1708682468781584,,,,,,131782.0,972537.0,306710.0,1411029.0,proyeccion_oficial,Proyección
2030,24,,,13.149464875238323,46.22733655162205,33.07787167638373,251.55298706240487,61.795234274506804,,,,,,,8.992480602692384,68.38666583022757,22.620853567080037,5.440798647249874,,3.0231691137309773,,,,,,126144.0,959309.0,317319.0,1402772.0,proyeccion_oficial,Proyección
2031,24,,,12.810321607955075,47.660888678078656,34.85056707012358,272.05068019901813,62.191833921957105,,,,,,,8.675500819911333,67.72274018884849,23.601758991240178,5.659431705006872,,2.869393769082375,,,,,,120994.0,944504.0,329165.0,1394663.0,proyeccion_oficial,Proyección
2032,24,,,12.62321900474,49.141755767966984,36.51853676322698,289.2965474932688,61.30780378170585,,,,,,,8.463906663656996,67.0503035753306,24.485789761012402,5.944076368721248,,2.738335345919359,,,,,,117364.0,929747.0,339530.0,1386641.0,proyeccion_oficial,Proyección
2033,24,,,12.581903455463678,50.9317150980433,38.34981164257962,304.80135043419244,60.05194280139568,,,,,,,8.33615615332446,66.25512731703955,25.40871652963598,6.176934598827109,,2.6075747367940254,,,,,,114926.0,913423.0,350296.0,1378645.0,proyeccion_oficial,Proyección
2034,24,,,12.711070835221266,53.33635402507174,40.62528318985048,319.6055133079848,59.29849150517057,,,,,,,8.289665497813326,65.21610653638548,26.494227965801194,6.433727766614572,,2.4615213026990856,,,,,,113616.0,893835.0,363123.0,1370574.0,proyeccion_oficial,Proyección
2035,24,,,12.91197368120445,55.627013319321016,42.71503963811656,330.8172762177752,57.468562006233235,,,,,,,8.296743223306102,64.2561968305698,27.447059946124092,6.877766278378437,,2.3410958024902655,,,,,,113034.0,875420.0,373936.0,1362390.0,proyeccion_oficial,Proyección
2036,24,,,13.204153916133551,58.33770856403174,45.133554647898194,341.8133031057111,55.46885088641689,,,,,,,8.33923519285603,63.15614954068886,28.504615266455108,7.24950206522004,,2.2156464470864994,,,,,,112921.0,855193.0,385979.0,1354093.0,proyeccion_oficial,Proyección
2037,24,,,13.536687144732657,60.8951840275868,47.35849688285415,349.8529320837713,52.77361110466116,,,,,,,8.413357569740361,62.15226428583106,29.434378144428575,7.673557594412745,,2.1115535032152675,,,,,,113213.0,836342.0,396079.0,1345634.0,proyeccion_oficial,Proyección
2038,24,,,13.959201869424426,63.73875087568034,49.779549006255905,356.6074154661426,50.44061511099338,,,,,,,8.525289093003426,61.07289781142011,30.401813095576465,8.194982572142354,,2.008857090839308,,,,,,113978.0,816508.0,406454.0,1336940.0,proyeccion_oficial,Proyección
2039,24,,,14.418083008415254,66.58687983299963,52.16879682458438,361.82893935438966,48.659232516159086,,,,,,,8.65499313203364,60.02873701713377,31.31626985083259,8.780454008723522,,1.9168546350847662,,,,,,114930.0,797124.0,415850.0,1327904.0,proyeccion_oficial,Proyección
2040,24,,,14.860398816554387,69.09434605909277,54.233947242538385,364.95620280474645,46.62414614852663,,,,,,,8.788229271344875,59.138582886179634,32.07318784247549,9.482110691871599,,1.8438635777844514,,,,,,115875.0,779757.0,422893.0,1318525.0,proyeccion_oficial,Proyección
2041,24,,,15.274223046701637,71.34787111065145,56.07364806394981,367.1129319802523,44.314564366674105,,,,,,,8.914159801167294,58.36080679136242,32.725033407470285,10.200185049498067,,1.783368898808829,,,,,,116672.0,763849.0,428318.0,1308839.0,proyeccion_oficial,Proyección
2042,24,,,15.642271379410843,73.64977419363464,58.0075028142238,370.8381053315328,43.09220270979612,,,,,,,9.007942251608315,57.5871753731688,33.40488237522288,10.67800159522541,,1.7239149273545247,,,,,,117002.0,747986.0,433888.0,1298876.0,proyeccion_oficial,Proyección
2043,24,,,15.947249893263967,75.77385328671959,59.82660339345561,375.1531066100999,42.49163665807249,,,,,,,9.072595039064804,56.89128282172978,34.03612213920542,11.314669555527274,,1.6714971990360215,,,,,,116912.0,733117.0,438599.0,1288628.0,proyeccion_oficial,Proyección
2044,24,,,16.211603145256497,77.93823647339228,61.72663332813579,380.7558868488398,42.54253871255145,,,,,,,9.110803538665326,56.19927564863404,34.689920812700635,11.746337753665767,,1.6200462362559909,,,,,,116446.0,718288.0,443375.0,1278109.0,proyeccion_oficial,Proyección
2045,24,,,16.460798742872434,80.38186388519601,63.92106514232358,388.3229856631444,43.21901726846352,,,,,,,9.125528691370494,55.43794583675273,35.43652547187677,12.253329966542516,,1.5644295003117485,,,,,,115646.0,702554.0,449080.0,1267280.0,proyeccion_oficial,Proyección
2046,24,,,16.656971671223314,82.66549357221803,66.00852190099471,396.2816483324603,44.107236686356366,,,,,,,9.118838673620571,54.74487712177798,36.13628420460145,12.837309058890312,,1.5149559044813736,,,,,,114540.0,687640.0,453901.0,1256081.0,proyeccion_oficial,Proyección
2047,24,,,16.83385841060745,85.11829857113533,68.28444016052786,405.6374866352687,45.13899120144737,,,,,,,9.093568026792724,54.01951118385687,36.886920789350405,13.320107318742934,,1.4644624714636738,,,,,,113171.0,672282.0,459064.0,1244517.0,proyeccion_oficial,Proyección
2048,24,,,16.928766428973567,87.04559974384382,70.11683331487026,414.1874932769192,45.98779915532614,,,,,,,9.050609291080498,53.46289895990524,37.48649174901426,13.841292248778982,,1.4261910481743358,,,,,,111556.0,658973.0,462051.0,1232580.0,proyeccion_oficial,Proyección
2049,24,,,16.940019793205774,88.39071355896353,71.45069376575776,421.7863652934743,46.56484931782771,,,,,,,8.991961160497327,53.08117269204008,37.92686614746259,14.50965865459871,,1.3995665364403265,,,,,,109720.0,647697.0,462784.0,1220201.0,proyeccion_oficial,Proyección
2050,24,,,16.870590742557347,89.20247090791136,72.33188016535401,428.74539053864515,46.83324261207002,,,,,,,8.916686268208728,52.85343236805401,38.229881363737256,15.047275606515884,,1.3825162538481703,,,,,,107659.0,638146.0,461583.0,1207388.0,proyeccion_oficial,Proyección
2051,24,,,16.76696908521967,89.97659875373648,73.20962966851681,436.63007485981575,47.160416630480725,,,,,,,8.825807596942198,52.638062085545776,38.536130317512026,15.688612625618514,,1.3659405252121384,,,,,,105397.0,628599.0,460195.0,1194191.0,proyeccion_oficial,Proyección
2052,24,,,16.605969267807037,90.49296399625004,73.88699472844301,444.94237907378977,47.22139588100687,,,,,,,8.717366205784867,52.49537720562139,38.78725658859375,16.20811426412652,,1.3534181538649686,,,,,,102914.0,619741.0,457908.0,1180563.0,proyeccion_oficial,Proyección
2000,25,13770.0,5800.0,30.926447118542317,38.38099851699512,7.454551398452801,24.104131230720444,280.9405858846065,9664.0,19570.0,579000.0,1057000.0,608000.0,,22.348767135644074,72.26425670553216,5.38697615882377,0.7782404792432218,,13.414623450145516,14.2,4.8,54.8,57.6,1.501,312183.0,1009437.0,75249.0,1396869.0,estimado,Histórico
2001,25,11549.0,5741.0,30.47210467890678,38.27961457498093,7.807509896074151,25.62182684243212,268.54406579241726,9505.0,17290.0,608000.0,1076000.0,636000.0,,22.036584909906257,72.31723946249204,5.646175627601706,0.8215415154993126,,12.80818101175677,12.4,4.5,56.5,59.1,1.33,312386.0,1025154.0,80039.0,1417579.0,estimado,Histórico
2002,25,9852.0,5779.0,29.88168045151518,38.04704855945204,8.165368107936857,27.325665707407776,255.5702198622919,9131.0,15631.0,640000.0,1095000.0,666000.0,,21.646011822299975,72.43907134815237,5.914916829547658,0.8730700172019068,,12.246845295657712,11.1,3.8,58.5,60.8,1.207,310309.0,1038459.0,84794.0,1433562.0,estimado,Histórico
2003,25,9854.0,5858.0,29.18670126168198,37.711915000881305,8.525213739199323,29.20924040974691,243.06338822467856,8973.0,15712.0,638000.0,1116000.0,664000.0,,21.194027591218372,72.61535793715456,6.190614471627067,0.9247764957170853,,11.72991118570968,11.0,3.8,57.2,59.5,1.221,307995.0,1055258.0,89963.0,1453216.0,estimado,Histórico
2004,25,9073.0,5951.0,28.63765937670395,37.58243703802063,8.944777661316676,31.234318222923758,231.08524413016482,8857.0,15024.0,643000.0,1129000.0,672000.0,,20.814909223326225,72.68369579204736,6.501394984626422,0.9895629413230314,,11.179707734096986,10.4,4.2,57.0,59.5,1.181,304095.0,1061871.0,94982.0,1460948.0,estimado,Histórico
2005,25,8171.0,5779.0,27.93755649685859,37.2610322956588,9.323475798800212,33.37255282096193,218.4025529974926,9035.0,13950.0,638000.0,1144000.0,667000.0,,20.353596377361775,72.85388892063777,6.792514702000451,1.0560131930214143,,10.72561372582406,9.6,4.5,55.8,58.4,1.107,299171.0,1070856.0,99841.0,1469868.0,estimado,Histórico
2006,25,8537.0,5952.0,27.113024745871684,36.834010146657256,9.72098540078557,35.85356297166999,208.09807890344803,9502.0,14489.0,653000.0,1162000.0,683000.0,,19.814536398379488,73.08124631648305,7.104217285137461,1.1203967430452837,,10.287022958795804,9.9,4.5,56.2,58.8,1.158,293505.0,1082524.0,105232.0,1481261.0,estimado,Histórico
2007,25,9789.0,5991.0,26.081431088104644,36.29302346373608,10.211592375631435,39.15273031275032,198.5918497973117,9684.0,15780.0,670000.0,1182000.0,699000.0,,19.13629210452156,73.37132705593497,7.4923808395434595,1.1997207367676284,,9.79279198792113,10.7,4.1,56.7,59.2,1.274,285883.0,1096117.0,111931.0,1493931.0,estimado,Histórico
2008,25,8751.0,6105.0,25.15697323040956,35.8159531848828,10.65897995447324,42.36988232586242,191.20475880963937,9499.0,14856.0,685000.0,1198000.0,711000.0,,18.52284112468291,73.6290528873825,7.848105987934599,1.2820820276694167,,9.381760771398499,10.0,3.7,57.2,59.4,1.215,278056.0,1105284.0,117812.0,1501152.0,estimado,Histórico
2009,25,7966.0,5949.0,24.172449034479047,35.20556541695803,11.033116382478978,45.64335358300511,183.6524288895161,8885.0,13915.0,688000.0,1214000.0,714000.0,,17.878294402995962,73.96145246803398,8.160253128970059,1.3790277449932502,,9.063622328755992,9.4,3.7,56.7,58.9,1.156,269634.0,1115460.0,123070.0,1508164.0,estimado,Histórico
2010,25,8001.0,6313.0,23.195276890181123,34.58384523749244,11.388568347311315,49.098652286975934,174.0641144619252,9351.0,14314.0,694000.0,1230000.0,721000.0,,17.234815106708936,74.30312295174484,8.46206194154622,1.4725325064075527,,8.780734939665058,9.6,3.7,56.4,58.6,1.205,261109.0,1125699.0,128201.0,1515009.0,estimado,Histórico
2011,25,8472.0,6336.0,22.44875395845563,34.10760681578275,11.658852857327124,51.93541200060976,160.9666131990552,9726.0,14808.0,709000.0,1247000.0,736000.0,,16.739359154542527,74.56698570228403,8.69365514317345,1.5527795880017483,,8.577173176789342,9.9,3.6,56.9,59.0,1.261,255837.0,1139649.0,132870.0,1528356.0,estimado,Histórico
2012,25,8699.0,6580.0,21.761512053787264,33.923472102899794,12.161960049112531,55.88747702389515,153.20433920269383,9745.0,15279.0,724000.0,1264000.0,751000.0,,16.249214355095916,74.66950970563639,9.081275939267702,1.6429717895043037,,8.222358862895383,10.1,3.7,57.3,59.5,1.315,250260.0,1150012.0,139864.0,1540136.0,estimado,Histórico
2013,25,7465.0,6634.0,21.136812707520683,33.85550799850659,12.718695290985904,60.17319388206751,145.61657206897797,9621.0,14099.0,734000.0,1277000.0,757000.0,,15.790767988237365,74.70742257473312,9.501809437029522,1.7630362301583193,,7.862441682274817,9.3,3.0,57.5,59.3,1.234,244004.0,1154403.0,146825.0,1545232.0,estimado,Histórico
2014,25,7398.0,6564.0,20.51341055607267,33.82045713103734,13.307046574964666,64.86998609319659,138.47792530316752,9118.0,13962.0,762000.0,1288000.0,788000.0,,15.329054313411802,74.7269902852594,9.943955401328788,1.8958685946729936,,7.51481551046315,9.2,3.4,59.1,61.2,1.25,238013.0,1160280.0,154399.0,1552692.0,estimado,Histórico
2015,25,6813.0,6961.0,19.740865360844595,33.79116041556612,14.050295054721525,71.17365322084541,130.25168136462935,8805.0,13774.0,770000.0,1291000.0,797000.0,,14.754984783395164,74.74335351408266,10.501661702522183,2.049281830712516,,7.1172882569747555,9.1,3.4,59.6,61.7,1.277,227580.0,1152837.0,161977.0,1542394.0,estimado,Histórico
2016,25,5478.0,6958.0,18.967331101630094,33.673251844548844,14.705920742918751,77.53289413319142,119.53321543328268,8325.0,12436.0,774000.0,1295000.0,800000.0,19687.0,14.18932422148865,74.80928205164926,11.001393726862084,2.279762187623888,1.282169012892028,6.79998224852071,8.3,3.2,59.7,61.7,1.192,217972.0,1149197.0,169000.0,1536169.0,estimado,Histórico
2017,25,3822.0,7029.0,18.436292928566793,33.936953064591634,15.500660136024841,84.07688137785428,112.47454101604819,7697.0,10851.0,764000.0,1296000.0,791000.0,20534.0,13.764903939300318,74.66199410387856,11.573101956821121,2.4396773365868474,1.3457425996936787,6.451338144469832,7.2,3.4,58.9,61.0,1.075,210298.0,1140674.0,176812.0,1527784.0,estimado,Histórico
2018,25,1934.0,7403.0,17.933901099340112,34.34064007286912,16.406738973529013,91.48449566353808,104.7014414775028,7377.0,9337.0,759000.0,1293000.0,792000.0,22858.0,13.349572467134587,74.43763848806879,12.212789044796615,2.664455924034689,1.512558777247961,6.095056437561551,6.3,4.2,58.7,61.3,0.952,202008.0,1126403.0,184806.0,1513217.0,estimado,Histórico
2019,25,908.0,7502.0,17.364943756995093,34.70112306792083,17.33617931092574,99.83435335885977,100.39926402943881,6602.0,8410.0,772000.0,1291000.0,806000.0,25147.0,12.891461749906199,74.2384307735702,12.870107476523604,2.895666080366575,1.6777652569755657,5.7682836688806765,5.7,4.2,59.8,62.4,0.883,193786.0,1115961.0,193465.0,1503212.0,estimado,Histórico
2020,25,-91.0,7572.0,16.9290067749852,35.65209800860353,18.72309123361833,110.59769472881374,95.93752989790293,5976.0,7481.0,780000.0,1286000.0,816000.0,22928.0,12.479723515895422,73.71798996699458,13.802286517110002,3.108569344905341,1.5404098936130903,5.340998382812159,5.1,4.4,60.7,63.4,0.805,186182.0,1099781.0,205913.0,1491876.0,estimado,Histórico
2021,25,-475.0,7889.0,16.476103824824616,36.48455759522463,20.008453770400017,121.43923091971047,91.34518237956514,5419.0,7414.0,785000.0,1288000.0,811000.0,23263.0,12.071771426103878,73.26836219565021,14.659866378245914,3.3143646759247387,1.5721005041426195,4.997887450350481,5.1,3.3,60.9,63.0,0.81,178915.0,1085906.0,217273.0,1482094.0,estimado,Histórico
2022,25,-1625.0,9302.0,16.044620244902223,37.30273733994263,21.25811709504041,132.49373790442095,87.23966673733688,5662.0,7677.0,794000.0,1288000.0,813000.0,26283.0,11.68557929415344,72.83175990323761,15.482660802608944,3.568893962741592,1.7835161658507854,4.704085481932467,5.3,2.4,61.6,63.1,0.842,172067.0,1072428.0,227978.0,1472473.0,estimado,Histórico
2023,25,-1483.0,8677.0,15.464457663369005,37.89713689071684,22.43267922734783,145.05959223183496,84.54707641953615,5212.0,7194.0,797000.0,1294000.0,820000.0,29434.0,11.214487850914956,72.51782180165914,16.267690347425905,3.7839821914285734,2.001855358231044,4.4577822821132,5.0,2.8,61.6,63.4,0.787,165290.0,1068838.0,239769.0,1473897.0,proyeccion_oficial,Histórico
2024,25,-1576.0,8842.0,14.948140833817,38.79044901897231,23.842308185155314,159.5001575795777,80.15012583433636,7986.0,7266.0,789000.0,1302000.0,814000.0,31322.0,10.770295030729114,72.05106742347253,17.178637545798363,3.969632723774688,2.1349703120388415,4.194224788280438,5.1,3.0,60.6,62.5,0.792,158650.0,1061336.0,253047.0,1473033.0,proyeccion_oficial,Histórico
2025,25,-1511.0,9184.0,14.489162546495432,40.15798879517519,25.66882624867976,177.1587982832618,76.20675545465345,8735.0,7673.0,811000.0,1307000.0,835000.0,32723.0,10.33773577307083,71.34805576165803,18.314208465271147,4.155298797764673,2.2271164684655744,3.89577610722046,5.3,2.9,62.0,63.9,0.83,151450.0,1045264.0,268307.0,1465021.0,proyeccion_oficial,Histórico
2026,25,,,13.957909702590554,41.65861950592864,27.700709803338086,198.4588695125095,72.95236068248731,,,,,,,9.853201839233222,70.59224517983873,19.554552980928047,4.251956828270042,,3.61001579778831,,,,,,143531.0,1028313.0,284850.0,1456694.0,proyeccion_oficial,Proyección
2027,25,,,13.442607772334084,42.6929736949417,29.250365922607614,217.59443121450818,69.95306820988743,,,,,,,9.420651503887335,70.080535439528,20.498813056584652,4.5151479382251,,3.4187606495107117,,,,,,136475.0,1015242.0,296962.0,1448679.0,proyeccion_oficial,Proyección
2028,25,,,13.002473855729368,43.924571869154306,30.922098013424936,237.81703663875874,67.22387560314161,,,,,,,9.034227920129071,69.48083895702861,21.484933122842325,4.7676907863921025,,3.233933220074028,,,,,,130190.0,1001271.0,309614.0,1441075.0,proyeccion_oficial,Proyección
2029,25,,,12.62841709367191,44.7829971981725,32.15458010450059,254.62082750349788,64.01140198495042,,,,,,,8.722306719750176,69.06888373302871,22.2088095472211,5.040632036859984,,3.1099768578848046,,,,,,125075.0,990425.0,318467.0,1433967.0,proyeccion_oficial,Proyección
2030,25,,,12.29535217035217,46.12510237510237,33.829750204750205,275.1425883214961,64.2784332768977,,,,,,,8.414264195887485,68.43451150733878,23.15122429677374,5.33548183697061,,2.9559780783116305,,,,,,120101.0,976800.0,330449.0,1427350.0,proyeccion_oficial,Proyección
2031,25,,,12.021379910056787,47.29802421356693,35.276644303510146,293.44920938733986,64.16827618976387,,,,,,,8.161263516085612,67.88957321994376,23.94916326397064,5.520002082780681,,2.834736749324245,,,,,,115986.0,964831.0,340360.0,1421177.0,proyeccion_oficial,Proyección
2032,25,,,11.90445653636547,48.79230303438068,36.8878464980152,309.86585893552575,63.73670881568816,,,,,,,8.000720664707213,67.20777752656568,24.79150180872711,5.8494658602758305,,2.7109199775427557,,,,,,113239.0,951232.0,350889.0,1415360.0,proyeccion_oficial,Proyección
2033,25,,,11.941108478422038,50.604640132294406,38.66353165387237,323.7851136160315,62.61691528807114,,,,,,,7.928778600667753,66.39901659879656,25.67220480053568,6.1493075973133795,,2.586416597822213,,,,,,111780.0,936094.0,361927.0,1409801.0,proyeccion_oficial,Proyección
2034,25,,,12.128233492635239,53.060612830978314,40.932379338343075,337.49663018277886,62.459294358116736,,,,,,,7.923810880091143,65.33359441754486,26.742594702364,6.485189404727998,,2.443053680642645,,,,,,111282.0,917545.0,375573.0,1404400.0,proyeccion_oficial,Proyección
2035,25,,,12.390628000341867,55.288093866510394,42.897465866168524,346.2089723376809,60.90525317317581,,,,,,,7.979122991227625,64.39643729928358,27.62443970948879,7.024047014726411,,2.331140033119437,,,,,,111632.0,900939.0,386480.0,1399051.0,proyeccion_oficial,Proyección
2036,25,,,12.71808588340141,57.818931672179566,45.10084578877815,354.619761198814,58.8578965412159,,,,,,,8.05865668246908,63.3637542343268,28.57758908320412,7.504220873105451,,2.217253318670172,,,,,,112311.0,883081.0,398277.0,1393669.0,proyeccion_oficial,Proyección
2037,25,,,13.07932418143115,60.24763698993845,47.168312808507295,360.6326454961077,56.432853976450446,,,,,,,8.161945116390308,62.403416286430954,29.43463859717874,8.011531695594357,,2.1200673512740944,,,,,,113302.0,866268.0,408604.0,1388174.0,proyeccion_oficial,Proyección
2038,25,,,13.463325032232994,62.76703344578086,49.30370841354787,366.20751779748474,54.39673301706852,,,,,,,8.27153063320881,61.437502351058626,30.290967015732562,8.552789585316663,,2.0282449985551514,,,,,,114342.0,849285.0,418729.0,1382356.0,proyeccion_oficial,Proyección
2039,25,,,13.908551842495534,65.37872651362012,51.47017467112458,370.06134969325154,52.80286608863199,,,,,,,8.410121504563687,60.46726934480553,31.122609150630776,9.126286262426603,,1.9428727537639632,,,,,,115730.0,832078.0,428272.0,1376080.0,proyeccion_oficial,Proyección
2040,25,,,14.358976870255269,67.63170169448365,53.27272482422839,371.0064115681059,50.45673323092677,,,,,,,8.565788407031238,59.65458740152535,31.77962419144341,9.85254089614763,,1.8771331920780612,,,,,,117288.0,816827.0,435146.0,1369261.0,proyeccion_oficial,Proyección
2041,25,,,14.777049899542833,69.74058120578513,54.96353130624231,371.9519909582409,48.02560366361365,,,,,,,8.705667080064881,58.913430889437635,32.38090203049748,10.652089790385812,,1.819388194743645,,,,,,118561.0,802332.0,440990.0,1361883.0,proyeccion_oficial,Proyección
2042,25,,,15.134277674997179,71.69054572060048,56.55626804560331,373.69651370304894,46.25942413636315,,,,,,,8.81485792445779,58.24432532396651,32.9408167515757,11.184950051624892,,1.768150612755539,,,,,,119353.0,788627.0,446018.0,1353998.0,proyeccion_oficial,Proyección
2043,25,,,15.44497585432345,73.60915613344051,58.16418027911705,376.5896484897086,45.31650063472255,,,,,,,8.896406271597819,57.60064862197556,33.502945106426615,11.765265431153772,,1.7192711995616905,,,,,,119712.0,775087.0,450823.0,1345622.0,proyeccion_oficial,Proyección
2044,25,,,15.707351265640012,75.47254760917163,59.76519634353161,380.4918813668385,44.94833399010464,,,,,,,8.951457922993658,56.98897141604684,34.0595706609595,12.115733180530507,,1.673214615161605,,,,,,119663.0,761828.0,455308.0,1336799.0,proyeccion_oficial,Proyección
2045,25,,,15.952478108757164,77.60450601716514,61.65202790840798,386.47304505350735,45.33578543718627,,,,,,,8.982023297998639,56.304877754810555,34.7130989471908,12.662787684482666,,1.6220066621095233,,,,,,119236.0,747445.0,460815.0,1327496.0,proyeccion_oficial,Proyección
2046,25,,,16.163773107088083,79.78870010861083,63.624927001522735,393.62670200822197,46.13590634717396,,,,,,,8.990427706148111,55.62084821770764,35.38872407614424,13.071687093075058,,1.5717110370532401,,,,,,118463.0,732892.0,466302.0,1317657.0,proyeccion_oficial,Proyección
2047,25,,,16.32738795734464,81.86187364198098,65.53448568463634,401.3776475198937,46.876411259972905,,,,,,,8.977905940575127,54.98678639859564,36.035307660829226,13.523384823672044,,1.5259141649667913,,,,,,117374.0,718878.0,471113.0,1307365.0,proyeccion_oficial,Proyección
2048,25,,,16.42008881615735,83.5538637293443,67.13377491318695,408.8514725153459,47.46457845603314,,,,,,,8.945651419448879,54.479921026044444,36.574427554506684,14.004766201614954,,1.489563191244847,,,,,,115992.0,706403.0,474235.0,1296630.0,proyeccion_oficial,Proyección
2049,25,,,16.42479803574225,84.67973777331443,68.25493973757217,415.56029845262987,48.039651519262854,,,,,,,8.893665452299324,54.147791850747176,36.9585426969535,14.65735936949363,,1.4650954258326474,,,,,,114323.0,696039.0,475081.0,1285443.0,proyeccion_oficial,Proyección
2050,25,,,16.358218775291565,85.42594630473894,69.06772752944738,422.2203436585128,48.566246920339445,,,,,,,8.821968608647458,53.92988521447513,37.24814617687741,15.13768453841649,,1.4478542088613597,,,,,,112379.0,686988.0,474487.0,1273854.0,proyeccion_oficial,Proyección
2051,25,,,16.248301983637095,86.12678227189797,69.87848028826086,430.06635621760483,49.09788586368553,,,,,,,8.729695847801866,53.7268193106771,37.54348484152103,15.700107929574763,,1.4310557354350386,,,,,,110163.0,677997.0,473774.0,1261934.0,proyeccion_oficial,Proyección
2052,25,,,16.084977238239755,86.64299881710538,70.55802157886562,438.65788887238153,49.43907759426613,,,,,,,8.618044791490785,53.5782218640795,37.803733344429716,16.172997870615696,,1.4172732988016943,,,,,,107696.0,669544.0,472417.0,1249657.0,proyeccion_oficial,Proyección
2000,26,11924.0,3892.0,35.43626519084219,41.035564682619665,5.599299491777471,15.801042975670306,289.24478882462074,6890.0,15816.0,437000.0,759000.0,456000.0,,25.125765455391647,70.90410154703581,3.970132997572558,0.5842662346064048,,17.859376900065666,15.3,4.3,57.6,60.1,1.633,260217.0,734324.0,41117.0,1035658.0,estimado,Histórico
2001,26,9673.0,3927.0,34.554635286289596,40.43939503698517,5.884759750695568,17.030304912610355,272.91094648500234,6730.0,13600.0,448000.0,772000.0,464000.0,,24.604659737525587,71.20509168646353,4.190248576010882,0.6155415648166987,,16.993047165295096,13.0,3.4,58.1,60.1,1.423,257582.0,745434.0,43867.0,1046883.0,estimado,Histórico
2002,26,7707.0,3959.0,33.68317858645407,39.83261406242972,6.149435475975646,18.256695876227923,254.42513935521725,6512.0,11666.0,471000.0,785000.0,483000.0,,24.08821347744802,71.51407464595775,4.397711876594231,0.6511274097958627,,16.26165530001506,11.0,2.5,60.0,61.5,1.242,254597.0,755858.0,46481.0,1056936.0,estimado,Histórico
2003,26,7561.0,4159.0,32.70841000802874,39.143321541256334,6.434911533227592,19.673568759985745,234.4474782181863,6528.0,11720.0,471000.0,796000.0,487000.0,,23.506992391532506,71.86834329691473,4.624664311552765,0.6931678164554876,,15.540229183204087,11.0,3.2,59.2,61.2,1.28,249731.0,763507.0,49131.0,1062369.0,estimado,Histórico
2004,26,7182.0,3969.0,31.721984623307353,38.45768685457519,6.735702231267844,21.23354610770118,215.49674620390456,6647.0,11151.0,482000.0,806000.0,499000.0,,22.910959545803745,72.22423129532125,4.864809158875002,0.739193164571193,,14.846261988213996,10.4,3.5,59.8,61.9,1.241,244547.0,770907.0,51926.0,1067380.0,estimado,Histórico
2005,26,6361.0,4108.0,30.600990314156657,37.75151626586502,7.150525951708363,23.366975638041296,196.6866652188077,6939.0,10469.0,482000.0,817000.0,499000.0,,22.21463047644116,72.59448223204792,5.190887291510904,0.7923729090418625,,13.98498525498094,9.7,3.4,59.0,61.0,1.186,237994.0,777733.0,55612.0,1071339.0,estimado,Histórico
2006,26,6636.0,4104.0,29.066289132966457,36.54389209843278,7.477602965466322,25.726032419409744,184.1219512195122,7493.0,10740.0,482000.0,829000.0,496000.0,,21.287139751379673,73.23652377501533,5.476336473604994,0.8422059943883903,,13.373269543973942,9.9,2.8,58.1,59.8,1.242,229122.0,788274.0,58944.0,1076340.0,estimado,Histórico
2007,26,7824.0,4131.0,27.700771155250127,35.62116511417797,7.920393958927846,28.59268398896792,172.67213873395525,7563.0,11955.0,502000.0,843000.0,515000.0,,20.425109260733123,73.73480379394404,5.8400869453228434,0.9102204301125082,,12.625634598299277,10.9,2.5,59.6,61.1,1.403,220448.0,795819.0,63032.0,1079299.0,estimado,Histórico
2008,26,7193.0,4172.0,26.36627838873908,34.60445342082842,8.23817503208934,31.245118900086517,162.6654443362173,7837.0,11365.0,519000.0,860000.0,537000.0,,19.587968836593646,74.29174701030078,6.120284153105577,0.9589938305249321,,12.138610749405055,10.3,3.4,60.3,62.4,1.338,213835.0,811017.0,66813.0,1091665.0,estimado,Histórico
2009,26,6715.0,4318.0,25.15844753084916,33.72764562314576,8.569198092296599,34.06091763726316,152.14119872731965,7267.0,11033.0,514000.0,874000.0,536000.0,,18.813198582548516,74.77885334331488,6.40794807413661,1.0231988830875745,,11.669703386819403,9.9,4.1,58.7,61.2,1.308,206574.0,821092.0,70361.0,1098027.0,estimado,Histórico
2010,26,7104.0,4328.0,23.96422124502619,32.880859599338876,8.916638354312687,37.208128998405684,140.34737984802132,7660.0,11432.0,523000.0,886000.0,542000.0,,18.034366512440457,75.25538313156542,6.7102503559941225,1.106789137743566,,11.214988881054401,10.2,3.5,59.1,61.2,1.369,198204.0,827083.0,73748.0,1099035.0,estimado,Histórico
2011,26,7080.0,4462.0,22.773596050699453,31.90576050367341,9.132164452973955,40.09979114692111,133.5530462657806,7768.0,11542.0,539000.0,902000.0,555000.0,,17.265050414583857,75.81170042775737,6.923249157658764,1.1609786714792745,,10.950306525353284,10.3,2.7,59.8,61.4,1.393,192001.0,843086.0,76992.0,1112079.0,estimado,Histórico
2012,26,7593.0,4567.0,21.900083470307248,31.478476585059052,9.5783931147518,43.73678816219332,127.96229952790705,7887.0,12160.0,550000.0,920000.0,564000.0,,16.656782189090205,76.05807627022946,7.28514154068033,1.2268607640182492,,10.440164524672598,10.7,2.6,59.8,61.3,1.481,187332.0,855394.0,81933.0,1124659.0,estimado,Histórico
2013,26,6459.0,4871.0,21.09222007708649,31.18450704550225,10.09228696841576,47.84838642651707,122.40917782026767,7998.0,11330.0,554000.0,938000.0,566000.0,,16.07828588308108,76.22851375682215,7.693200360096776,1.292515332245541,,9.908556931937651,9.9,2.1,59.0,60.3,1.391,182886.0,867078.0,87508.0,1137472.0,estimado,Histórico
2014,26,6861.0,4695.0,20.413227562012022,31.038396173473163,10.62516861146114,52.05040985891931,114.41686427219526,7674.0,11556.0,556000.0,955000.0,572000.0,,15.578050524205352,76.31351032991624,8.108439145878414,1.3792043058763641,,9.411615350003213,10.0,2.7,58.3,59.9,1.437,179330.0,878499.0,93342.0,1151171.0,estimado,Histórico
2015,26,6817.0,4915.0,19.771115130057428,30.965518716047935,11.194403585990509,56.61999089253188,105.6000699672365,7483.0,11732.0,573000.0,970000.0,590000.0,,15.096427917736154,76.355975970144,8.54759611211985,1.4705440058983312,,8.933035085955565,10.1,2.9,59.0,60.8,1.486,175680.0,888569.0,99470.0,1163719.0,estimado,Histórico
2016,26,5963.0,4947.0,19.345356945599022,31.18531158989081,11.839954644291783,61.20308184329117,94.84843608817813,7006.0,10910.0,576000.0,976000.0,599000.0,28792.0,14.74658764090612,76.22804625613745,9.025366102956434,1.607783214228753,2.4692268572158764,8.44597830011211,9.4,3.8,59.0,61.3,1.418,171975.0,888973.0,105254.0,1166202.0,estimado,Histórico
2017,26,4495.0,4886.0,19.129708332100314,31.889865946128054,12.76015761402774,66.70335685471875,86.25158139919836,6331.0,9381.0,584000.0,976000.0,605000.0,26601.0,14.50430493265803,75.8208367888145,9.67485827852746,1.732328719600755,2.2989826951879606,7.836893792758962,8.1,3.5,59.8,61.9,1.261,168074.0,878602.0,112111.0,1158787.0,estimado,Histórico
2018,26,2800.0,5349.0,18.907462954461515,32.629298392766124,13.721835438304609,72.5736470903238,77.98302574297573,5894.0,8149.0,574000.0,973000.0,602000.0,27162.0,14.255871955583507,75.39812184172288,10.346006202693617,1.8520462382615108,2.3616748223657438,7.287654807522996,7.1,4.6,59.0,61.8,1.131,164331.0,869133.0,119261.0,1152725.0,estimado,Histórico
2019,26,2271.0,5268.0,18.653070638309767,33.46298017672973,14.809909538419962,79.39663032210524,71.70536490424305,5442.0,7539.0,571000.0,967000.0,596000.0,28604.0,13.976213189312606,74.92714449173955,11.096642318947843,2.0227604186213353,2.50102300269653,6.752235706813695,6.6,4.2,59.1,61.7,1.084,160134.0,858486.0,127141.0,1145761.0,estimado,Histórico
2020,26,1315.0,5302.0,18.445467405343262,34.72517256551339,16.27970516017013,88.25856673848364,66.4229222698586,4737.0,6617.0,560000.0,964000.0,585000.0,26895.0,13.691181131257194,74.2251786327255,12.08364023601731,2.1933701996981747,2.3687207322733466,6.142617388714118,5.8,4.2,58.1,60.7,0.984,155952.0,845476.0,137641.0,1139069.0,estimado,Histórico
2021,26,634.0,5493.0,18.18651070918265,36.01556512425746,17.829054415074815,98.03449765695105,60.602116049485566,4077.0,6127.0,555000.0,962000.0,575000.0,25388.0,13.370904052465102,73.52099732750783,13.108098620027073,2.368270665598973,2.2652627296112526,5.608822412670861,5.5,3.6,57.7,59.8,0.94,150445.0,827234.0,147488.0,1125167.0,estimado,Histórico
2022,26,-970.0,6369.0,17.803423891808077,37.25001509924208,19.446591207434004,109.2295017273728,55.90877394478855,4013.0,5399.0,566000.0,956000.0,584000.0,26352.0,12.971527820186294,72.85973697539667,14.168735204417032,2.564597649949529,2.372950952530175,5.14228940863282,4.9,3.2,59.2,61.1,0.848,144439.0,811299.0,157770.0,1113508.0,estimado,Histórico
2023,26,-994.0,6076.0,17.191080771899557,38.31504854065475,21.123967768755197,122.87748541839392,52.367394124803745,4274.0,5082.0,572000.0,957000.0,592000.0,31670.0,12.428930151332453,72.29871301430165,15.2723568343659,2.7910903493246897,2.8597692680002025,4.73395912617854,4.6,3.4,59.7,61.9,0.814,137502.0,799845.0,168959.0,1106306.0,proyeccion_oficial,Histórico
2024,26,-1061.0,6343.0,16.601554343162828,39.570195387592335,22.96864104442951,138.3523528559776,49.94369062089152,4726.0,5282.0,572000.0,957000.0,594000.0,35193.0,11.894770439390449,71.64853479089555,16.456694769713994,2.934770584469636,3.179434363693033,4.353762149295837,4.8,3.7,59.8,62.1,0.859,131181.0,790173.0,181492.0,1102846.0,proyeccion_oficial,Histórico
2025,26,-853.0,6427.0,16.091833809778354,41.27627871904721,25.184444909268855,156.50450537194394,48.44027213859388,5168.0,5574.0,575000.0,961000.0,589000.0,36368.0,11.390329612078617,70.78329136830368,17.8263790196177,3.11452111884405,3.295668635235417,3.970704947449372,5.1,2.3,59.9,61.3,0.919,124629.0,774486.0,195050.0,1094165.0,proyeccion_oficial,Histórico
2026,26,,,15.446889654335704,43.16834320619062,27.721453551854918,179.46301276305118,48.44575605685069,,,,,,,10.78931927855667,69.84784328752083,19.3628374339225,3.193457970611344,,3.607314450988041,,,,,,117135.0,758308.0,210214.0,1085657.0,proyeccion_oficial,Proyección
2027,26,,,14.774644427950776,44.601357998676626,29.826713570725854,201.8777082330284,48.55309511826874,,,,,,,10.21750046641055,69.15564375330085,20.626855780288608,3.4434557262685206,,3.3526992426730984,,,,,,110081.0,745067.0,222229.0,1077377.0,proyeccion_oficial,Proyección
2028,26,,,14.13672186164665,46.33681986033818,32.200097998691525,227.7762717115582,49.57137551574845,,,,,,,9.66039980583051,68.33550168401815,22.004098510151344,3.7362662030043894,,3.105580610470924,,,,,,103286.0,730622.0,235261.0,1069169.0,proyeccion_oficial,Proyección
2029,26,,,13.515311433613341,47.65596731185669,34.14065587824335,252.6072450933954,49.378832989795654,,,,,,,9.153244314920466,67.72499738449112,23.121758300588418,4.037780201116139,,2.929059135730504,,,,,,97114.0,718548.0,245317.0,1060979.0,proyeccion_oficial,Proyección
2030,26,,,12.924240295323616,49.40950888681674,36.485268591493124,282.3010696009312,50.046599287548666,,,,,,,8.650212688346501,66.93014436969585,24.419642941957644,4.349424440066342,,2.740832227923242,,,,,,91062.0,704583.0,257069.0,1052714.0,proyeccion_oficial,Proyección
2031,26,,,12.373081737679076,51.30221614353934,38.92913440586026,314.62763466042156,51.1191910613339,,,,,,,8.177726706884995,66.09288518624916,25.72938810686584,4.621277410705736,,2.5687701904038827,,,,,,85400.0,690208.0,268692.0,1044300.0,proyeccion_oficial,Proyección
2032,26,,,11.974798311007314,53.289702502260724,41.31490419125341,345.01544926461503,51.20316502409587,,,,,,,7.811873932517227,65.23595412322311,26.952171944259657,5.015684574469626,,2.420434028772855,,,,,,80910.0,675669.0,279152.0,1035731.0,proyeccion_oficial,Proyección
2033,26,,,11.755273519792182,55.64893317126549,43.89365965147331,373.39547716665373,50.374718683828334,,,,,,,7.552427941704861,64.24714770769859,28.200424350596553,5.427851148171193,,2.2782333665961128,,,,,,77562.0,659806.0,289613.0,1026981.0,proyeccion_oficial,Proyección
2034,26,,,11.684848220502811,58.5846894856461,46.89984126514329,401.3731319406487,49.752281914014176,,,,,,,7.368207018219396,63.05778970488274,29.57400327689787,5.8481232490796,,2.132203378571381,,,,,,75011.0,641951.0,301074.0,1018036.0,proyeccion_oficial,Proyección
2035,26,,,11.693785751762793,61.39369489269673,49.699909140933926,425.0112854465617,47.91727872346554,,,,,,,7.245503462534554,61.96028913427221,30.79420740319324,6.469939332549014,,2.01207611298504,,,,,,73103.0,625144.0,310696.0,1008943.0,proyeccion_oficial,Proyección
2036,26,,,11.797835977774195,64.44331860605124,52.64548262827704,446.2299927499861,45.42947593034171,,,,,,,7.1744088344736525,60.81122714360021,32.01436402192614,7.0549753931100705,,1.899498209677117,,,,,,71724.0,607942.0,320054.0,999720.0,proyeccion_oficial,Proyección
2037,26,,,11.989302696146838,67.53442708359763,55.5451243874508,463.2890318575581,42.7529921269109,,,,,,,7.156321781053589,59.68922432289169,33.154453896054726,7.692354292349244,,1.8003380333160763,,,,,,70878.0,591177.0,328370.0,990425.0,proyeccion_oficial,Proyección
2038,26,,,12.253543424896094,70.67729998590806,58.42375656101198,476.79070890065736,40.11438054814311,,,,,,,7.179363293131427,58.59009956699366,34.23053713987491,8.38491083005113,,1.711632491409037,,,,,,70433.0,574797.0,335818.0,981048.0,proyeccion_oficial,Proyección
2039,26,,,12.526538138905135,73.76431092056713,61.237772781661995,488.864298360843,37.99305678427831,,,,,,,7.208924590177433,57.549216792689386,35.24185861713319,9.149701806863074,,1.6329790496552086,,,,,,70036.0,559101.0,342381.0,971518.0,proyeccion_oficial,Proyección
2040,26,,,12.809619974297778,76.58252248944373,63.77290251514596,497.8516352796171,35.80616530826541,,,,,,,7.254183366342811,56.630746118137544,36.115070515519655,10.008681232423104,,1.5680641158876245,,,,,,69774.0,544700.0,347371.0,961845.0,proyeccion_oficial,Proyección
2041,26,,,13.080450516875574,79.0671035406353,65.98665302375973,504.4677393842658,33.51285703385304,,,,,,,7.304775840028739,55.84498661269026,36.850237547281,10.996501127601178,,1.5154579815404963,,,,,,69543.0,531656.0,350822.0,952021.0,proyeccion_oficial,Proyección
2042,26,,,13.315165055275221,81.4321482223335,68.11698316705828,511.57445577493314,31.985317959559538,,,,,,,7.338922669293613,55.117023625524396,37.54405370518199,11.707988688282352,,1.4680626673490218,,,,,,69135.0,519220.0,353677.0,942032.0,proyeccion_oficial,Proyección
2043,26,,,13.539526226133164,83.93981204588118,70.400285819748,519.9612205327074,31.210792759591016,,,,,,,7.360845961262546,54.36560953702422,38.27354450171324,12.517290631777417,,1.4204487785182962,,,,,,68593.0,506613.0,356657.0,931863.0,proyeccion_oficial,Proyección
2044,26,,,13.74865170608508,86.48306259524064,72.73441088915557,529.0294091671819,30.81797038582994,,,,,,,7.372600768535409,53.62417294542661,39.003226286037986,13.065970115888021,,1.3748650573714845,,,,,,67938.0,494143.0,359412.0,921493.0,proyeccion_oficial,Proyección
2045,26,,,13.9851652618146,89.62380219793945,75.63863693612485,540.8490748597033,31.101984362209613,,,,,,,7.37521613832853,52.73599560861809,39.888788253053384,13.771044325511184,,1.3220756487778564,,,,,,67179.0,480359.0,363337.0,910875.0,proyeccion_oficial,Proyección
2046,26,,,14.205169604217568,92.70812143066688,78.5029518264493,552.6364979348186,31.69392523364486,,,,,,,7.371339359627532,51.89194895243598,40.736711687936484,14.457772419425632,,1.2738374503556933,,,,,,66338.0,466999.0,366608.0,899945.0,proyeccion_oficial,Proyección
2047,26,,,14.410466881238612,95.77288859221858,81.36242171097996,564.6064237995505,32.355985598559855,,,,,,,7.3608082226618325,51.079595708623934,41.55959606871423,15.051999288821671,,1.2290686277164349,,,,,,65413.0,453927.0,369326.0,888666.0,proyeccion_oficial,Proyección
2048,26,,,14.562568963334115,98.3109635873596,83.74839462402547,575.0935486375281,32.913034850173254,,,,,,,7.343299987002,50.42585553064905,42.23084448234894,15.669317194529894,,1.1940527391472209,,,,,,64405.0,442264.0,370389.0,877058.0,proyeccion_oficial,Proyección
2049,26,,,14.650629057408718,100.1464484515332,85.49581939412448,583.5641531780498,33.215661844442906,,,,,,,7.319954548659637,49.96341467643662,42.71663077490374,16.402362267527142,,1.169647834346299,,,,,,63325.0,432234.0,369542.0,865101.0,proyeccion_oficial,Proyección
2050,26,,,14.67145099798161,101.32222235337164,86.65077135539005,590.6080548359587,33.33512352309344,,,,,,,7.287546713163878,49.671615398957094,43.04083788787902,16.982778130207045,,1.154057816633384,,,,,,62149.0,423605.0,367057.0,852811.0,proyeccion_oficial,Proyección
2051,26,,,14.669366209913589,102.52792942622655,87.85856321631296,598.9254202198453,33.52555057971904,,,,,,,7.243132466456731,49.37590597173725,43.38096156180601,17.580433628718797,,1.1381929813010272,,,,,,60861.0,414885.0,364512.0,840258.0,proyeccion_oficial,Proyección
2052,26,,,14.61639642519085,103.43294774238755,88.8165513171967,607.650126156434,33.60323576500869,,,,,,,7.184871766052357,49.15624588335249,43.65888235059515,18.107447974639637,,1.1259162680485428,,,,,,59450.0,406735.0,361248.0,827433.0,proyeccion_oficial,Proyección
2012,29,234.0,820.0,19.723389792889147,41.71348509439982,21.990095301510674,111.49247432831622,142.9648872873544,634.0,1054.0,,,,,13.917793200661727,70.56491478802236,15.517292011315917,3.196060964985268,,4.547501892505678,10.2,,,,1.597,14218.0,72087.0,15852.0,102157.0,estimado,Histórico
2013,29,299.0,812.0,22.517051068854986,42.75058443592895,20.233533367073964,89.85871775660922,139.9498251482439,743.0,1111.0,,,,,15.773701493293265,70.0522526020783,14.174045904628448,3.069312781205946,,4.942290512774701,9.5,,,,1.435,18686.0,82986.0,16791.0,118463.0,estimado,Histórico
2014,29,491.0,853.0,22.94108186350721,42.00075054950946,19.05966868600225,83.08094971022622,138.10051225252664,920.0,1344.0,,,,,16.155606061750117,70.42216299070502,13.42223094754487,3.0414461215521342,,5.246680918091809,9.7,,,,1.354,21396.0,93265.0,17776.0,132437.0,estimado,Histórico
2015,29,1729.0,979.0,27.109933532811038,42.52910318783643,15.419169655025392,56.87645687645687,137.06106870229007,1498.0,2708.0,,,,,19.02063012147306,70.16110938985695,10.818260488669992,2.5240114956036797,,6.485433537428402,14.8,,,,1.893,35607.0,131343.0,20252.0,187202.0,estimado,Histórico
2016,29,2232.0,1065.0,27.89266296969002,41.44857923859981,13.555916268909792,48.6002942194531,133.40380549682877,1612.0,3297.0,,,,4835.0,19.719295251909045,70.69706923766051,9.583635510430442,2.2648351179557187,1.993756881244665,7.3768528822612955,14.6,,,,1.821,46224.0,165721.0,22465.0,234410.0,estimado,Histórico
2017,29,2345.0,1159.0,28.461755815131333,41.55546433084005,13.093708515708718,46.00457048664444,124.34681560895153,1728.0,3504.0,129000.0,211000.0,132000.0,5290.0,20.106433862991825,70.64368759815756,9.24987853885062,2.203248756200168,1.9125850991904958,7.637255700325733,13.4,2.3,61.2,62.7,1.668,53386.0,187571.0,24560.0,265517.0,estimado,Histórico
2018,29,2444.0,1259.0,28.706978833305264,41.414949563004136,12.707970729698875,44.26787926201187,115.85503234735587,2038.0,3703.0,148000.0,240000.0,152000.0,6486.0,20.299819023388004,70.71388160093169,8.986299375680316,2.1115040909978195,2.0763571872178863,7.869076985383455,12.5,2.3,61.8,63.2,1.566,61356.0,213732.0,27161.0,302249.0,estimado,Histórico
2019,29,2598.0,1221.0,28.24420955450221,40.80089586815009,12.556686313647885,44.4575596616274,110.8356878622819,2039.0,3819.0,168000.0,268000.0,172000.0,7829.0,20.059680288505323,71.02227537930071,8.918044332193965,2.0921492796473826,2.3153405730238723,7.96388453945129,11.7,2.7,62.5,64.3,1.472,66081.0,233963.0,29378.0,329422.0,estimado,Histórico
2020,29,2151.0,1317.0,28.04721030042919,41.02437444327476,12.977164142845574,46.2690014580416,110.21492195799625,1854.0,3468.0,180000.0,287000.0,185000.0,7244.0,19.888200469707325,70.90972776498556,9.202071765307117,2.120573525274044,2.046715056239458,7.705843811425541,10.0,2.8,62.7,64.5,1.277,69271.0,246980.0,32051.0,348302.0,estimado,Histórico
2021,29,2216.0,1354.0,27.867483950868888,41.53452424810114,13.66704029723226,49.042964629772875,99.89179162157984,1627.0,3570.0,185000.0,296000.0,189000.0,6991.0,19.68953094583406,70.65413935663236,9.656329697533582,2.195048334260975,1.9089253386560794,7.3168731360403765,9.8,2.1,62.6,64.0,1.277,71105.0,255154.0,34872.0,361131.0,estimado,Histórico
2022,29,1531.0,1678.0,26.84382260236471,40.73205380528878,13.888231202924073,51.73715907994653,104.38823671789908,1664.0,3209.0,197000.0,310000.0,201000.0,7197.0,19.074419705055075,71.05701742856392,9.86856286638101,2.239163008333114,1.881130926398825,7.2003409605497986,8.5,2.0,63.7,65.0,1.121,72561.0,270308.0,37541.0,380410.0,estimado,Histórico
2023,29,1166.0,1595.0,25.942571513555475,40.471993093491776,14.529421579936303,56.00609628210685,103.01244269810086,1705.0,2761.0,208000.0,322000.0,212000.0,7807.0,18.468145102980973,71.1885677691243,10.343287127894726,2.3201706364781955,2.0211722125712925,6.882586443639995,7.2,2.0,64.6,65.9,0.971,71519.0,275682.0,40055.0,387256.0,proyeccion_oficial,Histórico
2024,29,1249.0,1646.0,25.02327226018748,40.41507609487866,15.391803834691181,61.509956310469626,100.56234332301995,1842.0,2895.0,210000.0,323000.0,214000.0,7992.0,17.820929885961263,71.21742392706454,10.961646186974196,2.3940940369919264,2.0484114046689017,6.496964298272346,7.5,1.9,65.2,66.4,1.028,69353.0,277154.0,42659.0,389166.0,proyeccion_oficial,Histórico
2025,29,1318.0,1636.0,24.15393417957575,40.43915601799854,16.285221838422796,67.42264724805521,97.74092452337425,2003.0,2954.0,211000.0,327000.0,216000.0,8317.0,17.198860249829618,71.20521287324178,11.59592687692861,2.464596573204805,2.119137464933715,6.140536554685636,7.6,2.4,64.6,66.2,1.061,68388.0,283134.0,46109.0,397631.0,proyeccion_oficial,Histórico
2026,29,,,23.11887904280916,40.43068064526151,17.311801602452352,74.88166519836945,96.01917465610671,,,,,,,16.462840553489297,71.20951030110545,12.327649145405248,2.4849988077708756,,5.776406309198588,,,,,,66971.0,289681.0,50149.0,406801.0,proyeccion_oficial,Proyección
2027,29,,,22.112022615529238,40.15710488763247,18.04508227210323,81.60756067348717,93.67885494823115,,,,,,,15.776597721005306,71.3485057216133,12.8748965573814,2.600601716363356,,5.5416760362791395,,,,,,65391.0,295726.0,53364.0,414481.0,proyeccion_oficial,Proyección
2028,29,,,21.201485003851978,40.11403182530617,18.91254682145419,89.2038780208937,91.59907519708914,,,,,,,15.131592980127742,71.37043927526099,13.497967744611264,2.7136238135301993,,5.287495171541946,,,,,,63847.0,301144.0,56954.0,421945.0,proyeccion_oficial,Proyección
2029,29,,,20.361563209998078,39.89973238063883,19.538169170640753,95.95613543584408,88.33154506437768,,,,,,,14.554397541375124,71.47976504195181,13.965837416673073,2.862881335001619,,5.1181868232703245,,,,,,62465.0,306779.0,59939.0,429183.0,proyeccion_oficial,Proyección
2030,29,,,19.53670753660485,39.9651519867539,20.42844445014905,104.56441758097365,88.06750530620697,,,,,,,13.958265510584933,71.446355453866,14.595379035549055,3.0138518888730954,,4.895135321929535,,,,,,60884.0,311639.0,63663.0,436186.0,proyeccion_oficial,Proyección
2031,29,,,18.752092585456452,39.908842239587614,21.156749654131158,112.82340654898262,87.03636001063548,,,,,,,13.403078951467794,71.47511079303658,15.121810255495626,3.1125901075307656,,4.726623967990923,,,,,,59368.0,316594.0,66981.0,442943.0,proyeccion_oficial,Proyección
2032,29,,,18.22365896049351,40.2400781330446,22.01641917255109,120.81228704004931,85.29582366589327,,,,,,,12.994615521537915,71.3062922748309,15.699092203631185,3.289871840512638,,4.54206468437314,,,,,,58403.0,320479.0,70558.0,449440.0,proyeccion_oficial,Proyección
2033,29,,,17.885748922247167,40.91904328948101,23.03329436723384,128.78015042794155,82.80897114178168,,,,,,,12.692215689759982,70.96272985232831,16.345054457911704,3.458401090255512,,4.341541353383459,,,,,,57835.0,323358.0,74480.0,455673.0,proyeccion_oficial,Proyección
2034,29,,,17.746249134415635,42.07617142417481,24.329922289759175,137.0989559848774,80.65463830310861,,,,,,,12.490658325408704,70.3847795148178,17.124562159773504,3.6584705431276685,,4.110165203531763,,,,,,57662.0,324925.0,79054.0,461641.0,proyeccion_oficial,Proyección
2035,29,,,17.799137301582434,43.37974069960792,25.580603398025488,143.71822052157125,76.64393352790518,,,,,,,12.41398346428388,69.74486040500521,17.8411561307109,3.9751621903832657,,3.909211930775596,,,,,,58017.0,325954.0,83381.0,467352.0,proyeccion_oficial,Proyección
2036,29,,,17.95596886290723,45.02303384226572,27.067064979358484,150.741322765783,72.7215807329965,,,,,,,12.381459956517693,68.95456352731179,18.66397651617051,4.273574770110567,,3.694526912181303,,,,,,58544.0,326042.0,88250.0,472836.0,proyeccion_oficial,Proyección
2037,29,,,18.202656094657126,46.70780503970641,28.50514894504928,156.59884357984527,68.13685311325287,,,,,,,12.407421738557526,68.16269930078705,19.429878960655415,4.574270720693399,,3.508138132965897,,,,,,59321.0,325892.0,92896.0,478109.0,proyeccion_oficial,Proyección
2038,29,,,18.586612865525854,48.60648074107791,30.01986787555206,161.51338650428565,64.15369649805449,,,,,,,12.507269382087,67.29181627969064,20.200914338222358,4.918758834498159,,3.3311272526099027,,,,,,60434.0,325148.0,97609.0,483191.0,proyeccion_oficial,Proyección
2039,29,,,19.012799896292133,50.65450156950742,31.641701673215284,166.4231562200685,61.120482260874375,,,,,,,12.620133947687057,66.3770408173718,21.002825234941128,5.2968545444487924,,3.160386284933912,,,,,,61599.0,323987.0,102515.0,488101.0,proyeccion_oficial,Proyección
2040,29,,,19.431068417860192,52.52621219811099,33.095143780250794,170.32076192903102,57.82895641413447,,,,,,,12.739494502506792,65.56250139491662,21.698004102576586,5.736302933281392,,3.021591344760195,,,,,,62788.0,323132.0,106941.0,492861.0,proyeccion_oficial,Proyección
2041,29,,,19.848741946191094,54.325093140341785,34.476351194150695,173.69539735875597,54.64873352905032,,,,,,,12.861642615786945,64.79827613585883,22.34008124835423,6.248002460365798,,2.900538964719855,,,,,,63985.0,322363.0,111139.0,497487.0,proyeccion_oficial,Proyección
2042,29,,,20.18931071880273,56.005456822426424,35.816146103623694,177.40152996044267,52.395327115454904,,,,,,,12.94141315953022,64.1003218969611,22.958264943508677,6.6118352907430715,,2.7920368570833625,,,,,,64969.0,321799.0,115256.0,502024.0,proyeccion_oficial,Proyección
2043,29,,,20.46265339285381,57.65703505855545,37.194381665701634,181.76714892063347,51.12076174035012,,,,,,,12.979219979148896,63.42882191261492,23.591958108236184,7.01651502227277,,2.6885781002837272,,,,,,65733.0,321234.0,119481.0,506448.0,proyeccion_oficial,Proyección
2044,29,,,20.675458186218858,59.30813569049194,38.632677504273076,186.85282404055033,50.6547338671691,,,,,,,12.978281427125408,62.77143321436053,24.25028535851406,7.302241165633242,,2.588482250264409,,,,,,66288.0,320612.0,123861.0,510761.0,proyeccion_oficial,Proyección
2045,29,,,20.86037055470518,61.187540497140546,40.32716994243537,193.3195282254434,51.14839440570758,,,,,,,12.941676813460182,62.03953462629699,25.01878856024282,7.690395598719077,,2.4797177719821164,,,,,,66642.0,319467.0,128832.0,514941.0,proyeccion_oficial,Proyección
2046,29,,,20.981019715248618,62.98891586548277,42.00789615023415,200.2185628742515,51.8872380335479,,,,,,,12.872666588300133,61.353865365011394,25.773468046688468,8.007646518117122,,2.3805048375278512,,,,,,66800.0,318383.0,133746.0,518929.0,proyeccion_oficial,Proyección
2047,29,,,21.06520113700536,64.9001649982806,43.83496386127525,208.09183627622772,52.84378023868401,,,,,,,12.774517925573333,60.64275314766525,26.58272892676142,8.354107318118423,,2.281283961279643,,,,,,66771.0,316973.0,138945.0,522689.0,proyeccion_oficial,Proyección
2048,29,,,21.04913678618858,66.3732372098906,45.32410042370202,215.32522157127835,53.52181556234056,,,,,,,12.651756459864835,60.10582091027269,27.242422629862478,8.7332659282516,,2.2063317101756637,,,,,,66570.0,316260.0,143342.0,526172.0,proyeccion_oficial,Proyección
2049,29,,,20.953770488690274,67.52730506666835,46.57353457797808,222.2680381228571,53.95077050367153,,,,,,,12.507674781941732,59.69176186544903,27.800563352609238,9.208415906115455,,2.1471421678887177,,,,,,66207.0,315967.0,147157.0,529331.0,proyeccion_oficial,Proyección
2050,29,,,20.785451829440042,68.41513936405556,47.62968753461551,229.14915646507094,54.26095936126538,,,,,,,12.34179534448447,59.37708473098397,28.281119924531563,9.629554461864574,,2.0995308845417817,,,,,,65676.0,315971.0,150496.0,532143.0,proyeccion_oficial,Proyección
2051,29,,,20.572816087223547,69.2438219819044,48.67100589468086,236.57921058705855,54.437014720650545,,,,,,,12.155726481657451,59.08635176691532,28.757921751427222,10.120388175172652,,2.0546113268418966,,,,,,64985.0,315878.0,153741.0,534604.0,proyeccion_oficial,Proyección
2052,29,,,20.326241629243217,70.07793162680291,49.75168999755969,244.76581015342398,54.45818807010841,,,,,,,11.95113406826025,58.79657580704068,29.25229012469906,10.56010226366435,,2.0099819725702783,,,,,,64136.0,315533.0,156983.0,536652.0,proyeccion_oficial,Proyección
2000,31,102712.0,38992.0,34.38081775996208,42.52768799891419,8.14687023895211,23.695975749708566,222.79445475384784,69160.0,141704.0,4067000.0,6803000.0,4232000.0,,24.12220266999911,70.16180603502235,5.715991294978541,0.7953144637069375,,12.274652359365735,15.6,3.9,59.8,62.2,1.628,2206324.0,6417311.0,522810.0,9146445.0,estimado,Histórico
2001,31,87101.0,39163.0,33.60284186404589,42.05531017279469,8.452468308748797,25.15402817103009,219.4799653482629,68516.0,126264.0,4245000.0,7072000.0,4401000.0,,23.654759419532944,70.39511573228835,5.95012484817871,0.8441470016280681,,11.83086364210253,13.5,3.5,60.0,62.2,1.437,2235630.0,6653098.0,562351.0,9451079.0,estimado,Histórico
2002,31,76226.0,40628.0,32.82228102091576,41.59432854715046,8.772047526234697,26.725892452888246,212.77729756476003,68330.0,116854.0,4490000.0,7390000.0,4619000.0,,23.180505432451728,70.6242976156353,6.195196951912966,0.8944972194011083,,11.399847036957844,12.0,2.8,60.8,62.5,1.305,2274910.0,6930993.0,607990.0,9813893.0,estimado,Histórico
2003,31,79219.0,41214.0,31.878099958534094,40.9877081717008,9.10960821316671,28.57638386546302,204.97931482617955,68255.0,120433.0,4607000.0,7701000.0,4767000.0,,22.610552630383633,70.92816905585539,6.461278313760972,0.9472512333656609,,10.97742050590754,12.0,3.4,59.8,61.9,1.321,2294804.0,7198685.0,655772.0,10149261.0,estimado,Histórico
2004,31,75546.0,42266.0,31.027467308434698,40.490384944816924,9.462917636382226,30.49851778849435,197.863035400963,70236.0,117812.0,4833000.0,7966000.0,5013000.0,,22.08511801047591,71.17924834448912,6.735633645034965,1.0045685686623687,,10.56756529461151,11.4,3.6,60.7,62.9,1.28,2300279.0,7413686.0,701551.0,10415516.0,estimado,Histórico
2005,31,66542.0,42991.0,30.06618162612068,39.876707232401614,9.810525606280935,32.62976898189765,190.31437725270322,72431.0,109533.0,4960000.0,8203000.0,5158000.0,,21.494773662470106,71.49153134828413,7.013694989245775,1.0615120176916473,,10.19313378438945,10.4,3.8,60.5,62.9,1.183,2283847.0,7596066.0,745214.0,10625127.0,estimado,Histórico
2006,31,71916.0,43195.0,28.791298167034736,38.925042845222286,10.133744678187547,35.197248208107595,186.35747689074537,77231.0,115111.0,5121000.0,8432000.0,5307000.0,,20.724339958715287,71.98126266652368,7.294397374761043,1.1215367112203978,,9.86802047768637,10.7,3.5,60.7,62.9,1.239,2249298.0,7812423.0,791691.0,10853412.0,estimado,Histórico
2007,31,82783.0,43865.0,27.551390982980795,38.129787600052616,10.578396617071824,38.395145361649334,178.2065336005238,81248.0,126648.0,5255000.0,8687000.0,5434000.0,,19.946017047933477,72.3956807126531,7.658302239413415,1.189591152034255,,9.453228463623319,11.5,3.3,60.5,62.6,1.361,2205396.0,8004663.0,846765.0,11056824.0,estimado,Histórico
2008,31,75229.0,44168.0,26.379834955067142,37.338999395742995,10.959164440675845,41.543718750866425,170.1690299558644,78004.0,119397.0,5408000.0,8934000.0,5585000.0,,19.20782521434682,72.81252990044693,7.979644885206248,1.2586279708950936,,9.12478323884271,10.7,3.2,60.5,62.5,1.285,2164060.0,8203463.0,899031.0,11266554.0,estimado,Histórico
2009,31,68560.0,45132.0,25.333568882432033,36.60464113113358,11.271072248701547,44.49066099217332,163.78108900337537,73403.0,113692.0,5409000.0,9143000.0,5621000.0,,18.545174360593712,73.2039549842271,8.250870655179193,1.3560123659846404,,8.872270338921856,10.0,3.8,59.2,61.5,1.226,2116606.0,8354946.0,941692.0,11413244.0,estimado,Histórico
2010,31,74066.0,47687.0,24.330805667467786,35.912382256258205,11.581576588790414,47.60046480612806,154.23407924425635,78471.0,121753.0,5556000.0,9383000.0,5786000.0,,17.90183150611905,73.57681348815841,8.521355005722542,1.4483910008484406,,8.634403030826396,10.5,4.0,59.2,61.7,1.309,2080007.0,8548862.0,990093.0,11618962.0,estimado,Histórico
2011,31,73633.0,48394.0,23.36334081377361,35.15435479916818,11.791013985394569,50.46801345483648,145.56623926612323,79137.0,122027.0,5698000.0,9602000.0,5901000.0,,17.28641363313097,73.98947680864181,8.724109558227227,1.5268944323658322,,8.4810348053076,10.4,3.4,59.3,61.5,1.314,2044172.0,8749485.0,1031653.0,11825310.0,estimado,Histórico
2012,31,73916.0,50830.0,22.61764628327601,34.936116957656736,12.318470674380725,54.4639814421772,139.1508650938433,79449.0,124746.0,5857000.0,9795000.0,6055000.0,,16.761743848293396,74.10914309278681,9.129113058919792,1.629774047846078,,8.117890819675731,10.5,3.3,59.8,61.8,1.355,2007132.0,8874186.0,1093164.0,11974482.0,estimado,Histórico
2013,31,61170.0,50959.0,21.916134874300543,34.74711263108405,12.830977756783513,58.545805774491136,131.50970224770032,77649.0,112129.0,6017000.0,9986000.0,6200000.0,,16.264641554363692,74.21309299130137,9.522265454334942,1.7433549662493195,,7.793638325585262,9.3,3.0,60.2,62.1,1.226,1972295.0,8999283.0,1154696.0,12126274.0,estimado,Histórico
2014,31,60744.0,51425.0,21.191684597232943,34.487601903103766,13.295917305870825,62.7412004216357,122.33003854100475,74306.0,112169.0,6272000.0,10179000.0,6488000.0,,15.75735182823858,74.35629648006397,9.886351691697444,1.8744565732018035,,7.521105742425528,9.2,3.3,61.6,63.7,1.241,1935320.0,9132450.0,1214243.0,12282013.0,estimado,Histórico
2015,31,60490.0,53005.0,20.48168825752411,34.332323418331775,13.85063516080767,67.6244799093626,112.61625494481176,73950.0,113495.0,6393000.0,10365000.0,6653000.0,,15.2470289624493,74.44224700006447,10.310724037486224,2.034562135751726,,7.219885502649303,9.2,3.9,61.7,64.2,1.272,1894141.0,9247973.0,1280903.0,12423017.0,estimado,Histórico
2016,31,50428.0,55215.0,19.855101110851034,34.121661717593845,14.266560606742809,71.85337675740152,102.25226467903252,70052.0,105643.0,6504000.0,10548000.0,6767000.0,472699.0,14.803798921502981,74.55917166502134,10.63702941347568,2.2133894610395792,3.7302765255813704,7.009397903005225,8.4,3.9,61.7,64.2,1.194,1865325.0,9394689.0,1340299.0,12600313.0,estimado,Histórico
2017,31,37236.0,56852.0,19.374010889871514,34.25216974221816,14.87815885234665,76.79441772237652,94.69611491642769,66429.0,94088.0,6685000.0,10760000.0,6953000.0,497089.0,14.431059793724128,74.48669186651745,11.082248339758435,2.3663066576253793,3.8679149780638222,6.721261749684005,7.4,3.9,62.1,64.6,1.069,1845125.0,9523712.0,1416953.0,12785790.0,estimado,Histórico
2018,31,28125.0,60050.0,18.952044225675472,34.46131569464614,15.50927146897067,81.83429335796573,86.36996838394728,66877.0,88175.0,6790000.0,10959000.0,7058000.0,558197.0,14.09479308436522,74.37083259477708,11.534374320857701,2.5226420428876706,4.260009090917417,6.447756118014283,6.9,3.8,62.0,64.4,1.002,1836064.0,9687947.0,1502530.0,13026541.0,estimado,Histórico
2019,31,22630.0,60568.0,18.518657970217504,34.74570579410729,16.22704782388978,87.62539839542806,80.41248323607235,62356.0,83198.0,6952000.0,11234000.0,7226000.0,594795.0,13.743412349269363,74.2138678265569,12.042719824173739,2.714531623253479,4.4718402514115585,6.162550396429967,6.4,3.8,61.9,64.3,0.943,1819800.0,9826846.0,1594607.0,13241253.0,estimado,Histórico
2020,31,14943.0,62794.0,18.135561220148656,35.45772692510435,17.3221657049557,95.51491401165315,76.74726692198477,57814.0,77737.0,6909000.0,11456000.0,7193000.0,583462.0,13.388354899957791,73.82376942977257,12.787875670269635,2.9022283124927246,4.318205972375299,5.772950201682401,5.9,4.0,60.3,62.8,0.878,1801058.0,9931085.0,1720279.0,13452422.0,estimado,Histórico
2021,31,8740.0,67399.0,17.821883125797196,36.18755055328962,18.365667427492426,103.05121685434071,71.23385036870235,54658.0,76139.0,7150000.0,11695000.0,7422000.0,571204.0,13.086279218175356,73.42815080653824,13.48556997528641,3.0958037735871238,4.183869523368161,5.444942330290994,5.7,3.7,61.1,63.5,0.853,1781191.0,9994404.0,1835539.0,13611134.0,estimado,Histórico
2022,31,-3687.0,79010.0,17.34867311538174,36.80529378775203,19.456620672370285,112.15048288113509,67.01995051014123,54178.0,75323.0,7597000.0,11883000.0,7809000.0,600925.0,12.681287861782248,73.09658656568219,14.222125572535562,3.3027603622882826,4.380613635089581,5.139638670244867,5.6,2.7,63.9,65.7,0.839,1736038.0,10006748.0,1946975.0,13689761.0,estimado,Histórico
2023,31,-6132.0,74949.0,16.701273826561113,37.364718598537614,20.663444771976494,123.7237649448875,64.4477145522388,54221.0,68817.0,7653000.0,11961000.0,7860000.0,652579.0,12.158343129848568,72.7988969949847,15.04275987516672,3.4954783890966143,4.723573394756722,4.839464140829933,5.1,2.6,64.0,65.7,0.766,1675573.0,10032606.0,2073082.0,13781261.0,proyeccion_oficial,Histórico
2024,31,-5194.0,76479.0,16.126690231510484,38.197320355620235,22.07063012410975,136.85777929178056,61.166342795798286,62629.0,71285.0,7732000.0,12071000.0,7938000.0,681201.0,11.66932194489156,72.36030318292144,15.970374872187005,3.649256251555165,4.895627065878643,4.530908244924142,5.2,2.6,64.1,65.8,0.789,1617493.0,10029913.0,2213665.0,13861071.0,proyeccion_oficial,Histórico
2025,31,-1667.0,77976.0,15.59407923187012,39.30783220428867,23.713752972418554,152.06895270837148,59.097104222933694,68088.0,76309.0,7788000.0,12205000.0,8001000.0,690662.0,11.193971641883065,71.78347291583326,17.022555442283675,3.811856841549846,4.9446479670844585,4.216962204013423,5.6,2.7,63.8,65.6,0.84,1561418.0,10012890.0,2374432.0,13948740.0,proyeccion_oficial,Histórico
2026,31,,,14.958192206017562,40.441677894608894,25.483485688591333,170.3647428620387,57.80885811790848,,,,,,,10.65082134467418,71.20393425877653,18.145244396549295,3.914817611286056,,3.924109959759895,,,,,,1493984.0,9987731.0,2545222.0,14026937.0,proyeccion_oficial,Proyección
2027,31,,,14.344795032569113,41.24271322190594,26.89791818933682,187.50995136749248,56.775177083071526,,,,,,,10.156131035257058,70.80011259971361,19.04375636502932,4.162182170534664,,3.7177598391106392,,,,,,1431964.0,9982464.0,2685075.0,14099503.0,proyeccion_oficial,Proyección
2028,31,,,13.814657652871729,42.39609064925157,28.581432996379842,206.89208313778562,56.661490629855216,,,,,,,9.701570871703098,70.22664705474175,20.071782073555166,4.395826096335852,,3.498774886922784,,,,,,1374345.0,9948455.0,2843411.0,14166211.0,proyeccion_oficial,Proyección
2029,31,,,13.365020091127036,43.26783107663951,29.902810985512478,223.7393642630196,55.45155211157159,,,,,,,9.328695765609496,69.79933963438458,20.871964600005917,4.5974601571188565,,3.344167210515717,,,,,,1327247.0,9930752.0,2969574.0,14227573.0,proyeccion_oficial,Proyección
2030,31,,,12.9332909634323,44.414629586734726,31.48133862330243,243.4132094631833,55.611654131855936,,,,,,,8.955665364681511,69.24506214236452,21.799272492953968,4.81574183154313,,3.176485002641539,,,,,,1279189.0,9890669.0,3113715.0,14283573.0,proyeccion_oficial,Proyección
2031,31,,,12.557006566664997,45.55297753227152,32.995970965606524,262.76940121382677,55.80450201626833,,,,,,,8.627103876237022,68.70350692608011,22.66938919768286,4.953514861911991,,3.030673051089643,,,,,,1236585.0,9847769.0,3249367.0,14333721.0,proyeccion_oficial,Proyección
2032,31,,,12.33833865263204,46.85851550658902,34.52017685395698,279.77978093990043,55.24173534883564,,,,,,,8.4015139401831,68.09274876233742,23.50573729747948,5.2252274307800235,,2.8968565376436417,,,,,,1207979.0,9790451.0,3379681.0,14378111.0,proyeccion_oficial,Proyección
2033,31,,,12.269076923409571,48.438022373963825,36.168945450554254,294.7976092768919,53.954014061633885,,,,,,,8.265454313652713,67.36818397382535,24.36636171252193,5.504941039570559,,2.7648027542497124,,,,,,1191606.0,9712271.0,3512826.0,14416703.0,proyeccion_oficial,Proyección
2034,31,,,12.330178925977284,50.57306520089247,38.24288627491519,310.15678283747275,53.32256204404321,,,,,,,8.18883437720188,66.41294036657978,25.39822525621835,5.7956175999427515,,2.6148653969560187,,,,,,1183229.0,9596203.0,3669865.0,14449297.0,proyeccion_oficial,Proyección
2035,31,,,12.482920667403304,52.694945424721986,40.21202475731867,322.1363479648195,51.67543381269941,,,,,,,8.175071304869967,65.490052550102,26.33487614502803,6.262670098391636,,2.486818323710491,,,,,,1183384.0,9480025.0,3812110.0,14475519.0,proyeccion_oficial,Proyección
2036,31,,,12.729333903099693,55.12718557142675,42.39785166832706,333.07203653447135,49.56908821464246,,,,,,,8.20574024869329,64.46323359225518,27.33102615905153,6.687330743310017,,2.358610072564222,,,,,,1189452.0,9344181.0,3961732.0,14495365.0,proyeccion_oficial,Proyección
2037,31,,,13.025314774948113,57.525790141493886,44.500475366545764,341.64606487771454,47.20144578417185,,,,,,,8.26868715481346,63.4816685637173,28.249644281469244,7.1543310131077416,,2.247167006111967,,,,,,1199734.0,9210787.0,4098844.0,14509365.0,proyeccion_oficial,Proyección
2038,31,,,13.372967520891265,59.981795635008105,46.60882811411683,348.5301825589905,44.99110917104844,,,,,,,8.359055771196083,62.50711188924638,29.133832339557536,7.685855477868324,,2.1455162905010283,,,,,,1213416.0,9073648.0,4229121.0,14516185.0,proyeccion_oficial,Proyección
2039,31,,,13.773152929315117,62.49171995172299,48.718567022407875,353.7212377763852,43.18475991832844,,,,,,,8.476218316482328,61.5415973378277,29.982184345689973,8.254919491279328,,2.052605528278479,,,,,,1230303.0,8932617.0,4351843.0,14514763.0,proyeccion_oficial,Proyección
2040,31,,,14.184942039734805,64.73743641564766,50.55249437591286,356.381395386075,40.9422705893859,,,,,,,8.6106366278184,60.702656406337915,30.686706965843687,8.923882922172439,,1.978141756099928,,,,,,1249045.0,8805429.0,4451364.0,14505838.0,proyeccion_oficial,Proyección
2041,31,,,14.576462737480261,66.82131407931597,52.24485134183572,358.41927004347383,38.657706945872405,,,,,,,8.737770001349956,59.9443785417339,31.317851456916145,9.643702984504781,,1.914064207891118,,,,,,1266048.0,8685564.0,4537760.0,14489372.0,proyeccion_oficial,Proyección
2042,31,,,14.911260758105582,68.75177102259967,53.84051026449409,361.0728236727203,37.04557512888904,,,,,,,8.836209935899651,59.25863734289801,31.905152721202334,10.171481774081736,,1.8573375235254121,,,,,,1278197.0,8572025.0,4615222.0,14465444.0,proyeccion_oficial,Proyección
2043,31,,,15.203368446941168,70.67326372097038,55.46989527402921,364.85266714159945,36.12649628040461,,,,,,,8.907879368731583,58.591485168694966,32.50063546257345,10.7989564073021,,1.8027796790670993,,,,,,1285796.0,8457310.0,4691261.0,14434367.0,proyeccion_oficial,Proyección
2044,31,,,15.456209717639839,72.59196606690708,57.13575634926724,369.66214481458184,35.622259653092975,,,,,,,8.955347151934104,57.94012449063472,33.10452835743117,11.23056704998568,,1.7502174888296982,,,,,,1289221.0,8341120.0,4765762.0,14396103.0,proyeccion_oficial,Proyección
2045,31,,,15.706500339581892,74.88828164006904,59.18178130048714,376.79801369464434,35.872812324440744,,,,,,,8.980876358489729,57.17935991034907,33.839763731161206,11.764928866888058,,1.6897091943256004,,,,,,1288825.0,8205679.0,4856267.0,14350771.0,proyeccion_oficial,Proyección
2046,31,,,15.921382156565816,77.17100716720678,61.24962501064096,384.7004261836792,36.426305381810245,,,,,,,8.9864489744306,56.44264352215601,34.57090750341339,12.243397831852693,,1.6326630568371137,,,,,,1284892.0,8070229.0,4942985.0,14298106.0,proyeccion_oficial,Proyección
2047,31,,,16.103733462365337,79.45380037103843,63.3500669086731,393.3874530196562,36.99149913040818,,,,,,,8.973748914243822,55.724648791633356,35.30160229412282,12.689681174155536,,1.578530298068387,,,,,,1277662.0,7933949.0,5026162.0,14237773.0,proyeccion_oficial,Proyección
2048,31,,,16.218553795173584,81.34165610599594,65.12310231082236,401.5345827579404,37.49977907250578,,,,,,,8.943644909525743,55.14452781965829,35.91182727081596,13.154162607709255,,1.5355533820043719,,,,,,1267250.0,7813582.0,5088447.0,14169279.0,proyeccion_oficial,Proyección
2049,31,,,16.257826312593966,82.74712552159208,66.4892992089981,408.9679513767029,38.01688071724561,,,,,,,8.896351319448282,54.72042294212979,36.38322573842193,13.764480289151996,,1.5040014136059179,,,,,,1253720.0,7711486.0,5127313.0,14092519.0,proyeccion_oficial,Proyección
2050,31,,,16.231222387987053,83.77801414317594,67.54679175518889,416.1534488319327,38.513481567615216,,,,,,,8.83197180231896,54.41347294246688,36.75455525521416,14.284792323596546,,1.4804552133642688,,,,,,1237129.0,7621909.0,5148355.0,14007393.0,proyeccion_oficial,Proyección
2051,31,,,16.16705705307706,84.7763376699469,68.60928061686985,424.37705509186355,39.025879696882775,,,,,,,8.749527811269399,54.11948372882194,37.13098845990866,14.859628424122937,,1.4575287643434598,,,,,,1217403.0,7530146.0,5166379.0,13913928.0,proyeccion_oficial,Proyección
2052,31,,,16.051574732998052,85.60430901193892,69.55273427894087,433.30785568320425,39.413911233673105,,,,,,,8.648276981525003,53.878059476284854,37.47366354219013,15.363600407091536,,1.437757998110477,,,,,,1194511.0,7441706.0,5175910.0,13812127.0,proyeccion_oficial,Proyección
2000,32,8498.0,10984.0,28.554778554778554,42.45478983382209,13.900011279043536,48.67840684660961,154.28801348865727,9898.0,19482.0,671000.0,1170000.0,689000.0,,20.04480059118306,70.19770982544924,9.757489583367699,1.4664770834089358,,7.19423876660919,12.5,2.6,57.3,58.8,1.6,303800.0,1063920.0,147885.0,1515605.0,estimado,Histórico
2001,32,6083.0,10790.0,28.35915186842966,43.0082514334638,14.649099565034138,51.65563354291282,151.59247242050617,9162.0,16873.0,665000.0,1173000.0,680000.0,,19.830430471086544,69.92603503478688,10.243534494126582,1.5503104181282077,,6.8263581359423275,10.9,2.3,56.7,58.0,1.413,300761.0,1060543.0,155360.0,1516664.0,estimado,Histórico
2002,32,4403.0,10911.0,28.0439209035896,43.58116393626507,15.537243032675462,55.40324794842331,147.26800617429296,8378.0,15314.0,687000.0,1173000.0,700000.0,,19.531754817113864,69.64701863288244,10.821226550003708,1.655733927947205,,6.436148278667964,9.9,1.8,58.6,59.7,1.317,295017.0,1051982.0,163449.0,1510448.0,estimado,Histórico
2003,32,3459.0,10890.0,27.606057990197492,43.99888738622085,16.392829396023366,59.381275667261946,143.57617029131205,8413.0,14349.0,670000.0,1172000.0,684000.0,,19.171021728907533,69.44498101001919,11.38399726107327,1.7545250240122348,,6.100228190275583,9.4,2.0,57.2,58.4,1.279,287818.0,1042590.0,170910.0,1501318.0,estimado,Histórico
2004,32,3125.0,10651.0,27.17589886350702,44.391809379394964,17.215910515887945,63.34992120170943,141.94416549507935,8235.0,13776.0,681000.0,1174000.0,695000.0,,18.82094211597648,69.25600588413309,11.923051999890442,1.8458728564967628,,5.808580377303518,9.0,2.1,58.0,59.2,1.261,281732.0,1036698.0,178477.0,1496907.0,estimado,Histórico
2005,32,2084.0,10573.0,26.635703884863553,44.72550502448574,18.089801139622185,67.9156113831938,140.21500958641468,8496.0,12657.0,676000.0,1174000.0,689000.0,,18.404291545126846,69.09632133125481,12.499387123618341,1.9704731271337335,,5.5279767438111564,8.3,1.8,57.6,58.6,1.188,274018.0,1028762.0,186101.0,1488881.0,estimado,Histórico
2006,32,1965.0,10490.0,25.99093532719636,44.87198789291329,18.88105256571692,72.64475990581296,137.2558010282062,8731.0,12455.0,687000.0,1178000.0,696000.0,,17.940621720748656,69.02645670460336,13.032921574647993,2.0862365076205163,,5.296314898332203,8.3,1.3,58.3,59.1,1.202,265854.0,1022872.0,193129.0,1481855.0,estimado,Histórico
2007,32,3289.0,10401.0,25.18199065436154,44.91373294558388,19.731742291222343,78.35656268026129,132.01844892381277,8930.0,13690.0,682000.0,1184000.0,695000.0,,17.377228605254103,69.00657237057767,13.616199024168226,2.1966374169987617,,5.067976183962475,9.1,1.9,57.6,58.7,1.356,256572.0,1018871.0,201041.0,1476484.0,estimado,Histórico
2008,32,1867.0,10506.0,24.335707976590708,44.805537160737885,20.46982918414718,84.11437712779,128.6691292593485,8517.0,12373.0,689000.0,1195000.0,701000.0,,16.805785506377042,69.0581326935015,14.136081800121456,2.3197956753258775,,4.8852386163263555,8.2,1.7,57.6,58.6,1.253,248791.0,1022329.0,209269.0,1480389.0,estimado,Histórico
2009,32,1697.0,10415.0,23.505401343404817,44.471757856388955,20.966356512984138,89.19803668388293,125.24495379023548,8081.0,12112.0,695000.0,1208000.0,710000.0,,16.269893640229796,69.2176806621293,14.512425697640907,2.4784061925141465,,4.769545912188966,8.0,2.1,57.5,58.8,1.248,241632.0,1027985.0,215531.0,1485148.0,estimado,Histórico
2010,32,1748.0,10729.0,22.641838390197837,44.203598324333484,21.56175993413565,95.2297227926078,120.0460263884627,8365.0,12477.0,683000.0,1220000.0,701000.0,,15.70129917235024,69.34639715098261,14.952303676667157,2.660274020448766,,4.637840338890162,8.2,2.6,56.0,57.5,1.313,233760.0,1032425.0,222609.0,1488794.0,estimado,Histórico
2011,32,1887.0,10521.0,21.697722844920893,43.47820256661258,21.78047972169169,100.38140811993166,115.49861175381768,8338.0,12408.0,692000.0,1230000.0,707000.0,,15.122661461309637,69.69699801861752,15.180340520072846,2.7988362715829163,,4.591267101449913,8.2,2.2,56.2,57.5,1.338,226529.0,1044022.0,227393.0,1497944.0,estimado,Histórico
2012,32,1396.0,11030.0,20.861922853524533,43.23173460545986,22.369811751935327,107.22794782148301,111.21674776855515,8225.0,12426.0,707000.0,1243000.0,725000.0,,14.565154091717114,69.81693007869787,15.617915829585025,2.9579839306916345,,4.470310305197293,8.2,2.5,56.9,58.3,1.374,219094.0,1050210.0,234930.0,1504234.0,estimado,Histórico
2013,32,224.0,10756.0,20.098084407715593,43.10496077098907,23.00687636327347,114.47298108889026,105.64825569336706,7946.0,10980.0,706000.0,1254000.0,723000.0,,14.044296088294638,69.8787795064841,16.076924405221273,3.139100715554239,,4.346526595832576,7.2,2.3,56.3,57.6,1.249,211463.0,1052155.0,242068.0,1505686.0,estimado,Histórico
2014,32,-342.0,11004.0,19.27678738478925,42.7033350405092,23.426547655719954,121.5272399290203,99.06679621083313,7785.0,10662.0,721000.0,1267000.0,743000.0,,13.508294938809348,70.07544706058411,16.416258000606543,3.3432040037134203,,4.268661412241144,7.0,3.1,56.9,58.7,1.248,204002.0,1058278.0,247918.0,1510198.0,estimado,Histórico
2015,32,-372.0,11301.0,18.379461450408137,42.06910505894894,23.689643608540806,128.8919355578547,93.14651439705564,7876.0,10929.0,741000.0,1280000.0,765000.0,,12.936986857756244,70.38828037841644,16.67473276382731,3.540203450267566,,4.2212538800688035,7.1,3.2,57.9,59.8,1.311,196207.0,1067534.0,252895.0,1516636.0,estimado,Histórico
2016,32,-1379.0,11437.0,17.646795893737803,41.60775213433258,23.960956240594783,135.78077507598783,85.55304740406321,7468.0,10058.0,749000.0,1288000.0,771000.0,19364.0,12.461744239113138,70.61760284503178,16.92065291585508,3.8092676594642154,1.2724815032157035,4.173456142396331,6.5,2.8,58.2,59.9,1.237,189504.0,1073872.0,257310.0,1520686.0,estimado,Histórico
2017,32,-2587.0,11545.0,17.16262160433568,42.21105762577469,25.04843602143902,145.94760986346748,80.20005387302851,7295.0,8958.0,790000.0,1295000.0,811000.0,20996.0,12.068415699079281,70.31802003972703,17.61356426119369,4.128270559327863,1.3800573950332131,3.9922652222442054,5.8,2.6,61.0,62.6,1.123,183546.0,1069452.0,267881.0,1520879.0,estimado,Histórico
2018,32,-3625.0,11976.0,16.689640944852353,42.66951735261297,25.979876407760617,155.6646814248792,74.4635399626643,6994.0,8351.0,789000.0,1300000.0,812000.0,24149.0,11.698112711493438,70.092057403437,18.20982988506956,4.445782356474975,1.5883414200689165,3.849133014740915,5.4,2.9,60.7,62.5,1.067,177980.0,1066410.0,277052.0,1521442.0,estimado,Histórico
2019,32,-3623.0,11906.0,16.334284076886547,43.51950723726386,27.185223160377316,166.43045408304818,69.97831375285222,6762.0,8283.0,811000.0,1303000.0,841000.0,27008.0,11.38122920801491,69.67693934085337,18.941831451131723,4.806143211344916,1.7766936578325363,3.6784689759601026,5.4,3.6,62.3,64.6,1.082,173008.0,1059171.0,287938.0,1520117.0,estimado,Histórico
2020,32,-4347.0,12182.0,16.209708113939037,45.2918764978263,29.082168383887264,179.41204233578364,65.20651421947161,5868.0,7835.0,795000.0,1307000.0,827000.0,24654.0,11.15665135908789,68.82697258128955,20.016376059622548,5.159248623206483,1.6200945876591821,3.438533147872295,5.1,3.9,60.8,63.3,1.036,169502.0,1045682.0,304107.0,1519291.0,estimado,Histórico
2021,32,-5392.0,12749.0,16.00985007604838,46.82658554839333,30.81673547234495,192.4860965340861,61.14047934365997,5622.0,7357.0,809000.0,1317000.0,840000.0,24582.0,10.903917717797512,68.10755669792545,20.98852558427704,5.551338901071147,1.6152284330667788,3.2449900506087146,4.8,3.6,61.4,63.7,0.979,165786.0,1035525.0,319115.0,1520426.0,estimado,Histórico
2022,32,-7808.0,15086.0,15.659274305020036,48.13929960259145,32.480025297571416,207.41718080229936,59.02941273392332,5572.0,7278.0,818000.0,1323000.0,845000.0,27633.0,10.570641515808884,67.50403185938289,21.92532662480823,5.860159467159417,1.8083986186198373,3.078815336005208,4.8,3.2,61.8,63.9,0.968,161436.0,1030929.0,334846.0,1527211.0,estimado,Histórico
2023,32,-7536.0,14224.0,15.21090427933676,49.73879908437349,34.52789480503673,226.99435990759022,56.87910716252432,5494.0,6688.0,841000.0,1327000.0,865000.0,33140.0,10.158291887172044,66.7829584659971,23.05874964683085,6.165628627973095,2.168828296075821,2.8962090091114554,4.4,2.8,63.3,65.1,0.893,154962.0,1018756.0,351755.0,1525473.0,proyeccion_oficial,Histórico
2024,32,-7821.0,14413.0,14.827096636250008,51.67797841293186,36.850881776681845,248.53740877756886,54.404831840211486,6143.0,6592.0,844000.0,1328000.0,868000.0,36580.0,9.775378595753931,65.92914874416215,24.29547266008392,6.428585543867045,2.4020261596277055,2.713639272080514,4.3,2.8,63.5,65.3,0.889,148401.0,1000877.0,368832.0,1518110.0,proyeccion_oficial,Histórico
2025,32,-7873.0,14550.0,14.522672825006271,54.078935208458375,39.5562623834521,272.375910826422,52.01128989243489,6292.0,6677.0,855000.0,1326000.0,877000.0,40391.0,9.425475848050272,64.90179846109837,25.67272569085135,6.691862434797052,2.659160545065039,2.528044713391168,4.4,2.6,64.4,66.1,0.911,143002.0,984681.0,389503.0,1517186.0,proyeccion_oficial,Histórico
2026,32,,,14.122963307253336,56.61734707051927,42.49438376326594,300.8885801001938,50.64207593930554,,,,,,,9.01749619146228,63.849887557457805,27.13261625107991,6.807818878476321,,2.353252151086481,,,,,,136735.0,968175.0,411420.0,1516330.0,proyeccion_oficial,Proyección
2027,32,,,13.7088428433744,58.47091585322766,44.76207300985326,326.5197035319954,49.45325498778349,,,,,,,8.65069957447033,63.103061821525564,28.24623860400411,7.078264873254692,,2.234034156058579,,,,,,131144.0,956638.0,428211.0,1515993.0,proyeccion_oficial,Proyección
2028,32,,,13.363446130883602,60.716579989017774,47.353133858134164,354.3482227140398,48.78522545041145,,,,,,,8.314914448650391,62.221333982364044,29.46375156898557,7.341566261484182,,2.1117926492381947,,,,,,126063.0,943342.0,446702.0,1516107.0,proyeccion_oficial,Proyección
2029,32,,,13.081253426065507,62.36948831711663,49.28823489105112,376.78526121082655,47.198515493973844,,,,,,,8.05647265483592,61.587925808261744,30.355601536902338,7.518807403876017,,2.0288817447215224,,,,,,122181.0,934016.0,460360.0,1516557.0,proyeccion_oficial,Proyección
2030,32,,,12.798297037889176,64.19872797301407,51.400430935124895,401.619299684596,46.98699101556532,,,,,,,7.79439475316311,60.901811624530325,31.303793622306568,7.660402950851437,,1.9455089807751826,,,,,,118261.0,924037.0,474959.0,1517257.0,proyeccion_oficial,Proyección
2031,32,,,12.575117262894537,66.29214837014983,53.717031107255295,427.16922621277183,47.10550289487355,,,,,,,7.562063143777284,60.13513023922808,32.30280661699464,7.761194816384526,,1.8616069789920593,,,,,,114799.0,912906.0,490386.0,1518091.0,proyeccion_oficial,Proyección
2032,32,,,12.467727482433103,68.45511125700902,55.9873837745759,449.0584499337312,46.791744268863525,,,,,,,7.401216495836277,59.36299543172172,33.235788072442,8.147980878934371,,1.7861166794761072,,,,,,112421.0,901696.0,504836.0,1518953.0,proyeccion_oficial,Proyección
2033,32,,,12.47148827813944,70.92681653972296,58.45532826158352,468.7117283672273,45.9871195780099,,,,,,,7.296390660409389,58.504570566760805,34.1990387728298,8.486277771490085,,1.7107080393511258,,,,,,110885.0,889108.0,519731.0,1519724.0,proyeccion_oficial,Proyección
2034,32,,,12.593920413181136,74.02725695159866,61.433336538417514,487.80153060297033,45.66954601033408,,,,,,,7.236751663955621,57.462262953332946,35.30098538271144,8.87719254395283,,1.6277807072624928,,,,,,110022.0,873612.0,536689.0,1520323.0,proyeccion_oficial,Proyección
2035,32,,,12.747127373482195,77.03295807769771,64.28583070421551,504.3162182402689,44.80765851398629,,,,,,,7.200426130759012,56.48665710941302,36.31291675982797,9.530730077729407,,1.5555527385203805,,,,,,109494.0,858970.0,552196.0,1520660.0,proyeccion_oficial,Proyección
2036,32,,,13.018550307194607,80.39992834696204,67.38137803976744,517.5797339165299,43.325830324032836,,,,,,,7.216494167423454,55.43239452272432,37.35111130985222,10.105590711542115,,1.4840895646417556,,,,,,109740.0,842951.0,567992.0,1520683.0,proyeccion_oficial,Proyección
2037,32,,,13.305598995284356,83.5994662448149,70.29386724953055,528.302914242669,41.59442509847416,,,,,,,7.247079344741899,54.46638927950812,38.28653137574997,10.781463557089092,,1.4225992097577735,,,,,,110183.0,828095.0,582100.0,1520378.0,proyeccion_oficial,Proyección
2038,32,,,13.644263267632123,87.03391895783946,73.38965569020735,537.8792115826982,40.09887666502424,,,,,,,7.295074253728151,53.466237865946475,39.23868788032538,11.549914549150527,,1.3625898508383842,,,,,,110855.0,812466.0,596266.0,1519587.0,proyeccion_oficial,Proyección
2039,32,,,14.026724503653721,90.55843820052665,76.53171369687294,545.6135798271202,39.04284570377871,,,,,,,7.360851944479756,52.477340255470054,40.16180780005019,12.330484165348786,,1.30664786099107,,,,,,111754.0,796722.0,609745.0,1518221.0,proyeccion_oficial,Proyección
2040,32,,,14.393174481403806,93.54389064261125,79.15071616120744,549.9184093368098,37.44024552676613,,,,,,,7.436646247843361,51.66786699801088,40.89548675414576,13.246447810648391,,1.26341244716382,,,,,,112758.0,783413.0,620077.0,1516248.0,proyeccion_oficial,Proyección
2041,32,,,14.734730763296525,96.24607629205222,81.51134552875571,553.1919574112368,35.749372339264276,,,,,,,7.508293180531359,50.95643280591282,41.53527401355582,14.229518767594723,,1.2268230802879072,,,,,,113645.0,771273.0,628675.0,1513593.0,proyeccion_oficial,Proyección
2042,32,,,15.004174692814926,98.58454903456119,83.58037434174626,557.0474621424565,34.46846965989993,,,,,,,7.5555599696749995,50.35638496859905,42.088055061725946,14.912352140792754,,1.1964531241642518,,,,,,114112.0,760535.0,635658.0,1510305.0,proyeccion_oficial,Proyección
2043,32,,,15.23486065236995,100.95072808669808,85.71586743432813,562.6298092919811,33.79226545992236,,,,,,,7.581391118820445,49.763442487680884,42.65516639349867,15.684025281482528,,1.166645138096698,,,,,,114206.0,749636.0,642557.0,1506399.0,proyeccion_oficial,Proyección
2044,32,,,15.425107845406469,103.28686539729206,87.86175755188559,569.6022253617529,33.46730078933806,,,,,,,7.587852670786445,49.19156965924277,43.22057766997079,16.17899392819975,,1.1381516007228325,,,,,,113959.0,738789.0,649113.0,1501861.0,proyeccion_oficial,Proyección
2045,32,,,15.609570779473724,106.00671986213408,90.39714908266035,579.1136115128214,33.63471471582068,,,,,,,7.577214369473055,48.54210584340308,43.88067978712387,16.727480464639243,,1.1062295770916255,,,,,,113404.0,726503.0,656738.0,1496645.0,proyeccion_oficial,Proyección
2046,32,,,15.772631107001247,108.85643030277556,93.0837991957743,590.1602501465702,34.32816185383914,,,,,,,7.5519011237221365,47.87978031369766,44.5683185625802,17.313746628196295,,1.07430080061171,,,,,,112574.0,713730.0,664367.0,1490671.0,proyeccion_oficial,Proyección
2047,32,,,15.908020718882437,111.74412465575547,95.83610393687306,602.4388931246356,34.91319188235798,,,,,,,7.512851062453334,47.22681215480038,45.260336782746286,17.824969472830148,,1.0434480941114812,,,,,,111485.0,700810.0,671629.0,1483924.0,proyeccion_oficial,Proyección
2048,32,,,15.97626357180458,114.10423551966218,98.12797194785759,614.2110231646213,35.482497068887135,,,,,,,7.461909164490773,46.706222208675804,45.83186862683342,18.361154290320066,,1.0190774150834092,,,,,,110168.0,689573.0,676664.0,1476405.0,proyeccion_oficial,Proyección
2049,32,,,15.958780032351857,115.69402959856959,99.73524956621773,624.9553497449872,35.90118285455887,,,,,,,7.398804715203712,46.361969399946325,46.23922588484996,19.03096651322592,,1.002654532223399,,,,,,108622.0,680641.0,678839.0,1468102.0,proyeccion_oficial,Proyección
2050,32,,,15.872461787555144,116.72598446250055,100.85352267494541,635.3993729820785,36.24683988268138,,,,,,,7.323746539631712,46.14121386875172,46.535039591616574,19.619457156545383,,0.9915370068163475,,,,,,106855.0,673210.0,678956.0,1459021.0,proyeccion_oficial,Proyección
2051,32,,,15.748108349988662,117.61986206233775,101.87175371234906,646.8824791418356,36.52728844598552,,,,,,,7.236521611927858,45.951687981198496,46.81179040687364,20.231692894098035,,0.9816263719417821,,,,,,104875.0,665953.0,678418.0,1449246.0,proyeccion_oficial,Proyección
2052,32,,,15.58310885153849,118.34654930379027,102.76344045225176,659.4540372610317,36.69522868760194,,,,,,,7.136869761040911,45.79875446571305,47.064375773246034,20.75399307727595,,0.9731087199874766,,,,,,102681.0,658925.0,677134.0,1438740.0,proyeccion_oficial,Proyección
2000,33,9268.0,10360.0,30.18823397959498,43.9425492402059,13.754315260610916,45.5618413117767,183.10502283105023,9586.0,19628.0,666000.0,1150000.0,691000.0,,20.972418606549752,69.47216130869252,9.555420084757728,1.4378567121951153,,7.270445536927322,13.1,3.6,57.9,60.1,1.583,313407.0,1038176.0,142794.0,1494377.0,estimado,Histórico
2001,33,7591.0,9731.0,29.87145372593784,44.18060525513555,14.309151529197708,47.90242771737906,181.64296434993238,9325.0,17322.0,669000.0,1157000.0,693000.0,,20.718080405529342,69.3574561037835,9.924463490687167,1.5095963048806922,,6.988534560973151,11.6,3.4,57.8,59.9,1.426,310621.0,1039859.0,148795.0,1499275.0,estimado,Histórico
2002,33,5286.0,10043.0,29.411106081212168,44.38426797757201,14.973161896359844,50.90989048495768,178.26295693399445,8684.0,15329.0,684000.0,1161000.0,701000.0,,20.37002125867394,69.25962322677256,10.3703555145535,1.5974088484216438,,6.678616092724623,10.3,2.5,58.9,60.4,1.294,304707.0,1036027.0,155126.0,1495860.0,estimado,Histórico
2003,33,4738.0,9912.0,28.900283265803722,44.50664942973739,15.606366163933663,54.00073771041512,174.63064233488427,8423.0,14650.0,668000.0,1163000.0,689000.0,,19.999275728730904,69.2009678410144,10.799756430254687,1.6833942034156095,,6.407641532280599,9.8,3.1,57.4,59.3,1.27,298220.0,1031893.0,161041.0,1491154.0,estimado,Histórico
2004,33,4726.0,9605.0,28.506198140314975,44.84903784767063,16.342839707355658,57.33082898993377,171.39274381618688,8534.0,14331.0,682000.0,1167000.0,701000.0,,19.679936134814575,69.03739333440669,11.282670530778725,1.781449578704449,,6.11888764686296,9.6,2.7,58.4,60.0,1.272,293357.0,1029099.0,168184.0,1490640.0,estimado,Histórico
2005,33,3437.0,9727.0,27.92558459006253,44.859500326357704,16.933915736295173,60.63943149222809,166.853867665072,8390.0,13164.0,682000.0,1170000.0,698000.0,,19.27770324151903,69.032407108065,11.689889650415966,1.8774381438855121,,5.905308704570072,8.8,2.3,58.3,59.7,1.195,286223.0,1024949.0,173564.0,1484736.0,estimado,Histórico
2006,33,3811.0,9555.0,27.100655603758533,44.59486800381301,17.494212400054472,64.55272763817652,161.52244242428898,9291.0,13366.0,688000.0,1181000.0,703000.0,,18.742474043438307,69.15874773464503,12.098778221916662,1.9846998564434295,,5.716176168050219,9.0,2.2,58.3,59.6,1.233,278611.0,1028060.0,179851.0,1486522.0,estimado,Histórico
2007,33,5312.0,9690.0,26.22158594518514,44.25009677696505,18.028510831779915,68.75446385839352,153.68354383219702,9834.0,15002.0,701000.0,1196000.0,718000.0,,18.177863676395397,69.32404361198928,12.49809271161532,2.0735905473449208,,5.546769832133008,10.0,2.3,58.6,60.0,1.398,271626.0,1035887.0,186755.0,1494268.0,estimado,Histórico
2008,33,4347.0,9717.0,25.227369898520323,43.665685547263706,18.438315648743384,73.08853726295446,149.2763486558692,9512.0,14064.0,719000.0,1217000.0,735000.0,,17.559774139817765,69.60604379471089,12.83418206547135,2.1741594370330897,,5.423488886134523,9.3,2.2,59.1,60.4,1.319,264928.0,1050161.0,193632.0,1508721.0,estimado,Histórico
2009,33,3918.0,9985.0,24.288635804349035,43.04315563882056,18.754519834471523,77.21520461479935,143.92060762595636,8666.0,13903.0,729000.0,1233000.0,745000.0,,16.97993566758068,69.9089722632356,13.111092069183716,2.319394642480489,,5.332048001367446,9.1,2.1,59.1,60.4,1.317,257606.0,1060603.0,198911.0,1517120.0,estimado,Histórico
2010,33,4845.0,9825.0,23.347073849356356,42.41418873339973,19.067114884043374,81.66811398752236,137.10732726341098,9171.0,14670.0,743000.0,1250000.0,760000.0,,16.393783552748545,70.21772260852508,13.388493838726376,2.4605731627871275,,5.244631954448789,9.6,2.2,59.5,60.8,1.402,249887.0,1070314.0,204078.0,1524279.0,estimado,Histórico
2011,33,4628.0,10176.0,22.47240787828529,41.43550427359815,18.963096395312864,84.38390980628554,129.29435570145677,9542.0,14804.0,759000.0,1275000.0,778000.0,,15.888802457135387,70.70360480813662,13.407592734728006,2.5383539108498887,,5.273400393868015,9.6,2.4,59.5,61.0,1.428,245516.0,1092522.0,207176.0,1545214.0,estimado,Histórico
2012,33,4661.0,10478.0,21.697796565581427,40.921650625470576,19.22385405988915,88.59818554287386,123.95893747825077,9275.0,15139.0,760000.0,1292000.0,776000.0,,15.397063878600148,70.96141689808289,13.641519223316969,2.6734849157825216,,5.201870534829509,9.8,2.0,58.8,60.0,1.485,239190.0,1102370.0,211918.0,1553478.0,estimado,Histórico
2013,33,3287.0,10371.0,20.955936488782104,40.49899618947058,19.54305970068848,93.25786853357783,117.86548749863522,9307.0,13658.0,784000.0,1308000.0,800000.0,,14.915363851085367,71.17488573736465,13.909750411549984,2.8272333616220693,,5.116906028613171,8.8,2.0,60.0,61.2,1.365,233398.0,1113756.0,217662.0,1564816.0,estimado,Histórico
2014,33,3192.0,10174.0,20.19485006177762,39.99996452111038,19.805114459332763,98.07012381249368,111.43599640566923,8774.0,13366.0,823000.0,1327000.0,848000.0,,14.424896556836245,71.42858953005032,14.146513913113445,2.9966364737015834,,5.049200811504373,8.5,3.0,62.0,63.9,1.363,227683.0,1127431.0,223289.0,1578403.0,estimado,Histórico
2015,33,2925.0,10638.0,19.317437390981777,39.37354587557036,20.056108484588584,103.82385654295767,105.04949409740591,8872.0,13563.0,839000.0,1345000.0,862000.0,,13.860189370677245,71.74962750052855,14.39018312879421,3.204313443203898,,4.986012120788113,8.6,2.6,62.4,64.0,1.414,220275.0,1140291.0,228698.0,1589264.0,estimado,Histórico
2016,33,1955.0,10787.0,18.533650616144147,38.78123523572986,20.247584619585712,109.24768702582861,97.82811709054094,8334.0,12742.0,845000.0,1363000.0,867000.0,44901.0,13.354579662490693,72.05585094421652,14.58956939329279,3.456484586208792,2.800354745279418,4.938860702588145,8.1,2.6,62.0,63.7,1.358,213794.0,1153545.0,233565.0,1600904.0,estimado,Histórico
2017,33,290.0,11104.0,18.18022836533259,39.3031126009563,21.122884235623708,116.18602259090649,91.21095138711715,7990.0,11394.0,861000.0,1376000.0,880000.0,48237.0,13.050841453493684,71.78590494704676,15.163253599459562,3.711978601184169,2.994210460649196,4.734201962407679,7.2,2.2,62.6,64.0,1.235,209996.0,1155079.0,243986.0,1609061.0,estimado,Histórico
2018,33,-748.0,11334.0,17.767608367478974,39.58076342462799,21.813155057149018,122.76922479378165,84.38924584514879,7827.0,10586.0,876000.0,1385000.0,898000.0,54835.0,12.729267222465992,71.64311008658356,15.62762269095044,3.9219079284835825,3.3829240530928137,4.5843895455749815,6.7,2.4,63.3,64.9,1.172,205971.0,1159250.0,252869.0,1618090.0,estimado,Histórico
2019,33,-2030.0,11363.0,17.36034484536614,40.01170453022038,22.651359684854235,130.47759066203332,80.4604400977995,7239.0,9333.0,880000.0,1400000.0,908000.0,59783.0,12.3992096972286,71.42260022869432,16.178190074077076,4.182540544754056,3.669147625760813,4.414746019280455,5.9,3.1,62.9,64.9,1.05,202014.0,1163652.0,263583.0,1629249.0,estimado,Histórico
2020,33,-2987.0,11594.0,17.05308805704593,40.99285715520774,23.93976909816181,140.38377693282635,75.27582498746685,6682.0,8607.0,890000.0,1409000.0,919000.0,57094.0,12.095001407251115,70.92557879717127,16.979419795577613,4.421650451086833,3.498218233330556,4.1771497289703765,5.4,3.2,63.2,65.3,0.983,197250.0,1156682.0,276907.0,1630839.0,estimado,Histórico
2021,33,-3751.0,11941.0,16.911272780768705,42.387991999803845,25.476719219035143,150.6493304750365,68.28454761655473,5882.0,8190.0,897000.0,1417000.0,920000.0,56631.0,11.876895335943779,70.23064135923607,17.89246330482014,4.679062084302206,3.485490815896955,3.925152180712663,5.1,2.5,63.3,65.0,0.949,193122.0,1141972.0,290937.0,1626031.0,estimado,Histórico
2022,33,-6656.0,14108.0,16.485592318733303,43.53991285437731,27.05432053564401,164.1088776949858,63.17075417810617,6185.0,7452.0,926000.0,1427000.0,949000.0,61617.0,11.485023218216735,69.66703407535924,18.847942706424025,4.981026801529685,3.7918317186597115,3.6962672881860112,4.7,2.5,64.9,66.5,0.871,186411.0,1130751.0,305917.0,1623079.0,estimado,Histórico
2023,33,-5883.0,13463.0,15.838544587275786,44.3832915723199,28.544746985044117,180.22329531449572,60.99126833704,6212.0,7580.0,939000.0,1435000.0,961000.0,71311.0,10.96979048946425,69.26009160132713,19.77011790920862,5.233246623637518,4.344308584747554,3.503271549486654,4.8,2.3,65.4,67.0,0.886,178508.0,1127048.0,321713.0,1627269.0,proyeccion_oficial,Histórico
2024,33,-5949.0,13489.0,15.375835701489123,45.54012706770812,30.164291366218993,196.17984967996003,57.86235980260206,6784.0,7540.0,951000.0,1443000.0,972000.0,78349.0,10.564671071323158,68.70957310177285,20.725755826903995,5.367262320059842,4.759015214465161,3.315178161685245,4.7,2.2,65.9,67.4,0.882,172166.0,1119718.0,337755.0,1629639.0,proyeccion_oficial,Histórico
2025,33,-5608.0,13837.0,14.911436133768941,47.04107978681206,32.129643653043125,215.46981367060445,55.52308298413381,7310.0,8229.0,976000.0,1453000.0,993000.0,83273.0,10.14100015817915,68.00820569665653,21.850794145164315,5.504021306363584,5.026984280298457,3.1123905723905723,5.2,1.7,67.2,68.3,0.96,165406.0,1109256.0,356400.0,1631062.0,proyeccion_oficial,Histórico
2026,33,,,14.396426024719448,49.027848411003504,34.63142238628406,240.55569296726853,54.46935779151335,,,,,,,9.660225372787764,67.10155253950273,23.238222087709506,5.525511432525706,,2.8875510478485427,,,,,,157677.0,1095251.0,379301.0,1632229.0,proyeccion_oficial,Proyección
2027,33,,,13.851606487950304,50.267357051593976,36.41575056364367,262.89911278754715,53.56490539067407,,,,,,,9.217974388938236,66.54805272555983,24.233972885501938,5.717220528271764,,2.7460645037435207,,,,,,150584.0,1087123.0,395884.0,1633591.0,proyeccion_oficial,Proyección
2028,33,,,13.369153704289813,51.75564059464662,38.38648689035681,287.12727626161995,52.88352794565741,,,,,,,8.809658508839261,65.89540896678054,25.294932524380215,5.917488004843933,,2.6050834056690224,,,,,,144041.0,1077413.0,413581.0,1635035.0,proyeccion_oficial,Proyección
2029,33,,,12.943996371025326,52.74483211791927,39.800835746893945,307.4849111978021,51.19137222475467,,,,,,,8.4742614146399,65.468663399885,26.057075185475103,6.094631564346005,,2.5125100547117025,,,,,,138679.0,1071377.0,426417.0,1636473.0,proyeccion_oficial,Proyección
2030,33,,,12.597847865300269,54.350165773556526,41.75231790825626,331.42421114053593,51.17474849630064,,,,,,,8.161862219041781,64.78775030712156,27.05038747383666,6.26399753814291,,2.3950766091533717,,,,,,133674.0,1061086.0,443028.0,1637788.0,proyeccion_oficial,Proyección
2031,33,,,12.2648574324035,55.957103639244266,43.69224620684077,356.23933215405145,51.41549542339819,,,,,,,7.864250583143834,64.12019566054347,28.015553756312688,6.3792243988722115,,2.2887356151614675,,,,,,128892.0,1050905.0,459164.0,1638961.0,proyeccion_oficial,Proyección
2032,33,,,12.06780143535608,57.71797234313897,45.65017090778289,378.28075936050493,51.13352126096796,,,,,,,7.6515068359494105,63.40431500250021,28.944178161550376,6.725391191931019,,2.190572302609956,,,,,,125474.0,1039742.0,474644.0,1639860.0,proyeccion_oficial,Proyección
2033,33,,,11.992141407926352,59.713130235329395,47.72098882740304,397.9355079640845,50.10892690603871,,,,,,,7.508550731086746,62.61225977642223,29.879189492491022,7.026320585820324,,2.0955139961931497,,,,,,123178.0,1027156.0,490169.0,1640503.0,proyeccion_oficial,Proyección
2034,33,,,12.066600983270538,62.4733264349264,50.406725451655866,417.73756770064006,49.82422523029663,,,,,,,7.426819680523645,61.54856442854444,31.024615890931916,7.380135420920156,,1.983862254569742,,,,,,121860.0,1009895.0,509055.0,1640810.0,proyeccion_oficial,Proyección
2035,33,,,12.229024170214306,65.01438667314343,52.78536250292913,431.6400210533241,48.25941893158388,,,,,,,7.410883630672316,60.600776705656344,31.988339663671333,7.894922890144664,,1.894464587497166,,,,,,121596.0,994323.0,524857.0,1640776.0,proyeccion_oficial,Proyección
2036,33,,,12.46018973879967,67.82266900881785,55.362479270018184,444.31489753021543,46.338188516250554,,,,,,,7.424616598217121,59.5867057714031,32.98867763037977,8.412862621549506,,1.8062774882655135,,,,,,121792.0,977449.0,541140.0,1640381.0,proyeccion_oficial,Proyección
2037,33,,,12.749068220897442,70.552867736778,57.80379951588055,453.3962679808422,43.93552735203247,,,,,,,7.4751415148138465,58.63284583073358,33.89201265445257,9.000531233284601,,1.7299900843460436,,,,,,122561.0,961333.0,555687.0,1639581.0,proyeccion_oficial,Proyección
2038,33,,,13.057924395248815,73.46263068618586,60.40470629093705,462.5904122474133,41.925845547217676,,,,,,,7.527802584103618,57.649304408920024,34.82289300697636,9.639205809624556,,1.6555001446137936,,,,,,123324.0,944438.0,570485.0,1638247.0,proyeccion_oficial,Proyección
2039,33,,,13.393820045381212,76.46496760333716,63.07114755795594,470.89737912154277,40.48284397671015,,,,,,,7.5900731047582255,56.66847157152618,35.74145532371559,10.305008549870989,,1.5855110279721834,,,,,,124195.0,927256.0,584831.0,1636282.0,proyeccion_oficial,Proyección
2040,33,,,13.736857049204051,79.0879222435021,65.35106519429806,475.735206097123,38.66415469927485,,,,,,,7.670454197646189,55.83849471659629,36.49105108575752,11.061296297883333,,1.53019694021338,,,,,,125305.0,912181.0,596120.0,1633606.0,proyeccion_oficial,Proyección
2041,33,,,14.057007850520566,81.5102482082754,67.45324035775482,479.85489568647324,36.67155114931744,,,,,,,7.744470623163238,55.09330794658723,37.162221430249524,12.014927799284402,,1.4825084676381066,,,,,,126254.0,898157.0,605836.0,1630247.0,proyeccion_oficial,Proyección
2042,33,,,14.312312570003973,83.61071467283304,69.29840210282906,484.18731608800954,35.18755431109394,,,,,,,7.7949223145862625,54.46305253927316,37.74202514614057,12.625155733642279,,1.4430347160330492,,,,,,126759.0,885664.0,613751.0,1626174.0,proyeccion_oficial,Proyección
2043,33,,,14.536123463608416,85.78206871896997,71.24594525536155,490.130298038041,34.39208847091038,,,,,,,7.824287652645862,53.82650795608733,38.3492043912668,13.296533859627482,,1.403588648330476,,,,,,126863.0,872743.0,621794.0,1621400.0,proyeccion_oficial,Proyección
2044,33,,,14.720592014456166,87.90191388394368,73.18132186948752,497.1357252318436,34.021711334933634,,,,,,,7.834189503545046,53.21925569196932,38.94655480448563,13.714380132147877,,1.3664688945950068,,,,,,126594.0,859979.0,629344.0,1615917.0,proyeccion_oficial,Proyección
2045,33,,,14.907543696075043,90.45584483811272,75.54830114203769,506.77900184138673,34.31008403361345,,,,,,,7.827296509984475,52.50560836555051,39.66709512446502,14.315791827907823,,1.323656501712605,,,,,,125992.0,845156.0,638501.0,1609649.0,proyeccion_oficial,Proyección
2046,33,,,15.064591267231764,93.00468024733289,77.94008898010112,517.372742462884,34.850754573235974,,,,,,,7.805298424849955,51.81221505709155,40.3824865180585,14.874004220867961,,1.2830367697621052,,,,,,125081.0,830298.0,647135.0,1602514.0,proyeccion_oficial,Proyección
2047,33,,,15.203768295945745,95.69022015272498,80.48645185677923,529.3848886018727,35.543151790829704,,,,,,,7.7693040991420395,51.10117405047414,41.129521850383824,15.386834579298581,,1.2424451282551745,,,,,,123880.0,814798.0,655802.0,1594480.0,proyeccion_oficial,Proyección
2048,33,,,15.28298518121764,97.96514858111001,82.68216339989237,541.0079406574733,36.02046200878314,,,,,,,7.7200382444872195,50.51394183104312,41.76601992446966,15.905708166308019,,1.2094506951438835,,,,,,122408.0,800943.0,662237.0,1585588.0,proyeccion_oficial,Proyección
2049,33,,,15.282537173944426,99.5550017349107,84.27246456096628,551.4298025372676,36.36971114418492,,,,,,,7.658308256410322,50.11149764757098,42.2301940960187,16.60953231908761,,1.1866272159117377,,,,,,120681.0,789666.0,665471.0,1575818.0,proyeccion_oficial,Proyección
2050,33,,,15.217285394134269,100.6683436155428,85.45105822140854,561.5394336650013,36.68950183282254,,,,,,,7.583301441551147,49.833470590452656,42.583227967996194,17.1474499245778,,1.170260522004237,,,,,,118693.0,779988.0,666508.0,1565189.0,proyeccion_oficial,Proyección
2051,33,,,15.116804353357182,101.7004003385483,86.58359598519111,572.7638855494109,36.96367116056235,,,,,,,7.494682374444506,49.578483648100296,42.926833977455196,17.724538951406075,,1.1549531855561137,,,,,,116452.0,770348.0,666995.0,1553795.0,proyeccion_oficial,Proyección
2052,33,,,14.975105877220532,102.57521783178696,87.60011195456642,584.9715699694641,37.15409042794496,,,,,,,7.392368147250597,49.364379843855,43.2432520088944,18.215684036003125,,1.141551052490261,,,,,,113964.0,761023.0,666657.0,1541644.0,proyeccion_oficial,Proyección
2000,34,9779.0,14954.0,29.60807750623668,47.10294844006722,17.494870933830544,59.088169200264375,154.07617508223387,12097.0,24733.0,892000.0,1459000.0,917000.0,,20.12745347405434,67.97960276149195,11.89294376445372,1.7619037990202602,,5.715961002411622,12.9,2.8,61.1,62.8,1.698,378250.0,1277523.0,223501.0,1879274.0,estimado,Histórico
2001,34,7710.0,14252.0,29.63558485280984,47.815496421673096,18.179911568863254,61.34487191380521,151.4389998321866,11113.0,21962.0,897000.0,1463000.0,924000.0,,20.049037868308773,67.6519055314269,12.29905660026432,1.8529491006270025,,5.5005768109053985,11.4,2.9,61.3,63.1,1.532,377285.0,1273081.0,231445.0,1881811.0,estimado,Histórico
2002,34,4389.0,14670.0,29.245424589848007,48.224412297135494,18.978987707287484,64.89557930328587,148.6201195472466,10421.0,19059.0,911000.0,1466000.0,936000.0,,19.730504669650283,67.4652700255183,12.804225304831423,1.9661180597998713,,5.268984918600393,10.0,2.7,62.1,63.8,1.361,370281.0,1266116.0,240296.0,1876693.0,estimado,Histórico
2003,34,4321.0,14306.0,28.728334789440552,48.41178606481606,19.68345127537551,68.51580998217271,147.01598436370452,10551.0,18627.0,908000.0,1472000.0,935000.0,,19.3571788004047,67.3800933548006,13.262727844794705,2.063410324156329,,5.08040986313729,9.8,2.9,61.7,63.5,1.358,362366.0,1261354.0,248278.0,1871998.0,estimado,Histórico
2004,34,4553.0,14087.0,28.230161750340333,48.438558017096966,20.208396266756637,71.58441544003202,146.96099525989678,11418.0,18640.0,943000.0,1493000.0,966000.0,,19.018078676760535,67.36794087455506,13.613980448684405,2.1566811604774605,,4.948438197666518,9.6,2.4,63.2,64.7,1.357,359792.0,1274495.0,257555.0,1891842.0,estimado,Histórico
2005,34,3503.0,14018.0,27.57612550970189,47.97646615949754,20.400340649795655,73.97827023458524,145.06414159216413,12107.0,17521.0,954000.0,1521000.0,980000.0,,18.635480509433677,67.57831335978402,13.786206130782308,2.2262049422218886,,4.901878930193338,8.9,2.7,62.7,64.4,1.267,357482.0,1296346.0,264459.0,1918287.0,estimado,Histórico
2006,34,5008.0,13617.0,27.043262187348976,47.85317721552705,20.80991502817807,76.95046139039059,140.68627711400234,13373.0,18625.0,994000.0,1554000.0,1019000.0,,18.290619583999703,67.63466425495139,14.074716161048912,2.3286195417912543,,4.805401649386509,9.5,2.5,63.9,65.6,1.356,355339.0,1313965.0,273435.0,1942739.0,estimado,Histórico
2007,34,6677.0,13953.0,26.222258753904327,47.418812487857366,21.196553733953046,80.83420247234429,140.28148968134735,13766.0,20630.0,1027000.0,1590000.0,1051000.0,,17.787593259892937,67.83394758944814,14.378459150658921,2.413263674273778,,4.717748047873371,10.4,2.4,64.6,66.1,1.506,350922.0,1338260.0,283665.0,1972847.0,estimado,Histórico
2008,34,6157.0,13592.0,25.306074522682735,46.777347239877685,21.471272717194946,84.84631900514431,139.2199394709388,13354.0,19749.0,1013000.0,1632000.0,1039000.0,,17.241130868324735,68.13040423504205,14.628464896633215,2.5239721705186775,,4.657385769215092,9.8,2.5,62.1,63.6,1.444,346985.0,1371153.0,294404.0,2012542.0,estimado,Histórico
2009,34,5702.0,13555.0,24.383588107137363,45.975551731662904,21.591963624525544,88.55121538985199,138.0463291088554,12708.0,19257.0,1005000.0,1668000.0,1037000.0,,16.703884875160522,68.50462205056319,14.791493074276305,2.6833870857064435,,4.6313527448894725,9.5,3.1,60.2,62.2,1.408,340796.0,1397645.0,301779.0,2040220.0,estimado,Histórico
2010,34,6228.0,14014.0,23.520716776072444,45.13492991021438,21.614213134141938,91.89436418931763,135.18599271955102,13185.0,20242.0,1029000.0,1709000.0,1061000.0,,16.206103376095054,68.90140096657886,14.892495657326087,2.8286461975792694,,4.626585264954171,9.9,3.0,60.2,62.1,1.479,336704.0,1431521.0,309412.0,2077637.0,estimado,Histórico
2011,34,6373.0,14025.0,22.792297318368206,44.18729021968974,21.39499290132153,93.86940071231611,128.4900475839421,13216.0,20398.0,1063000.0,1743000.0,1089000.0,,15.807424693009292,69.35424047961222,14.838334827378496,2.9481068313436447,,4.673990800614997,9.8,2.4,61.0,62.4,1.496,333279.0,1462244.0,312847.0,2108370.0,estimado,Histórico
2012,34,6454.0,13994.0,22.280063530745853,43.873121634613696,21.59305810386784,96.91650149053676,123.09271851218084,12849.0,20448.0,1095000.0,1780000.0,1121000.0,,15.485910973231853,69.5056858875727,15.008403139195442,3.1364539584831563,,4.631117997227432,10.2,2.3,61.5,63.0,1.571,316329.0,1419785.0,306575.0,2042689.0,estimado,Histórico
2013,34,4774.0,13854.0,21.639279722439394,43.447652726498745,21.80837300405935,100.78141825323608,118.69994356197198,12482.0,18628.0,1141000.0,1821000.0,1173000.0,,15.085140335964537,69.71184128795942,15.203018376076043,3.346941110924157,,4.585394792238112,9.2,2.8,62.7,64.4,1.442,311101.0,1437668.0,313532.0,2062301.0,estimado,Histórico
2014,34,4051.0,14149.0,20.92981377431896,42.93872039855226,22.008906624233305,105.15576899799461,113.67910841197121,12040.0,18200.0,1163000.0,1865000.0,1203000.0,,14.642508143322475,69.96004981797279,15.397442038704733,3.5500095803793834,,4.5436150785379406,8.9,3.3,62.4,64.5,1.421,305677.0,1460486.0,321437.0,2087600.0,estimado,Histórico
2015,34,4135.0,14469.0,20.256257744397413,42.616346536647825,22.360088792250416,110.38607957303905,107.86134335658141,12331.0,18604.0,1199000.0,1925000.0,1242000.0,,14.20332117341977,70.11818941407478,15.678489412505451,3.762154563581796,,4.47225415467304,9.0,3.5,62.3,64.5,1.48,298669.0,1474453.0,329689.0,2102811.0,estimado,Histórico
2016,34,2702.0,14600.0,19.661835037695806,42.25743946859218,22.595604430896376,114.92113725690368,100.72019564901022,11792.0,17302.0,1226000.0,1987000.0,1266000.0,77533.0,13.821305311794802,70.29509344014177,15.883601248063423,4.051973168705854,3.635667079002479,4.4256395223162865,8.3,3.2,61.7,63.7,1.395,293865.0,1494596.0,337713.0,2126174.0,estimado,Histórico
2017,34,349.0,15321.0,19.314332526689075,42.49480048623643,23.18046795954735,120.01692487957297,94.83743976108056,10961.0,15670.0,1140000.0,1831000.0,1174000.0,84752.0,13.554412133483176,70.1779992384066,16.26758862811023,4.3111759187881376,3.919301747204297,4.313976757264426,7.5,2.8,62.3,64.1,1.276,291878.0,1511199.0,350303.0,2153380.0,estimado,Histórico
2018,34,-1422.0,15802.0,18.938643085612686,42.52229381088983,23.583650725277142,124.52661269694225,88.32679557387776,10970.0,14380.0,1179000.0,1855000.0,1216000.0,95838.0,13.288196940432362,70.1644615211485,16.54734153841914,4.532303219183273,4.393384847273514,4.240225619217606,6.8,3.1,63.5,65.6,1.186,289298.0,1527554.0,360253.0,2177105.0,estimado,Histórico
2019,34,-2368.0,15596.0,18.527597999702618,42.76587807785717,24.23828007815455,130.82257116407425,83.93734035835132,9826.0,13228.0,1196000.0,1878000.0,1231000.0,104018.0,12.977609390388519,70.04474832947488,16.9776422801366,4.8122726267762745,4.7526122279086325,4.125705276016176,6.3,2.9,63.7,65.6,1.112,284097.0,1533372.0,371663.0,2189132.0,estimado,Histórico
2020,34,-4072.0,16022.0,18.360018520984156,44.18288080792826,25.822862286944098,140.64725619655806,76.32538251759168,8493.0,11950.0,1176000.0,1885000.0,1218000.0,99166.0,12.733840812518004,69.35636147623792,17.909797711244067,5.073781115029993,4.5559294250393725,3.8725374007264666,5.7,3.5,62.4,64.6,1.029,277170.0,1509639.0,389832.0,2176641.0,estimado,Histórico
2021,34,-5342.0,16326.0,18.046552415681557,45.15605677267106,27.1095043569895,150.21985214989147,72.23820778953859,8016.0,10984.0,1193000.0,1893000.0,1221000.0,98612.0,12.432517675748295,68.89137265323349,18.67610967101821,5.278632689260851,4.5318847772937,3.6887432054513942,5.2,2.3,63.0,64.5,0.963,270409.0,1498397.0,406208.0,2175014.0,estimado,Histórico
2022,34,-9498.0,19719.0,17.428836104101777,45.58078916120405,28.15195305710227,161.52514653848212,70.27083025011099,8017.0,10221.0,1226000.0,1908000.0,1255000.0,108619.0,11.97193407490224,68.69038186712145,19.33768405797632,5.566249892497516,4.952503494870998,3.5521514190210564,4.8,2.3,64.3,65.8,0.909,261706.0,1501569.0,422721.0,2185996.0,estimado,Histórico
2023,34,-9345.0,18781.0,16.639885734690235,45.761405040105274,29.12151930541504,175.01033222063265,68.3209052662121,8264.0,9436.0,1248000.0,1926000.0,1281000.0,126837.0,11.415837909981645,68.60526623799055,19.978895852027804,5.754963240130907,5.722833943651041,3.4338867746301056,4.5,2.6,64.8,66.5,0.842,251640.0,1512270.0,440396.0,2204306.0,proyeccion_oficial,Histórico
2024,34,-8956.0,18811.0,16.031619523232557,46.35652190509536,30.324902381862806,189.15682434901123,65.31284706228116,9176.0,9855.0,1264000.0,1952000.0,1302000.0,139111.0,10.953812863651018,68.32630257833323,20.719884558015757,5.85812309644613,6.215187537724903,3.2976198485575203,4.6,2.9,64.8,66.7,0.883,243591.0,1519441.0,460769.0,2223801.0,proyeccion_oficial,Histórico
2025,34,-8560.0,18802.0,15.496365952494257,47.7380490009849,32.24168304849064,208.0596389329661,62.68732902789137,9379.0,10242.0,1297000.0,1979000.0,1333000.0,147358.0,10.489082573705133,67.6873700960633,21.823547330231566,5.956615618036555,6.551570980094709,3.1015750588951154,4.8,2.7,65.5,67.4,0.921,233807.0,1508786.0,486458.0,2229051.0,proyeccion_oficial,Histórico
2026,34,,,14.879754161687611,49.29457824400442,34.414824082316805,231.2862410786872,60.80290407314296,,,,,,,9.966707657238835,66.98166884303177,23.05162349972939,5.953048709244635,,2.9057245726670007,,,,,,222641.0,1496268.0,514938.0,2233847.0,proyeccion_oficial,Proyección
2027,34,,,14.233756680588824,50.261317318489,36.02756063790017,253.11350647880948,59.12264124725565,,,,,,,9.472668637943201,66.55072761544028,23.97660374661652,6.170259333041513,,2.775652812164093,,,,,,212076.0,1489951.0,536793.0,2238820.0,proyeccion_oficial,Proyección
2028,34,,,13.673160300312832,51.5114561958259,37.83829589551306,276.7340912009007,57.7328753172257,,,,,,,9.02450589785139,66.00160972035788,24.97388438179073,6.389368715093758,,2.6428251493180532,,,,,,202498.0,1480989.0,560381.0,2243868.0,proyeccion_oficial,Proyección
2029,34,,,13.172774599596583,52.32188601083998,39.1491114112434,297.19715550619344,55.58845419103837,,,,,,,8.647985489530468,65.65044762699662,25.70156688347291,6.619801419297519,,2.5543363921992,,,,,,194481.0,1476386.0,577992.0,2248859.0,proyeccion_oficial,Proyección
2030,34,,,12.728327684657103,53.838881323189604,41.1105536385325,322.98472082933347,55.678303494278495,,,,,,,8.27380410932463,65.0030727862073,26.723123104468076,6.888010809107871,,2.4324654170132853,,,,,,186463.0,1464945.0,602247.0,2253655.0,proyeccion_oficial,Proyección
2031,34,,,12.307370399717355,54.918001859150486,42.61063145943313,346.220436011349,54.96748448911437,,,,,,,7.944441738221657,64.55027743703972,27.505280824738616,7.023829029701041,,2.346832153736178,,,,,,179399.0,1457655.0,621116.0,2258170.0,proyeccion_oficial,Proyección
2032,34,,,12.056522274334828,56.45242715492381,44.39590488058898,368.23143415988386,54.25120902022604,,,,,,,7.706190625215487,63.917193116459,28.37661625832551,7.321895537509217,,2.2524600020873216,,,,,,174339.0,1446014.0,641971.0,2262324.0,proyeccion_oficial,Proyección
2033,34,,,11.944528247072494,58.25141626441405,46.30688801734156,387.6828541025971,52.68073617663962,,,,,,,7.547817598747429,63.19058771197042,29.261594689282138,7.556422846889688,,2.159505945693237,,,,,,171038.0,1431936.0,663085.0,2266059.0,proyeccion_oficial,Proyección
2034,34,,,11.983988380949008,60.772879434633985,48.78889105368497,407.117309386288,51.78734807676692,,,,,,,7.453986283688713,62.19954531613484,30.346468400176445,7.842172964069046,,2.0496469142937634,,,,,,169151.0,1411475.0,688643.0,2269269.0,proyeccion_oficial,Proyección
2035,34,,,12.09712111125235,63.157879617680244,51.060758506427895,422.09016539425096,49.76401410788158,,,,,,,7.414365239116207,61.29032826016435,31.295306500719445,8.366569287997159,,1.9584511261698412,,,,,,168446.0,1392447.0,710994.0,2271887.0,proyeccion_oficial,Proyección
2036,34,,,12.318014809212578,66.0025419342499,53.68452712503732,435.8212581859128,47.47175041826166,,,,,,,7.420377221748497,60.24004140828632,32.33958136996518,8.846975361278062,,1.8627341127004569,,,,,,168735.0,1369823.0,735383.0,2273941.0,proyeccion_oficial,Proyección
2037,34,,,12.608841147388814,68.83256994585675,56.22372879846793,445.90718640397336,44.770039492806475,,,,,,,7.468251624335499,59.23027768402104,33.301470691643466,9.337687747869378,,1.7786084654478653,,,,,,169932.0,1347721.0,757739.0,2275392.0,proyeccion_oficial,Proyección
2038,34,,,12.9316526399215,71.80126052005888,58.86960788013737,455.23653874215665,42.43543937038635,,,,,,,7.527099976319236,58.20679062382338,34.266109399857385,9.891354060811675,,1.698669374588106,,,,,,171325.0,1324850.0,779934.0,2276109.0,proyeccion_oficial,Proyección
2039,34,,,13.279818716033262,74.829950262132,61.55013154609874,463.48623322535866,40.64161415687752,,,,,,,7.595848821167146,57.19843759611244,35.20571358272041,10.516129315723337,,1.6246918972886961,,,,,,172880.0,1301825.0,801275.0,2275980.0,proyeccion_oficial,Proyección
2040,34,,,13.618110964466926,77.55657139824407,63.938460433777145,469.51049672460925,38.58745892966532,,,,,,,7.669730755232189,56.32007827843704,36.01019096633078,11.302328484594867,,1.5640038768774047,,,,,,174483.0,1281257.0,819216.0,2274956.0,proyeccion_oficial,Proyección
2041,34,,,13.945069584285308,80.13640279240576,66.19133320812045,474.65760430992356,36.547839766279004,,,,,,,7.741394503339781,55.51348780692751,36.74511768973271,12.178246613695325,,1.5107718058129678,,,,,,175966.0,1261851.0,835236.0,2273053.0,proyeccion_oficial,Proyección
2042,34,,,14.20878483376374,82.42020836379939,68.21142353003566,480.06514510620013,34.99150849291998,,,,,,,7.789041006590266,54.81848798274075,37.392471010668984,12.789662064961824,,1.4660300991367936,,,,,,176836.0,1244554.0,848928.0,2270318.0,proyeccion_oficial,Proyección
2043,34,,,14.442217757978568,84.80843611602106,70.36621835804249,487.2258508854628,34.146884972388,,,,,,,7.81469615862767,54.11008398838509,38.07521985298724,13.45839094171282,,1.421136481872207,,,,,,177139.0,1226536.0,863067.0,2266742.0,proyeccion_oficial,Proyección
2044,34,,,14.639210062714056,87.1971144417754,72.55790437906133,495.64084447333465,33.78705996713495,,,,,,,7.820211388604147,53.41962684531837,38.76016176607748,13.89616400099192,,1.378209594885404,,,,,,176915.0,1208501.0,876863.0,2262279.0,proyeccion_oficial,Proyección
2045,34,,,14.838474973347235,90.05072867736595,75.21225370401872,506.8732052257017,34.07253243590311,,,,,,,7.807639084897873,52.61753043302563,39.57483048207649,14.556630263275084,,1.329570582920278,,,,,,176206.0,1187494.0,893141.0,2256841.0,proyeccion_oficial,Proyección
2046,34,,,15.008608537886142,92.93945556999839,77.93084703211225,519.2409865004599,34.72381727479616,,,,,,,7.778921368647182,51.82973057769411,40.3913480536587,15.012829845233048,,1.2831889272138146,,,,,,175043.0,1166284.0,908895.0,2250222.0,proyeccion_oficial,Proyección
2047,34,,,15.153032030366168,95.89462695303116,80.741594922665,532.8411816253113,35.49737546472955,,,,,,,7.73529742293511,51.04785238646519,41.21685019059969,15.537978126967761,,1.238519007406045,,,,,,173456.0,1144695.0,924245.0,2242396.0,proyeccion_oficial,Proyección
2048,34,,,15.2380055290399,98.4600975179747,83.2220919889348,546.1481939374147,36.12635371266591,,,,,,,7.678120548973216,50.38796274447205,41.93391670655473,16.057614336957364,,1.2016040165548347,,,,,,171478.0,1125331.0,936524.0,2233333.0,proyeccion_oficial,Proyección
2049,34,,,15.238438492555131,100.30166918207826,85.06323068952312,558.2148770104068,36.597622672263995,,,,,,,7.607744136521941,49.92469628852568,42.46755957495238,16.754356054301446,,1.175596073525533,,,,,,169120.0,1109825.0,944053.0,2222998.0,proyeccion_oficial,Proyección
2050,34,,,15.173756617616881,101.67194860032558,86.49819198270869,570.0512678731345,36.9789809014282,,,,,,,7.52397977156868,49.58547814608589,42.89054208234543,17.32503731895052,,1.1560935287524896,,,,,,166381.0,1096505.0,948457.0,2211343.0,proyeccion_oficial,Proyección
2051,34,,,15.076154036496323,102.98753171546015,87.91137767896383,583.1154117034632,37.36337745724269,,,,,,,7.427133040678319,49.26410955140635,43.30875740791533,17.974539832512544,,1.1375091898250258,,,,,,163285.0,1083068.0,952140.0,2198493.0,proyeccion_oficial,Proyección
2052,34,,,14.936138438520105,104.14261402982481,89.2064755913047,597.2526028631495,37.61763649425288,,,,,,,7.316521594231162,48.985362745178826,43.69811566059001,18.543589940789936,,1.1209948530883043,,,,,,159824.0,1070049.0,954553.0,2184426.0,proyeccion_oficial,Proyección
2000,35,10671.0,14502.0,29.74828479224089,45.877256000672226,16.128971208431338,54.21815516785081,169.3007479834805,11362.0,25173.0,844000.0,1492000.0,871000.0,,20.39268190793485,68.55078217233479,11.05653591973036,1.6580133419477376,,6.200023467567822,12.6,3.1,56.5,58.4,1.595,392968.0,1320977.0,213060.0,1927005.0,estimado,Histórico
2001,35,8303.0,13889.0,29.80652282237713,46.67953605891957,16.873013236542437,56.60845895072032,162.74947257383968,10281.0,22192.0,853000.0,1486000.0,881000.0,,20.32084612703177,68.1758360347084,11.50331783825982,1.7620340780292103,,5.926623691814969,11.1,3.2,57.4,59.3,1.426,389410.0,1306459.0,220439.0,1916308.0,estimado,Histórico
2002,35,5167.0,14048.0,29.58161717898036,47.3633728680369,17.78175568905654,60.11083025471514,153.6957618567104,10687.0,19215.0,843000.0,1475000.0,865000.0,,20.07392787179928,67.8594674197295,12.066604708471218,1.8798967457178695,,5.6237416455757065,9.7,2.5,57.2,58.6,1.275,380582.0,1286549.0,228771.0,1895902.0,estimado,Histórico
2003,35,4478.0,13959.0,29.424430248482114,48.093994158018475,18.669563909536365,63.44919426434586,146.81918702611625,10246.0,18437.0,839000.0,1460000.0,862000.0,,19.868753230523186,67.52468293433867,12.606563835138152,2.008844217022739,,5.356311507036342,9.4,2.7,57.5,59.1,1.274,371710.0,1263270.0,235847.0,1870827.0,estimado,Histórico
2004,35,3683.0,13574.0,29.03290341941292,48.676135098594095,19.643231679181174,67.65851625451515,140.36398781073902,10111.0,17257.0,829000.0,1445000.0,853000.0,,19.52761510793904,67.26029025013686,13.212094641924091,2.143805503000221,,5.090812022849821,8.9,2.8,57.4,59.0,1.239,359900.0,1239628.0,243503.0,1843031.0,estimado,Histórico
2005,35,2289.0,13456.0,28.47150135863995,48.95055928081456,20.47905792217461,71.92826842606965,132.59796852631632,10196.0,15745.0,823000.0,1432000.0,844000.0,,19.11473276509355,67.13637094270408,13.748896292202373,2.2461692256540227,,4.883037119188991,8.3,2.5,57.5,58.9,1.184,347239.0,1219602.0,249763.0,1816604.0,estimado,Histórico
2006,35,2224.0,13347.0,27.790281634665988,49.06000417040403,21.269722535738044,76.53654905463748,128.10926028262415,10429.0,15571.0,829000.0,1433000.0,851000.0,,18.64368768089956,67.08707715161533,14.269235167485098,2.374912152342549,,4.7015187824842055,8.3,2.6,57.8,59.4,1.213,335850.0,1208516.0,257048.0,1801414.0,estimado,Histórico
2007,35,3848.0,13380.0,27.128321688226638,49.273631956861166,22.145310268634532,81.63170034306002,126.79161837206694,10864.0,17228.0,842000.0,1435000.0,862000.0,,18.173552376662542,66.99106780553123,14.83537981780623,2.5450865674374263,,4.5156287623404765,9.2,2.4,58.7,60.1,1.38,325599.0,1200218.0,265792.0,1791609.0,estimado,Histórico
2008,35,2637.0,13241.0,26.245030297473683,49.06648774348417,22.821457446010484,86.95534806910568,125.11197579826184,10399.0,15878.0,843000.0,1443000.0,863000.0,,17.60625791535152,67.0841592324101,15.309582852238385,2.7090421620896246,,4.381841091287595,8.5,2.2,58.4,59.8,1.305,314880.0,1199770.0,273805.0,1788455.0,estimado,Histórico
2009,35,2312.0,12921.0,25.164692780325232,48.24526275551996,23.080569975194727,91.71806775737808,121.96285700935066,9605.0,15233.0,843000.0,1457000.0,860000.0,,16.975040087335415,67.4557811435202,15.569178769144386,2.8813766490503783,,4.332648635084512,8.2,2.0,57.8,59.0,1.279,304144.0,1208614.0,278955.0,1791713.0,estimado,Histórico
2010,35,2912.0,13188.0,24.06564477057412,47.41662445934265,23.35097968876853,97.03035140500603,117.29842746051393,10525.0,16100.0,839000.0,1473000.0,859000.0,,16.324919159447585,67.83495441355727,15.840126426995148,3.051699530966094,,4.282475567742389,8.7,2.2,57.0,58.3,1.374,293166.0,1218193.0,284460.0,1795819.0,estimado,Histórico
2011,35,3049.0,13126.0,23.039231550944056,46.344251843125576,23.30502029218152,101.15363544417599,114.29028780196137,10353.0,16175.0,862000.0,1497000.0,882000.0,,15.743174918575601,68.3320313169495,15.924793764474913,3.199145479183495,,4.290920958071359,8.7,2.3,57.6,58.9,1.405,284752.0,1235944.0,288037.0,1808733.0,estimado,Histórico
2012,35,2538.0,13700.0,22.22047131409496,46.119268467011146,23.89879715291619,107.55306138694107,113.47390335120397,10022.0,16238.0,871000.0,1514000.0,889000.0,,15.207078126805435,68.43724380031144,16.355678072883137,3.384724583615325,,4.184311007794707,8.7,2.0,57.5,58.7,1.44,276378.0,1243799.0,297253.0,1817430.0,estimado,Histórico
2013,35,1063.0,13492.0,21.45849076713367,45.92512575337833,24.46663498624466,114.01843331739963,110.9669321445641,9823.0,14555.0,895000.0,1528000.0,913000.0,,14.705137759072231,68.52829455086825,16.76656769005952,3.591933745165349,,4.087198752759454,7.8,2.0,58.6,59.8,1.32,267776.0,1247879.0,305314.0,1820969.0,estimado,Histórico
2014,35,668.0,13563.0,20.600716122289207,45.405173407303494,24.804457285014287,120.40580112735395,106.74511209843665,9211.0,14231.0,901000.0,1545000.0,923000.0,,14.16780135090741,68.77334393040044,17.058854718692142,3.8157094231722657,,4.031533480090105,7.7,2.5,58.3,59.8,1.329,259191.0,1258165.0,312081.0,1829437.0,estimado,Histórico
2015,35,366.0,13721.0,19.78081173222803,45.159823130650764,25.37901139842273,128.30116246985855,102.21987831597123,9060.0,14087.0,922000.0,1559000.0,938000.0,,13.626919147197059,68.88958517812138,17.483495674681564,4.059396498876098,,3.940263804216379,7.6,1.7,59.2,60.2,1.352,250071.0,1264210.0,320844.0,1835125.0,estimado,Histórico
2016,35,-1364.0,14062.0,19.061386229436636,45.12817430788563,26.066788078448987,136.75179635253315,96.82564106509514,8216.0,12698.0,940000.0,1569000.0,960000.0,31549.0,13.134173512717389,68.90460827258298,17.961218214699635,4.389936373548354,1.7210097492428407,3.83629926706145,6.8,2.1,59.9,61.2,1.251,241044.0,1264567.0,329632.0,1835243.0,estimado,Histórico
2017,35,-2947.0,14295.0,18.643020099157543,45.655723862810824,27.012703763653278,144.8944624850453,91.83468760643613,7817.0,11348.0,921000.0,1571000.0,944000.0,33764.0,12.799373484777638,68.6550431030004,18.54558341222197,4.698098524112578,1.8488928218231122,3.7019618944829276,6.1,2.5,58.6,60.1,1.151,234040.0,1255376.0,339111.0,1828527.0,estimado,Histórico
2018,35,-4551.0,14552.0,18.099624960708454,45.779428267036934,27.679803306328477,152.9302588667839,85.85132238852052,7219.0,10001.0,915000.0,1569000.0,940000.0,39131.0,12.415760698110153,68.59678432598957,18.987454975900274,4.982401852263344,2.15223437799926,3.6127424351002104,5.5,2.7,58.3,59.9,1.044,226294.0,1250269.0,346072.0,1822635.0,estimado,Histórico
2019,35,-5554.0,14525.0,17.614876381378846,46.29943473174182,28.68455835036297,162.84280246602344,81.45312914933169,7005.0,8971.0,928000.0,1563000.0,953000.0,43960.0,12.040290117099845,68.3529640311751,19.60674585172504,5.309229021864746,2.4321921321129585,3.4861962585780795,4.9,2.7,59.3,61.0,0.971,218165.0,1238527.0,355266.0,1811958.0,estimado,Histórico
2020,35,-6526.0,14691.0,17.28570131772314,47.66938912700535,30.383687809282208,175.77353241739527,77.72237272433783,6053.0,8165.0,932000.0,1555000.0,956000.0,42366.0,11.705676728205537,67.71884179326662,20.575481478527852,5.629100929950246,2.350055414845854,3.2912397148001906,4.5,2.5,59.9,61.5,0.909,211368.0,1222791.0,371529.0,1805688.0,estimado,Histórico
2021,35,-7574.0,15049.0,16.93740239891019,48.85877329966442,31.921370900754226,188.46674448029975,72.34086660885129,5325.0,7475.0,953000.0,1555000.0,974000.0,41047.0,11.378168732328506,67.17776707637657,21.444064191294927,5.923783578978852,2.296910052471863,3.132697537048361,4.2,2.2,61.2,62.6,0.85,203906.0,1203880.0,384295.0,1792081.0,estimado,Histórico
2022,35,-10820.0,17852.0,16.42752764579671,49.769934384949494,33.342406739152786,202.96667555865636,68.06694269082561,5394.0,7032.0,968000.0,1556000.0,992000.0,44728.0,10.968508274546942,66.769075122229,22.262416603224068,6.383985568285339,2.5209553568610477,2.9991836156978318,4.0,2.4,62.2,63.7,0.817,194932.0,1186618.0,395647.0,1777197.0,estimado,Histórico
2023,35,-10579.0,17201.0,15.766798806061663,50.5922428072028,34.825444001141136,220.87834334355964,65.09116838137923,5483.0,6622.0,983000.0,1553000.0,1008000.0,52799.0,10.46986120410416,66.40448281790052,23.125655977995333,6.717667070809432,2.985539649339465,2.871463749226665,3.8,2.5,63.3,64.9,0.78,185144.0,1174265.0,408943.0,1768352.0,proyeccion_oficial,Histórico
2024,35,-10330.0,17110.0,15.197223784888195,51.7366875239433,36.53946373905511,240.43512325842826,61.592595323150334,6388.0,6780.0,988000.0,1549000.0,1013000.0,57688.0,10.015523623771047,65.90363980643804,24.080836569790915,6.861441706802532,3.27989647698819,2.7367670394438566,3.9,2.5,63.8,65.4,0.808,176134.0,1158988.0,423488.0,1758610.0,proyeccion_oficial,Histórico
2025,35,-10323.0,17368.0,14.729422324693212,53.726135528637364,38.996713203944154,264.7538535069901,59.13426364991194,6348.0,7045.0,979000.0,1547000.0,1007000.0,61971.0,9.58159929932623,65.05074732810881,25.36765337256496,7.0341578462295855,3.5370989863752254,2.5643186767310926,4.1,2.8,63.3,65.1,0.847,167380.0,1136365.0,443145.0,1746890.0,proyeccion_oficial,Histórico
2026,35,,,14.096088451392012,55.6627171749518,41.5666287235598,294.88058951173105,57.39780603612945,,,,,,,9.0555328258527,64.24145859384454,26.70300858030276,7.14521975140748,,2.4057760533107753,,,,,,157147.0,1114827.0,463396.0,1735370.0,proyeccion_oficial,Proyección
2027,35,,,13.444935555674823,56.86291811036085,43.41798255468603,322.9318755370324,55.87714456946086,,,,,,,8.571136963176754,63.74992968678871,27.678933350034534,7.551493916529954,,2.3031931498440192,,,,,,147803.0,1099321.0,477303.0,1724427.0,proyeccion_oficial,Proyección
2028,35,,,12.88230811064784,58.529905771016544,45.6475976603687,354.34331540819767,54.89663911957741,,,,,,,8.126105953317904,63.07958079811251,28.79431324856959,7.8731916040603975,,2.1906957896016532,,,,,,139283.0,1081196.0,493540.0,1714019.0,proyeccion_oficial,Proyección
2029,35,,,12.390319132091134,59.65795965711641,47.26764052502527,381.4884832352808,52.84779956397965,,,,,,,7.760539567648711,62.63389574485441,29.605564687496884,8.105486343851725,,2.115612264315504,,,,,,132242.0,1067301.0,504488.0,1704031.0,proyeccion_oficial,Proyección
2030,35,,,11.924153026265701,61.24191092500951,49.317757898743814,413.5954796127662,52.49965629516365,,,,,,,7.395194560681803,62.01861502776909,30.586190411549108,8.519591815053738,,2.027667198604483,,,,,,125299.0,1050800.0,518231.0,1694330.0,proyeccion_oficial,Proyección
2031,35,,,11.55589803858549,63.10505828288861,51.549160244303124,446.0852810588925,52.40809647324035,,,,,,,7.084941546412985,61.31017704341241,31.604881410174613,8.777564173711347,,1.9398958106412867,,,,,,119370.0,1032979.0,532492.0,1684841.0,proyeccion_oficial,Proyección
2032,35,,,11.35044685751114,65.11771830189218,53.76727144438105,473.70180328011185,51.70028699440464,,,,,,,6.874154375582275,60.56285238702577,32.56299323739195,9.09469620784262,,1.8598674865516263,,,,,,115179.0,1014753.0,545605.0,1675537.0,proyeccion_oficial,Proyección
2033,35,,,11.26258275552557,67.29909257574754,56.036509820221966,497.5458208529454,50.2679543312618,,,,,,,6.732004688206089,59.773187326000155,33.49480798579375,9.325761308376777,,1.7845508280373463,,,,,,112176.0,996006.0,558127.0,1666309.0,proyeccion_oficial,Proyección
2034,35,,,11.344301064212637,70.3858927561565,59.041591691943864,520.4515585204252,49.582567922060285,,,,,,,6.658004885678974,58.69030492043874,34.65169019388228,9.659052506565736,,1.6937212757027493,,,,,,110329.0,972550.0,574209.0,1657088.0,proyeccion_oficial,Proyección
2035,35,,,11.504323348394689,73.27315801593903,61.76883466754434,536.9184505420178,47.96156992781692,,,,,,,6.639414598385994,57.712343414899394,35.648241986714616,10.261884446537438,,1.6189393978083861,,,,,,109406.0,950999.0,587421.0,1647826.0,proyeccion_oficial,Proyección
2036,35,,,11.758457096821855,76.7096724792637,64.95121538244184,552.3787249263958,45.96847462384495,,,,,,,6.654110627816183,56.589997931061,36.75589144112282,10.750976032653838,,1.5396170712308614,,,,,,109029.0,927239.0,602253.0,1638521.0,proyeccion_oficial,Proyección
2037,35,,,12.082616787724191,80.05457535554662,67.97195856782243,562.5599136511654,43.678862625982674,,,,,,,6.710530273315815,55.53871641558342,37.75075331110076,11.27809072388455,,1.471194917831005,,,,,,109324.0,904804.0,615013.0,1629141.0,proyeccion_oficial,Proyección
2038,35,,,12.436127043141166,83.58232640384485,71.14619936070368,572.0928960752502,41.71246944887492,,,,,,,6.77414176339837,54.47147443813287,38.75438379846876,11.883181032353669,,1.405556458371172,,,,,,109714.0,882220.0,627666.0,1619600.0,proyeccion_oficial,Proyección
2039,35,,,12.835001652031067,87.28389804874189,74.44889639671082,580.0458653227341,40.27190843963782,,,,,,,6.853232865054245,53.39487326025984,39.751893874685905,12.543336263313032,,1.3432032553865771,,,,,,110323.0,859548.0,639924.0,1609795.0,proyeccion_oficial,Proyección
2040,35,,,13.223534900216242,90.38412790220252,77.16059300198627,583.5095803371343,38.36123020775299,,,,,,,6.945712883696362,52.52538701722472,40.52890009907891,13.432162201864683,,1.2959983342458992,,,,,,111113.0,840267.0,648355.0,1599735.0,proyeccion_oficial,Proyección
2041,35,,,13.594138570516524,93.28173167543247,79.68759310491595,586.1908254911082,36.53810475974521,,,,,,,7.0333282161111965,51.73794705436755,41.228724729521254,14.354877677418706,,1.2549004945894267,,,,,,111788.0,822325.0,655291.0,1589404.0,proyeccion_oficial,Proyección
2042,35,,,13.901291328657969,95.86350548154067,81.9622141528827,589.6014421618148,35.30089429492813,,,,,,,7.097438236123119,51.0559635671509,41.84659819672598,14.946208975832834,,1.2200744090865059,,,,,,112054.0,806069.0,660672.0,1578795.0,proyeccion_oficial,Proyección
2043,35,,,14.174284220109834,98.53899988983619,84.36471566972635,595.1955976022656,34.739151423202244,,,,,,,7.139294661489558,50.36793781347103,42.49276752503942,15.666280594517096,,1.1853296630724526,,,,,,111939.0,789733.0,666256.0,1567928.0,proyeccion_oficial,Proyección
2044,35,,,14.391516905643131,100.97131120558001,86.57979429993688,601.6029781126659,34.517706235655176,,,,,,,7.16098074860127,49.758345805738806,43.080673445659926,16.101800522877497,,1.15500389910343,,,,,,111480.0,774623.0,670667.0,1556770.0,proyeccion_oficial,Proyección
2045,35,,,14.603449731429595,103.83200894882916,89.22855921739956,611.0101438933401,34.946120008310075,,,,,,,7.164453613905021,49.060008050602306,43.77553833549267,16.688950354187675,,1.1207174124190051,,,,,,110707.0,758088.0,676431.0,1545226.0,proyeccion_oficial,Proyección
2046,35,,,14.782857235305855,106.70667256284008,91.92381532753423,621.8271195097037,35.703213470213676,,,,,,,7.151611049619976,48.377731961990435,44.47065698838959,17.29814837401423,,1.0878573701895367,,,,,,109648.0,741724.0,681821.0,1533193.0,proyeccion_oficial,Proyección
2047,35,,,14.92978515221256,109.56189793696511,94.63211278475256,633.8477869571237,36.616659712475816,,,,,,,7.124284184858521,47.71859817287938,45.157117642262094,17.837047987563164,,1.0567237384571249,,,,,,108335.0,725630.0,686679.0,1520644.0,proyeccion_oficial,Proyección
2048,35,,,15.011197035491723,111.92902499335769,96.91782795786597,645.6369050963646,37.28660027031431,,,,,,,7.083124662118463,47.185608485262556,45.73126685261897,18.35395723539108,,1.031801910000232,,,,,,106782.0,711349.0,689424.0,1507555.0,proyeccion_oficial,Proyección
2049,35,,,15.013454274055412,113.59467891324924,98.58122463919383,656.6192086091139,37.86742824229625,,,,,,,7.028945828820518,46.81764569641487,46.1534084747646,19.085490670690156,,1.014391942948557,,,,,,105005.0,699406.0,689483.0,1493894.0,proyeccion_oficial,Proyección
2050,35,,,14.934372965692422,114.52247325406573,99.5881002883733,666.8381760462881,38.2153904725646,,,,,,,6.961682260676332,46.61516273009162,46.42315500923205,19.658860199996216,,1.0041360334260216,,,,,,103007.0,689731.0,686890.0,1479628.0,proyeccion_oficial,Proyección
2051,35,,,14.821921393399116,115.37594045765387,100.55401906425475,678.414197426766,38.547396427931204,,,,,,,6.881883539035933,46.43044148176871,46.68767497919536,20.339400757910372,,0.9944903339577037,,,,,,100807.0,680121.0,683889.0,1464817.0,proyeccion_oficial,Proyección
2052,35,,,14.66030989272944,115.94770560190703,101.2873957091776,690.895325203252,38.70899896241318,,,,,,,6.788824105293006,46.30750751496611,46.90366837974088,20.90799142565996,,0.9872896750857921,,,,,,98400.0,671200.0,679841.0,1449441.0,proyeccion_oficial,Proyección
2000,36,7796.0,18250.0,29.98827269307646,50.092564592383894,20.104291899307427,67.04051315349349,129.70023104638247,12069.0,26046.0,981000.0,1582000.0,1014000.0,,19.97985228283464,66.62555221944304,13.394595497722324,1.9702993164518396,,4.974062279877906,12.2,3.3,62.0,64.1,1.75,406584.0,1355810.0,272576.0,2034970.0,estimado,Histórico
2001,36,4681.0,17907.0,30.213777580107333,51.38420738539943,21.1704298052921,70.06879477139812,125.3796640417219,10772.0,22588.0,983000.0,1564000.0,1014000.0,,19.9583418257018,66.0570886006731,13.984569573625105,2.1136303756692403,,4.723569663899899,10.7,3.0,62.9,64.8,1.566,401484.0,1328811.0,281315.0,2011610.0,estimado,Histórico
2002,36,1690.0,17552.0,29.82046932428612,52.45404157617898,22.633572251892865,75.89945015875331,117.40003699886361,10039.0,19242.0,988000.0,1536000.0,1010000.0,,19.560300937896276,65.59353820084299,14.84616086126074,2.293410882531408,,4.4182155113246395,9.3,2.3,64.3,65.8,1.391,383929.0,1287468.0,291400.0,1962797.0,estimado,Histórico
2003,36,914.0,17419.0,30.09786586291112,54.03331304777011,23.935447184858983,79.5253965642596,111.82562188161815,9858.0,18333.0,969000.0,1508000.0,992000.0,,19.53984191301327,64.92102131763352,15.539136769353213,2.469869366952094,,4.177903977631039,9.0,2.3,64.3,65.8,1.389,376862.0,1252122.0,299701.0,1928685.0,estimado,Histórico
2004,36,115.0,17141.0,29.639524091350456,55.05195462481062,25.41243053346016,85.73832175961333,104.98546989801514,9675.0,17256.0,949000.0,1480000.0,973000.0,,19.115866138592807,64.49451104436352,16.389622817043673,2.674729539353021,,3.935082079942393,8.6,2.4,64.1,65.7,1.36,359579.0,1213174.0,308297.0,1881050.0,estimado,Histórico
2005,36,-511.0,16329.0,29.269807089287546,55.964410340917325,26.694603251629772,91.20184212419947,99.83944078855515,9984.0,15818.0,939000.0,1463000.0,961000.0,,18.766978328778773,64.11719172432568,17.11582994689554,2.843959536682373,,3.746075529101364,8.0,2.3,64.2,65.7,1.29,347425.0,1186974.0,316858.0,1851257.0,estimado,Histórico
2006,36,-348.0,16253.0,28.434610078271206,56.20500771784119,27.77039763956999,97.66407052225138,97.75429077412913,10507.0,15905.0,935000.0,1463000.0,952000.0,,18.203392127884708,64.01843414689601,17.778173725219276,3.029489825365316,,3.6009567200978854,8.1,1.7,63.9,65.0,1.337,333058.0,1171312.0,325278.0,1829648.0,estimado,Histórico
2007,36,1814.0,16030.0,27.718213094172896,56.57223019886107,28.854017104688186,104.09768121291363,96.67580831408776,10854.0,17844.0,931000.0,1456000.0,948000.0,,17.703147652025024,63.86828614051856,18.428566207456416,3.2069037696292173,,3.4657219352570516,9.2,1.8,64.0,65.1,1.542,319693.0,1153368.0,332793.0,1805854.0,estimado,Histórico
2008,36,345.0,16018.0,26.968417836174346,56.63609577231159,29.667677936137242,110.00896721624586,95.18300491291625,10480.0,16363.0,927000.0,1455000.0,947000.0,,17.217243383910702,63.84224498634171,18.940511629747586,3.3772557351702677,,3.3706716182931604,8.5,2.0,63.8,65.1,1.449,308903.0,1145425.0,339821.0,1794149.0,estimado,Histórico
2009,36,261.0,15734.0,25.914551838801586,55.97980738735795,30.06525554855637,116.01688401008725,92.96381126889601,10051.0,15995.0,934000.0,1458000.0,949000.0,,16.614042723136443,64.11086260137601,19.275094675487548,3.622454152194382,,3.326098454027665,8.3,1.6,64.1,65.1,1.445,296612.0,1144577.0,344120.0,1785309.0,estimado,Histórico
2010,36,612.0,16042.0,24.72990548329646,55.23781157277158,30.507906089475114,123.36442656475717,90.16767545722246,10461.0,16654.0,912000.0,1465000.0,932000.0,,15.93033632254195,64.41729562331695,19.652368054141096,3.896736702447895,,3.277838856154696,8.7,2.1,62.3,63.6,1.537,283127.0,1144877.0,349278.0,1777282.0,estimado,Histórico
2011,36,522.0,16090.0,23.58416787204739,53.86710937013378,30.282941498086384,128.40368870499162,90.7745530552747,10266.0,16612.0,922000.0,1481000.0,941000.0,,15.327621327644941,64.99114749692593,19.68123117542912,4.114207128893456,,3.3021891220943353,8.7,2.0,62.3,63.5,1.568,272616.0,1155928.0,350049.0,1778593.0,estimado,Histórico
2012,36,224.0,16766.0,22.77027974947089,53.4056999933727,30.635420243901812,134.5412554477451,92.08625032494017,9827.0,16990.0,943000.0,1492000.0,959000.0,,14.843177111707448,65.186626053869,19.970196834423554,4.311247833631907,,3.264195470597655,9.0,1.6,63.2,64.2,1.642,264559.0,1161861.0,355941.0,1782361.0,estimado,Histórico
2013,36,-931.0,16332.0,21.930990993461005,52.84178924424582,30.910798250784815,140.94574321790222,91.50856712813064,9995.0,15401.0,942000.0,1504000.0,963000.0,,14.348818540991179,65.42713252342065,20.224048935588172,4.496730751120021,,3.2351154178770205,8.1,2.1,62.6,64.0,1.518,255968.0,1167152.0,360776.0,1783896.0,estimado,Histórico
2014,36,-1236.0,16053.0,21.00517672290195,52.01741184215661,31.01223511925466,147.64091503901517,88.55257187988371,9357.0,14817.0,945000.0,1520000.0,973000.0,,13.8176123829237,65.78193825838348,20.400449358692818,4.691590485337524,,3.224533788534084,7.8,2.9,62.2,64.0,1.497,247596.0,1178738.0,365553.0,1791887.0,estimado,Histórico
2015,36,-1482.0,16543.0,20.191880053908356,51.32900943396227,31.137129380053906,154.2061922759242,84.05322407350984,9275.0,15061.0,962000.0,1532000.0,987000.0,,13.343033255444517,66.0811832272242,20.57578351733128,4.857679432788334,,3.211599848509441,8.0,2.5,62.8,64.4,1.549,239718.0,1187200.0,369660.0,1796578.0,estimado,Histórico
2016,36,-2581.0,16561.0,19.551087528614204,50.95624114921862,31.40515362060441,160.631236368008,80.01772955204346,8554.0,13980.0,964000.0,1539000.0,994000.0,36630.0,12.95149334653091,66.2443627628162,20.80414389065289,5.07865718368913,2.0395129890195918,3.1841907607925735,7.4,3.0,62.7,64.6,1.466,232908.0,1191279.0,374123.0,1798310.0,estimado,Histórico
2017,36,-4494.0,16848.0,19.301581338044855,51.89205472404432,32.59047338599947,168.84872184934,75.21229276182774,8049.0,12354.0,957000.0,1541000.0,988000.0,37212.0,12.707433165685813,65.83622835419457,21.45633848011962,5.467466947738096,2.0761929098558904,3.0683813277458856,6.5,3.2,62.1,64.1,1.325,228103.0,1181784.0,385149.0,1795036.0,estimado,Histórico
2018,36,-5981.0,17219.0,18.748089075678514,51.719451815990446,32.97136274031193,175.86519141881482,70.31396305649349,7587.0,11238.0,961000.0,1540000.0,988000.0,42520.0,12.3570767302908,65.91112662421347,21.731796645495734,5.763024743212693,2.3749519647533,3.0329349983989755,6.0,2.8,62.4,64.2,1.24,221974.0,1183982.0,390375.0,1796331.0,estimado,Histórico
2019,36,-5955.0,16787.0,18.19211219831723,51.74421261621737,33.552100417900135,184.43213219080582,66.18860029208774,7413.0,10832.0,974000.0,1535000.0,999000.0,47778.0,11.988669541109722,65.90037160291192,22.110958855978357,6.125619965611533,2.67283080742673,2.980439339250717,5.8,2.6,63.4,65.1,1.234,214962.0,1181622.0,396459.0,1793043.0,estimado,Histórico
2020,36,-7698.0,17436.0,17.9473116775446,52.94284222844685,34.995530550902245,194.99037616139535,62.43930266830564,6365.0,9738.0,974000.0,1525000.0,998000.0,45236.0,11.734652904342626,65.38390325624557,22.88144383941179,6.515558460505447,2.5288362579082038,2.857507756727575,5.3,2.4,63.9,65.4,1.145,210415.0,1172404.0,410289.0,1793108.0,estimado,Histórico
2021,36,-9138.0,17568.0,17.696932858578567,54.13119532520817,36.4342624666296,205.87896647281525,57.0244850933748,6201.0,8430.0,985000.0,1524000.0,1008000.0,44159.0,11.481733351408216,64.879792691548,23.63847395704377,6.922549499598357,2.4834600961462754,2.744669254430242,4.6,2.3,64.6,66.2,1.017,204968.0,1158212.0,421986.0,1785166.0,estimado,Histórico
2022,36,-12988.0,20876.0,17.228936500283012,55.046714604166226,37.817778103883214,219.50152351691585,52.83765103836334,6181.0,7888.0,1010000.0,1525000.0,1033000.0,49558.0,11.112093890069476,64.4966907265979,24.39121538333262,7.36468260496267,2.797625196804166,2.644258997059686,4.3,2.2,66.3,67.8,0.969,197241.0,1144824.0,432947.0,1775012.0,estimado,Histórico
2023,36,-11958.0,19786.0,16.609345016367534,55.87890845467886,39.26956343831132,236.43053593993906,50.381081342489594,6157.0,7828.0,1019000.0,1523000.0,1042000.0,62493.0,10.655286966675567,64.15236095207491,25.19235208124952,7.749921927684669,3.5174270038071267,2.5465014439768425,4.3,2.2,66.9,68.4,0.972,188342.0,1133952.0,445298.0,1767592.0,proyeccion_oficial,Histórico
2024,36,-11883.0,20108.0,16.13325682714764,57.27517430967639,41.14191748252875,255.01309452471315,48.198756173521154,7049.0,8225.0,1004000.0,1520000.0,1032000.0,70936.0,10.257980573196566,63.582825731350965,26.15919369545247,7.833785062101796,3.988893000093346,2.4306110681998674,4.6,2.7,66.1,67.9,1.028,180228.0,1117121.0,459605.0,1756954.0,proyeccion_oficial,Histórico
2025,36,-11165.0,19884.0,15.693188769533299,59.301546436395355,43.60835766686206,277.88079470198676,46.89422658127793,7307.0,8719.0,997000.0,1520000.0,1028000.0,78060.0,9.851246971917593,62.774029654462396,27.374723373620014,8.010218651442463,4.388980880438786,2.2931384108507684,4.9,3.0,65.6,67.6,1.094,172140.0,1096909.0,478344.0,1747393.0,proyeccion_oficial,Histórico
2026,36,,,15.083760024261334,61.22462228462735,46.14086226036601,305.89761562204103,46.40255097737727,,,,,,,9.355742200240563,62.02526548547848,28.618992314280966,8.05473248969322,,2.167276359850297,,,,,,162642.0,1078259.0,497518.0,1738419.0,proyeccion_oficial,Proyección
2027,36,,,14.423006513367516,62.42158705362591,47.998580540258395,332.7917830153678,46.005784092777624,,,,,,,8.879981272812921,61.568170717962204,29.551848009224873,8.360937630953034,,2.0833949436510077,,,,,,153633.0,1065194.0,511278.0,1730105.0,proyeccion_oficial,Proyección
2028,36,,,13.851732312511142,64.16023807322352,50.308505760712386,363.19288176882264,46.25974965912542,,,,,,,8.437933859679582,60.9160909936029,30.645975146717518,8.628563564816131,,1.9877354432993988,,,,,,145317.0,1049089.0,527781.0,1722187.0,proyeccion_oficial,Proyección
2029,36,,,13.366182267174976,65.52174874234086,52.155566475165884,390.2054111834978,45.215383135003364,,,,,,,8.075181883186493,60.41502144571034,31.509796671103175,8.841441720975968,,1.9173408853226717,,,,,,138454.0,1035853.0,540255.0,1714562.0,proyeccion_oficial,Proyección
2030,36,,,12.89694256176131,67.1702170789963,54.273274517234995,420.82279778582654,45.063187327663584,,,,,,,7.714856621659383,59.8192678979085,32.46587548043211,9.099403241953842,,1.8425274850192437,,,,,,131697.0,1021149.0,554211.0,1707057.0,proyeccion_oficial,Proyección
2031,36,,,12.493700914438003,69.25926737402327,56.76556645958527,454.35349259870384,45.388780707256124,,,,,,,7.381398435826769,59.080959968368205,33.53764159580502,9.296781041636756,,1.7616313240033614,,,,,,125451.0,1004114.0,569991.0,1699556.0,proyeccion_oficial,Proyección
2032,36,,,12.221081783618983,71.26924743198869,59.04816564836971,483.16643889510084,44.75624485678639,,,,,,,7.135596125318408,58.387598182043845,34.476805692637754,9.604494063273858,,1.6935327101522069,,,,,,120735.0,987924.0,583351.0,1692010.0,proyeccion_oficial,Proyección
2033,36,,,12.083038603278567,73.68196375799896,61.59892515472038,509.79664285775243,43.710126786723734,,,,,,,6.956991009218756,57.57650238186835,35.46650660891289,9.794216548166936,,1.6234049498238183,,,,,,117183.0,969814.0,597395.0,1684392.0,proyeccion_oficial,Proyección
2034,36,,,12.06667046387066,76.85488141120976,64.78821094733911,536.9187062937062,43.17164063334908,,,,,,,6.82292191631066,56.543533999204385,36.633544084484946,10.012220425705,,1.5434906835331754,,,,,,114400.0,948066.0,614235.0,1676701.0,proyeccion_oficial,Proyección
2035,36,,,12.119902391494609,79.87999413659155,67.76009174509694,559.0811671276246,41.68789575847973,,,,,,,6.737771173314239,55.59261911253187,37.66960971415389,10.521449693062218,,1.475794932158366,,,,,,112447.0,927788.0,628670.0,1668905.0,proyeccion_oficial,Proyección
2036,36,,,12.278882605560469,83.42890839039677,71.15002578483632,579.4503300537799,39.86795687346812,,,,,,,6.694082581261938,54.51703380754317,38.78888361119489,10.945897215003018,,1.4054808680239759,,,,,,111194.0,905571.0,644314.0,1661079.0,proyeccion_oficial,Proyección
2037,36,,,12.509793945560926,86.91721077475339,74.40741682919246,594.793304773783,37.7419158699672,,,,,,,6.692692392374712,53.49962134867617,39.80768625894912,11.456259118480363,,1.3439520448553823,,,,,,110646.0,884475.0,658115.0,1653236.0,proyeccion_oficial,Proyección
2038,36,,,12.77128421862383,90.61579330902738,77.84450909040355,609.5276540544463,35.91248200340299,,,,,,,6.700013675109781,52.46155014966648,40.83843617522374,12.07414948414447,,1.2846121218886037,,,,,,110237.0,863163.0,671925.0,1645325.0,proyeccion_oficial,Proyección
2039,36,,,13.059328651345378,94.29866304639344,81.23933439504808,622.0789488032277,34.49728094206158,,,,,,,6.721265317315721,51.46715805045071,41.81157663223356,12.797803187113269,,1.2309308138065627,,,,,,110046.0,842662.0,684573.0,1637281.0,proyeccion_oficial,Proyección
2040,36,,,13.346548097498287,97.49828753629514,84.15173943879685,630.5131396077647,32.791851995100885,,,,,,,6.7578044670617885,50.63335041911316,42.608845113825055,13.686507656373252,,1.1883295659352295,,,,,,110087.0,824835.0,694113.0,1629035.0,proyeccion_oficial,Proyección
2041,36,,,13.613918015980293,100.4092151947575,86.7952971787772,637.548258164146,31.150676585029135,,,,,,,6.793059891357939,49.897905095242294,43.309035013399765,14.603921752539723,,1.1521361554189316,,,,,,110085.0,808621.0,701845.0,1620551.0,proyeccion_oficial,Proyección
2042,36,,,13.837653029964942,103.19845391041909,89.36080088045415,645.780037170657,30.097075945342276,,,,,,,6.8099204318086635,49.21297287236517,43.977106695826166,15.231740418469746,,1.1190589051879565,,,,,,109764.0,793227.0,708834.0,1611825.0,proyeccion_oficial,Proyección
2043,36,,,14.023878687121877,105.92431949082098,91.9004408036991,655.3140030232239,29.555498520199876,,,,,,,6.810210043086721,48.56152990927207,44.62826004764121,15.994993804646079,,1.0881340625297076,,,,,,109155.0,778351.0,715308.0,1602814.0,proyeccion_oficial,Proyección
2044,36,,,14.18123677428817,108.66271030191288,94.48147352762471,666.2428322114187,29.340441998452143,,,,,,,6.796248718215832,47.92423133741078,45.27951994437339,16.539628310831247,,1.0584085563691148,,,,,,108297.0,763664.0,721521.0,1593482.0,proyeccion_oficial,Proyección
2045,36,,,14.348038461281106,111.92821631459562,97.58017785331451,680.0942032364875,29.653910849453325,,,,,,,6.770235087517673,47.185788536791904,46.04397637569043,17.14865217289721,,1.0247982961285749,,,,,,107215.0,747245.0,729163.0,1583623.0,proyeccion_oficial,Proyección
2046,36,,,14.492926125519714,115.22104062090845,100.72811449538874,695.0157174818046,30.26482423571821,,,,,,,6.733972702533131,46.46385860392737,46.8021686935395,17.845761874703218,,0.9927714868978107,,,,,,105933.0,730929.0,736251.0,1573113.0,proyeccion_oficial,Proyección
2047,36,,,14.623655010911085,118.62807263605963,104.00441762514856,711.2067232682128,30.95809097293072,,,,,,,6.688827667275113,45.73978025523992,47.571392077484965,18.401846977693236,,0.9614976198455221,,,,,,104473.0,714411.0,743019.0,1561903.0,proyeccion_oficial,Proyección
2048,36,,,14.701034788861044,121.56003104795423,106.85899625909319,726.8807794405064,31.453538813806425,,,,,,,6.6352377363944175,45.13449448757123,48.23026777603435,18.99974966966719,,0.9358126456432112,,,,,,102843.0,699563.0,747546.0,1549952.0,proyeccion_oficial,Proyección
2049,36,,,14.701064343615974,123.63509133336825,108.93402698975227,740.9941514680706,31.795496698235777,,,,,,,6.573684056453108,44.71570154924034,48.71061439430655,19.75949857045742,,0.9179868105803826,,,,,,101051.0,687372.0,748782.0,1537205.0,proyeccion_oficial,Proyección
2050,36,,,14.630646166202583,124.95814373750586,110.3274975713033,754.0849277468313,31.9290367043863,,,,,,,6.503719280007246,44.45271388649338,49.04356683349938,20.390672069368808,,0.9063923518737588,,,,,,99096.0,677318.0,747268.0,1523682.0,proyeccion_oficial,Proyección
2051,36,,,14.524502065428708,126.09045349565196,111.56595143022325,768.1223833192403,31.9678700710769,,,,,,,6.424199624911643,44.23008510703135,49.345715268057006,21.092989716537343,,0.8963308134609782,,,,,,96974.0,667658.0,744879.0,1509511.0,proyeccion_oficial,Proyección
2052,36,,,14.380189892932707,127.0207831146876,112.6405932217549,783.3039345128069,31.93828174131787,,,,,,,6.334305474432288,44.04883052027948,49.616864005288235,21.69527223630589,,0.8877794153936188,,,,,,94675.0,658371.0,741593.0,1494639.0,proyeccion_oficial,Proyección
2000,37,13210.0,21980.0,28.525411502668025,45.070938995550065,16.54552749288204,58.00276532850196,156.61471264040748,17061.0,35190.0,1368000.0,2172000.0,1415000.0,,19.66307773298622,68.93179343318886,11.40512883382492,1.7733130449205652,,6.04392939681255,12.6,3.4,63.0,65.2,1.578,545324.0,1911713.0,316303.0,2773340.0,estimado,Histórico
2001,37,9182.0,21318.0,28.37558987955498,45.60965884033706,17.234068960782086,60.73554429682352,152.993676198194,15884.0,30500.0,1375000.0,2166000.0,1413000.0,,19.48743655162958,68.67676278924006,11.835800659130363,1.8597980533673613,,5.80246024473735,10.9,2.7,63.5,65.2,1.402,537262.0,1893395.0,326309.0,2756966.0,estimado,Histórico
2002,37,4497.0,21525.0,27.928131665451474,45.957086159969236,18.028954494517762,64.55481773891985,148.3065303920568,14600.0,26022.0,1379000.0,2159000.0,1410000.0,,19.13448151112183,68.51328882408615,12.352229664792016,1.9685658009654632,,5.546633335305604,9.4,2.2,63.9,65.3,1.232,523617.0,1874873.0,338020.0,2736510.0,estimado,Histórico
2003,37,4251.0,21196.0,27.399067592513486,46.24100927541059,18.841941682897104,68.76855067887591,143.74050340225938,14240.0,25447.0,1363000.0,2145000.0,1394000.0,,18.73555696057443,68.38027205602329,12.88417098340229,2.0766548719029503,,5.30730864594334,9.3,2.2,63.6,65.0,1.253,506720.0,1849406.0,348464.0,2704590.0,estimado,Histórico
2004,37,2869.0,20684.0,26.7879599616853,46.53479748923428,19.746837527548987,73.7153465803025,139.02454355204873,14000.0,23553.0,1363000.0,2131000.0,1400000.0,,18.280954708831786,68.24317616936473,13.47586912180348,2.204191413763975,,5.064102029526962,8.7,2.6,63.9,65.7,1.203,488011.0,1821755.0,359739.0,2669505.0,estimado,Histórico
2005,37,2029.0,20310.0,26.022983045792103,46.46524511658607,20.44226207079397,78.55464546405823,133.90742137248816,14639.0,22339.0,1355000.0,2131000.0,1389000.0,,17.767343389264706,68.27558300291662,13.957073607818677,2.322696894296569,,4.891826533369359,8.3,2.5,63.6,65.2,1.173,471137.0,1810465.0,370100.0,2651702.0,estimado,Histórico
2006,37,2624.0,19943.0,25.218330072150565,46.33612046314496,21.117790390994394,83.73984451220846,129.18298065783878,16178.0,22567.0,1365000.0,2150000.0,1398000.0,,17.2331547346862,68.33582828593929,14.431016979374514,2.4456692812463126,,4.735343904286722,8.4,2.4,63.5,65.0,1.208,457142.0,1812737.0,382810.0,2652689.0,estimado,Histórico
2007,37,5087.0,19975.0,24.346843783279866,46.16754196511413,21.820698181834267,89.62434053493035,125.38865219696831,16623.0,25062.0,1359000.0,2160000.0,1388000.0,,16.65680592007953,68.41464161986595,14.92855246005452,2.581334136315869,,4.582804783178295,9.3,2.1,62.9,64.3,1.369,440319.0,1808526.0,394633.0,2643478.0,estimado,Histórico
2008,37,3884.0,19654.0,23.541938768733537,46.06269231620658,22.52075354747305,95.66227220581874,121.0451788623466,15634.0,23538.0,1360000.0,2171000.0,1390000.0,,16.1176946661837,68.46375238894893,15.418552944867377,2.731623848719857,,4.440348756057523,8.8,2.1,62.7,64.0,1.313,425384.0,1806920.0,406932.0,2639236.0,estimado,Histórico
2009,37,2746.0,19627.0,22.63292737674791,45.636114139629306,23.0031867628814,101.63593237397066,116.33731448787981,14499.0,22373.0,1354000.0,2183000.0,1391000.0,,15.540738305506066,68.66428741989404,15.794974274599902,2.9046753679626236,,4.3472237577692,8.4,2.7,62.0,63.7,1.274,409369.0,1808732.0,416066.0,2634167.0,estimado,Histórico
2010,37,3451.0,20249.0,21.591304228029813,44.95394492126689,23.36264069323708,108.2039345400345,110.1567904462752,15592.0,23700.0,1370000.0,2199000.0,1410000.0,,14.895285699024841,68.9874291136512,16.117285187323958,3.087388702207195,,4.280338053948995,8.9,2.8,62.3,64.1,1.377,391812.0,1814675.0,423956.0,2630443.0,estimado,Histórico
2011,37,4013.0,20237.0,20.829755782837015,44.009016243939485,23.179260461102473,111.27955940895558,104.96770507821647,15942.0,24250.0,1375000.0,2222000.0,1411000.0,,14.464202538230738,69.44009660520713,16.095700856562136,3.2157753218157183,,4.314201489206774,9.1,2.6,61.9,63.5,1.434,382577.0,1836685.0,425730.0,2644992.0,estimado,Histórico
2012,37,3991.0,20644.0,20.14690507958846,43.635925057965366,23.489019978376906,116.58872608763349,101.10445218275021,15383.0,24635.0,1395000.0,2243000.0,1432000.0,,14.026369149262639,69.62046574326321,16.353165107474148,3.393611232963884,,4.257308312226572,9.2,2.5,62.2,63.8,1.489,372506.0,1848949.0,434300.0,2655755.0,estimado,Histórico
2013,37,1961.0,20245.0,19.518152961015772,43.45437823197319,23.93622527095742,122.63570901798957,97.51012501187368,15421.0,22206.0,1403000.0,2260000.0,1448000.0,,13.605825908954763,69.70857301984523,16.6856010712,3.5792976995731958,,4.177768168038307,8.3,3.1,62.1,64.1,1.379,362043.0,1854904.0,443994.0,2660941.0,estimado,Histórico
2014,37,1758.0,20304.0,18.904005470740234,43.36656643417452,24.462560963434285,129.40411491785497,92.72796848373393,14183.0,22062.0,1441000.0,2280000.0,1485000.0,,13.185783785524249,69.75126941183606,17.06294680263969,3.7691478822668727,,4.0878794395025215,8.2,2.9,63.2,65.1,1.408,352182.0,1863002.0,455738.0,2670922.0,estimado,Histórico
2015,37,1448.0,20862.0,18.215954311807163,43.110589497829636,24.894635186022473,136.66390879058332,87.46808466292192,14273.0,22310.0,1433000.0,2298000.0,1478000.0,,12.72858589691116,69.87603108260312,17.39538302048572,3.9956038013748767,,4.0169297221172675,8.3,3.0,62.4,64.3,1.464,340842.0,1871118.0,465808.0,2677768.0,estimado,Histórico
2016,37,-362.0,20978.0,17.728359394364208,43.03169700087152,25.30333760650731,142.72802713234233,81.62118799665463,13363.0,20616.0,1443000.0,2313000.0,1490000.0,60706.0,12.39470674409756,69.91457285121261,17.690720404689827,4.286860512220036,2.263317486705722,3.9520478110477733,7.7,3.2,62.4,64.4,1.396,332592.0,1876045.0,474702.0,2683339.0,estimado,Histórico
2017,37,-3321.0,21278.0,17.43842253169367,43.98951914107768,26.551096609384008,152.25629818940558,76.6771565472495,12190.0,17957.0,1447000.0,2316000.0,1488000.0,63978.0,12.110897123427366,69.44949923891492,18.43960363765771,4.605349725321554,2.3898623040666283,3.7663227802296046,6.7,2.8,62.5,64.2,1.256,323982.0,1857863.0,493283.0,2675128.0,estimado,Histórico
2018,37,-6210.0,22289.0,17.14071273035814,44.76231498837657,27.621602258018434,161.1461710638056,72.14747546129102,11687.0,16079.0,1427000.0,2316000.0,1488000.0,74071.0,11.84059037169613,69.07875161296593,19.080658015337942,4.861475570388114,2.771182781860315,3.620354788468885,6.0,4.1,61.6,64.2,1.167,316759.0,1847992.0,510445.0,2675196.0,estimado,Histórico
2019,37,-7231.0,21703.0,16.818986796863506,45.55098437746912,28.73199758060561,170.8307279601629,67.96387051502059,10637.0,14472.0,1430000.0,2318000.0,1488000.0,81840.0,11.55539199463294,68.70444774228523,19.740160263081837,5.213342178601539,3.0672892194378587,3.4804402206792964,5.5,3.9,61.7,64.2,1.089,308657.0,1835170.0,527281.0,2671108.0,estimado,Histórico
2020,37,-9926.0,22799.0,16.646206277369586,47.23645935878195,30.59025308141236,183.76711529160622,63.24173397344129,9046.0,12873.0,1418000.0,2321000.0,1478000.0,74547.0,11.305763769289337,67.91796029020408,20.77627594050658,5.5649601080628965,2.8186710537111725,3.269015124976631,4.9,4.0,61.1,63.7,1.003,299805.0,1801041.0,550943.0,2651789.0,estimado,Histórico
2021,37,-10883.0,22928.0,16.387810155726086,48.68955739376567,32.301747238039574,197.10838074819276,59.40563732193296,8163.0,12045.0,1410000.0,2312000.0,1457000.0,72798.0,11.021493669745233,67.25421862355537,21.724287706699393,5.889391990323892,2.762403265796789,3.095807767396458,4.6,3.2,61.0,63.0,0.966,291048.0,1776003.0,573680.0,2640731.0,estimado,Histórico
2022,37,-16529.0,27840.0,15.993763705474532,50.04980691604606,34.056043210571524,212.9332647256407,56.14056032246651,8180.0,11311.0,1462000.0,2325000.0,1499000.0,78148.0,10.658969867534156,66.64453760740307,22.696492525062776,6.224588241432988,2.9823235089050297,2.9363364199913407,4.3,2.5,62.9,64.5,0.93,279852.0,1749757.0,595898.0,2625507.0,estimado,Histórico
2023,37,-15097.0,25283.0,15.391007705283746,51.12008726675096,35.729079561467216,232.14256171934338,53.86297328943027,8128.0,10186.0,1462000.0,2303000.0,1501000.0,91311.0,10.184620710360083,66.17253987121124,23.64283941842868,6.5771415267166216,3.525684587702905,2.798840642618936,4.0,2.6,63.5,65.2,0.86,265962.0,1728035.0,617411.0,2611408.0,proyeccion_oficial,Histórico
2024,37,-14965.0,25298.0,14.848838111175613,52.60904973546964,37.760211624294016,254.29741601044674,51.702860720250584,9067.0,10333.0,1462000.0,2284000.0,1500000.0,101152.0,9.729985303567764,65.52691349126319,24.743101205169047,6.776414401656535,3.9221418852818477,2.6482902425171364,4.1,2.5,64.0,65.7,0.897,252710.0,1701884.0,642635.0,2597229.0,proyeccion_oficial,Histórico
2025,37,-15709.0,26126.0,14.43731052611382,54.89945892014275,40.46214839402894,280.2609829638428,49.70207755723076,9160.0,10417.0,1479000.0,2283000.0,1519000.0,110929.0,9.320439610803847,64.55800471940593,26.12155566979023,6.917614780039762,4.3203969519759,2.4714456342302666,4.1,2.6,64.8,66.5,0.927,240782.0,1667776.0,674818.0,2583376.0,proyeccion_oficial,Histórico
2026,37,,,13.898386404847335,57.28112858028472,43.38274217543739,312.1422941609021,48.7162102861155,,,,,,,8.836652261019893,63.58041864441139,27.58292909456872,6.858680566228687,,2.3050640643139975,,,,,,227107.0,1634053.0,708897.0,2570057.0,proyeccion_oficial,Proyección
2027,37,,,13.319729972034771,59.0199984332509,45.70026846121612,343.1020640595973,48.11933096610885,,,,,,,8.376135142288891,62.885172296096634,28.73869256161447,7.1225572472972996,,2.188170953193979,,,,,,214238.0,1608426.0,735055.0,2557719.0,proyeccion_oficial,Proyección
2028,37,,,12.788143784697445,61.06358267417675,48.275438889479304,377.501533469202,48.07898159042454,,,,,,,7.939810832699032,62.08728151930831,29.97290764799266,7.433272613159075,,2.071446729442227,,,,,,202156.0,1580808.0,763142.0,2546106.0,proyeccion_oficial,Proyección
2029,37,,,12.29927999958945,62.61091239396288,50.311632394373426,409.06160682619486,47.12522193119694,,,,,,,7.563625231861177,61.49648786037598,30.939886907762844,7.774282601200352,,1.9876119147981262,,,,,,191732.0,1558888.0,784302.0,2534922.0,proyeccion_oficial,Proyección
2030,37,,,11.838203998949325,64.5068316633567,52.668627664407374,444.903869447442,47.31106567092096,,,,,,,7.196177738791285,60.787749049010856,32.01607321219786,8.083675158511397,,1.8986634821240733,,,,,,181628.0,1534253.0,808070.0,2523951.0,proyeccion_oficial,Proyección
2031,37,,,11.412424736021078,66.53441765593875,55.12199291991767,482.99983741348075,47.68503852090509,,,,,,,6.852892571191636,60.04764745183226,33.09945997697611,8.28287322013449,,1.81415791960356,,,,,,172216.0,1509022.0,831803.0,2513041.0,proyeccion_oficial,Proyección
2032,37,,,11.152836313335586,68.74744135259797,57.59460503926238,516.4121791189187,47.5149631597082,,,,,,,6.609188396540912,59.26015778280743,34.13065382065165,8.738604830364897,,1.736273734872038,,,,,,165365.0,1482717.0,853965.0,2502047.0,proyeccion_oficial,Proyección
2033,37,,,11.028209426806626,71.34831112850777,60.32010170170115,546.9618808206446,46.746602383672865,,,,,,,6.43613546826014,58.3606569223796,35.20320760936026,9.198671766445441,,1.6578221385389307,,,,,,160313.0,1453663.0,876851.0,2490827.0,proyeccion_oficial,Proyección
2034,37,,,11.037777442842232,74.61287946123582,63.57510201839359,575.9773862773499,46.348482717017845,,,,,,,6.321284819824889,57.269544095800825,36.40917108437428,9.599282356960456,,1.5729428160582097,,,,,,156719.0,1419842.0,902666.0,2479227.0,proyeccion_oficial,Proyección
2035,37,,,11.136486351076536,77.85664287017032,66.72015651909379,599.1131710285274,44.99213842174288,,,,,,,6.261495871821789,56.22505765668635,37.513446471491854,10.21575152298769,,1.498797443189185,,,,,,154483.0,1387179.0,925528.0,2467190.0,proyeccion_oficial,Proyección
2036,37,,,11.339605029477564,81.42303795166966,70.08343292219209,618.0412169560457,42.98440270797206,,,,,,,6.250366633425236,55.119791361138816,38.62984200543595,10.818985745292427,,1.4268707429189695,,,,,,153432.0,1353063.0,948273.0,2454768.0,proyeccion_oficial,Proyección
2037,37,,,11.58781542264893,84.95476758171677,73.36695215906785,633.1387710548848,40.73444078809111,,,,,,,6.2652158547517285,54.06727347853738,39.66751066671089,11.494248637253204,,1.3630115066411468,,,,,,152993.0,1320292.0,968658.0,2441943.0,proyeccion_oficial,Proyección
2038,37,,,11.86947261805082,88.63804066009348,76.76856804204266,646.7732014082479,38.76191194589022,,,,,,,6.292194605349192,53.01157690679676,40.69622848785405,12.168845949235536,,1.3026164555425148,,,,,,152814.0,1287454.0,988360.0,2428628.0,proyeccion_oficial,Proyección
2039,37,,,12.192543025450732,92.40836549103474,80.21582246558403,657.9088734658668,37.19511095191096,,,,,,,6.336805052282846,51.97279221451496,41.6904027332022,12.948959519619008,,1.2466368470248401,,,,,,153018.0,1255013.0,1006719.0,2414750.0,proyeccion_oficial,Proyección
2040,37,,,12.512518390208417,95.74709100339587,83.23457261318745,665.2103918450348,35.362024649047655,,,,,,,6.392186124488229,51.08632750933968,42.52148636617209,13.911924750952299,,1.201423841805806,,,,,,153428.0,1226196.0,1020619.0,2400243.0,proyeccion_oficial,Proyección
2041,37,,,12.816271360452266,98.76241460402434,85.94614324357207,670.6017750902175,33.40557707369934,,,,,,,6.4480356540168415,50.3113227916961,43.24064155428706,14.942697404141047,,1.1635193416020913,,,,,,153795.0,1199998.0,1031352.0,2385145.0,proyeccion_oficial,Proyección
2042,37,,,13.067962007052044,101.46388994935009,88.39592794229806,676.4323916353273,32.055256505252146,,,,,,,6.486503368091151,49.63668676562382,43.87680986628503,15.690143210872767,,1.1312738304560441,,,,,,153694.0,1176113.0,1039636.0,2369443.0,proyeccion_oficial,Proyección
2043,37,,,13.29243921635325,104.19331017600553,90.90087095965228,683.8539524620878,31.275404598180177,,,,,,,6.509732960837826,48.97320089174541,44.51706614741677,16.501454653318252,,1.1000994703822642,,,,,,153183.0,1152407.0,1047548.0,2353138.0,proyeccion_oficial,Proyección
2044,37,,,13.488631583608226,106.88649294870376,93.39786136509552,692.4190996408805,30.919593306382847,,,,,,,6.519822242311705,48.335683289287715,45.14449446840058,17.05845440528993,,1.0706883277454982,,,,,,152317.0,1129225.0,1054672.0,2336214.0,proyeccion_oficial,Proyección
2045,37,,,13.70204601261484,110.23405281693972,96.53200680432488,704.5079743233406,31.222631724620157,,,,,,,6.517519797111951,47.566033504131944,45.916446698756104,17.70556216896986,,1.035925837558779,,,,,,151110.0,1102828.0,1064582.0,2318520.0,proyeccion_oficial,Proyección
2046,37,,,13.89803647619145,113.64842733234059,99.75039085614914,717.7300982554642,31.95952178498352,,,,,,,6.505096550311776,46.805867587522705,46.689035862165525,18.34984210107531,,1.0025023375017228,,,,,,149610.0,1076483.0,1073796.0,2299889.0,proyeccion_oficial,Proyección
2047,37,,,14.075574243134028,117.11693955355476,103.04136531042074,732.05798591616,32.69184004531085,,,,,,,6.482946135882734,46.058128953744614,47.45892491037265,18.931927070199865,,0.9704840352099531,,,,,,147829.0,1050252.0,1082194.0,2280275.0,proyeccion_oficial,Proyección
2048,37,,,14.19137480738212,119.96343788967705,105.77206308229492,745.3264008450684,33.30573373784967,,,,,,,6.451697129092801,45.46210086521521,48.08620200569199,19.546358338323003,,0.9454292285307508,,,,,,145787.0,1027293.0,1086589.0,2259669.0,proyeccion_oficial,Proyección
2049,37,,,14.23032979065256,121.96581094858946,107.73548115793692,757.0835162843861,33.80453686437752,,,,,,,6.411045795673691,45.05198326383763,48.536970940488686,20.285000902580308,,0.9281993167450848,,,,,,143481.0,1008276.0,1086271.0,2238028.0,proyeccion_oficial,Proyección
2050,37,,,14.200115484961259,123.2486544389658,109.04853895400453,767.9412119534749,34.14347977084787,,,,,,,6.360672372537611,44.79310312140722,48.84622450605517,20.92079955619332,,0.9170228318435233,,,,,,140913.0,992337.0,1082129.0,2215379.0,proyeccion_oficial,Proyección
2051,37,,,14.13666979997993,124.43738595661283,110.3007161566329,780.2454023279903,34.46487638055727,,,,,,,6.2987143339446865,44.55585666967781,49.145428996377504,21.56510908543429,,0.9066124272302518,,,,,,138059.0,976602.0,1077199.0,2191860.0,proyeccion_oficial,Proyección
2052,37,,,14.030112732971247,125.38982356421704,111.35971083124578,793.7192875831042,34.69484019724368,,,,,,,6.224820850873,44.3675754382533,49.4076037108737,22.13467511400399,,0.8979908375618876,,,,,,134921.0,961653.0,1070894.0,2167468.0,proyeccion_oficial,Proyección
2000,38,21425.0,20255.0,31.503487827069947,44.303485164969416,12.799997337899468,40.63041339473795,178.00001551097014,19900.0,41680.0,1361000.0,2311000.0,1411000.0,,21.831411619099008,69.2983955901542,8.870192790746783,1.1432116066466573,,7.812501624817556,13.5,3.5,58.9,61.0,1.586,662708.0,2103602.0,269261.0,3035571.0,estimado,Histórico
2001,38,16996.0,19479.0,31.121322214786495,44.33968117296975,13.218358958183257,42.47364191969612,174.10863768834872,18849.0,36475.0,1387000.0,2329000.0,1434000.0,,21.561168738825323,69.28101765734455,9.157813603830126,1.2285624192199374,,7.565235617851922,11.8,3.3,59.5,61.6,1.417,657104.0,2111427.0,279096.0,3047627.0,estimado,Histórico
2002,38,12420.0,19783.0,30.698949034054905,44.40360516644567,13.704656132390758,44.64210197289793,168.33197796633576,17905.0,32203.0,1412000.0,2356000.0,1448000.0,,21.259129229266822,69.25034862165373,9.490522149079448,1.3156578924652444,,7.296790159050502,10.3,2.5,60.0,61.5,1.272,652644.0,2125949.0,291354.0,3069947.0,estimado,Histórico
2003,38,12565.0,19537.0,30.203962663196947,44.32362604435552,14.11966338115858,46.74771829976855,161.04687875872023,17558.0,32102.0,1466000.0,2384000.0,1504000.0,,20.927940553485158,69.28872475062859,9.783334695886264,1.3990133393393374,,7.082321816073959,10.3,2.5,61.5,63.1,1.29,647653.0,2144265.0,302763.0,3094681.0,estimado,Histórico
2004,38,11441.0,19481.0,29.692956313893763,44.31574377679228,14.62278746289852,49.246654015573064,152.55842867926762,18375.0,30922.0,1492000.0,2404000.0,1529000.0,,20.574994478647277,69.29250917673004,10.132496344622686,1.4912327367048244,,6.838641418657265,9.8,2.4,62.1,63.6,1.266,638153.0,2149173.0,314269.0,3101595.0,estimado,Histórico
2005,38,9051.0,19420.0,28.977912351719787,44.07796414498036,15.100051793260574,52.1088324444615,144.71151399722308,18664.0,28471.0,1480000.0,2426000.0,1520000.0,,20.11266089418114,69.40686634034728,10.48047276547158,1.5908150407020358,,6.622493841023234,9.0,2.6,61.0,62.6,1.189,625512.0,2158582.0,325947.0,3110041.0,estimado,Histórico
2006,38,10542.0,18982.0,27.980301905696408,43.539682284353894,15.559380378657487,55.608336289930484,140.16252013603008,20789.0,29524.0,1497000.0,2461000.0,1533000.0,,19.49307777501352,69.66714598259927,10.839776242387217,1.6844256901813237,,6.426991150442478,9.3,2.3,60.8,62.3,1.254,608808.0,2175845.0,338548.0,3123201.0,estimado,Histórico
2007,38,14129.0,19184.0,27.018010121858126,43.03198809965716,16.013977977799037,59.27149299882526,135.05317398640372,21555.0,33313.0,1523000.0,2494000.0,1561000.0,,18.889487925619406,69.91443056103314,11.19608151334745,1.7843040544655107,,6.244544618372455,10.5,2.4,61.1,62.6,1.434,592472.0,2192878.0,351167.0,3136517.0,estimado,Histórico
2008,38,12152.0,19341.0,26.051960353502757,42.41902643264733,16.36706607914457,62.824700548663216,130.77882001920992,20497.0,31493.0,1557000.0,2536000.0,1592000.0,,18.292471874060467,70.2153374481126,11.492190677826931,1.8886318906341188,,6.109830528968362,9.8,2.2,61.4,62.8,1.368,579226.0,2223349.0,363897.0,3166472.0,estimado,Histórico
2009,38,11163.0,19157.0,25.03581407568619,41.679995242541615,16.644181166855425,66.48148574892801,125.46378005255521,19494.0,30320.0,1550000.0,2578000.0,1599000.0,,17.67067681843682,70.58159469077498,11.7477284907882,2.0216565110332687,,6.008105715596037,9.4,3.1,60.1,62.0,1.323,564133.0,2253304.0,375044.0,3192481.0,estimado,Histórico
2010,38,12701.0,19502.0,24.050172616231183,40.95223700120919,16.902064384978008,70.27834957646417,118.10124487431735,21170.0,32203.0,1564000.0,2619000.0,1609000.0,,17.06263988986912,70.94601840135543,11.99134170877544,2.153072347520237,,5.9164370530310295,9.9,2.8,59.7,61.4,1.413,548950.0,2282520.0,385793.0,3217263.0,estimado,Histórico
2011,38,12943.0,19593.0,23.035601427939735,39.97743768941232,16.94183626147259,73.54631618571045,113.88127514205439,20769.0,32536.0,1613000.0,2656000.0,1649000.0,,16.456653163670612,71.44008466699047,12.103262169338912,2.2899721146283554,,5.90254789720816,9.9,2.2,60.7,62.1,1.446,533971.0,2318025.0,392716.0,3244712.0,estimado,Histórico
2012,38,12792.0,20419.0,22.313041492255035,39.664530885989,17.351489393733967,77.76389157774281,110.43810092889348,20140.0,33211.0,1618000.0,2689000.0,1649000.0,,15.976169003474205,71.60014025438716,12.423690742138636,2.4583409253420996,,5.763194025068093,10.1,1.8,60.2,61.3,1.503,521701.0,2338099.0,405695.0,3265495.0,estimado,Histórico
2013,38,9510.0,19994.0,21.61446290572692,39.45434395560216,17.839881049875242,82.53677700753059,106.436707944843,20291.0,29504.0,1641000.0,2719000.0,1676000.0,,15.499311310523451,71.70805667540685,12.792632014069705,2.611345758725307,,5.60541854065217,8.9,2.1,60.3,61.6,1.367,508062.0,2350565.0,419338.0,3277965.0,estimado,Histórico
2014,38,9524.0,20239.0,20.932373788148993,39.24052284940125,18.30814906125226,87.46331995856839,100.82096159333864,19056.0,29763.0,1660000.0,2758000.0,1702000.0,,15.033248482403987,71.81817329726438,13.14857822033163,2.770933633350255,,5.462048602807263,9.0,2.5,60.2,61.7,1.409,497205.0,2375292.0,434872.0,3307369.0,estimado,Histórico
2015,38,8224.0,21313.0,20.23529068020169,39.0051591144355,18.769868434233814,92.75808650773841,94.57188311911275,18671.0,29537.0,1691000.0,2791000.0,1736000.0,,14.55722277440297,71.93977593139212,13.503001294204905,2.936223624194125,,5.3276878498313245,8.9,2.6,60.6,62.2,1.437,484789.0,2395760.0,449681.0,3330230.0,estimado,Histórico
2016,38,5945.0,21193.0,19.692965076785786,38.92483250975639,19.231867432970603,97.65856669111383,86.2836698466701,17580.0,27138.0,1704000.0,2812000.0,1763000.0,92185.0,14.175266380402359,71.98137164784936,13.843361971748278,3.123131202609695,2.7603332461980106,5.199703063081781,8.1,3.3,60.6,62.7,1.358,473129.0,2402528.0,462051.0,3337708.0,estimado,Histórico
2017,38,2215.0,21634.0,19.414657642959227,39.623628443577715,20.20897080061849,104.09130653894032,79.34367855625469,15978.0,23849.0,1723000.0,2830000.0,1775000.0,91072.0,13.904994347575448,71.62111536186747,14.473890290557081,3.375642916501336,2.722392328564344,4.94829751532619,7.1,2.9,60.9,62.7,1.227,464326.0,2391626.0,483323.0,3339275.0,estimado,Histórico
2018,38,-1495.0,22719.0,19.084103528632532,40.13555548772253,21.05145195908999,110.30883335707009,73.41407195553465,14996.0,21224.0,1746000.0,2845000.0,1801000.0,97494.0,13.618316538021299,71.35947736601447,15.022206095964233,3.5410994792518315,2.909964630560986,4.750266166644155,6.3,3.0,61.4,63.3,1.122,456395.0,2391493.0,503444.0,3351332.0,estimado,Histórico
2019,38,-2855.0,22105.0,18.700399554622386,40.70900050023079,22.008600945608407,117.6905385434307,68.62387805414676,13613.0,19250.0,1749000.0,2854000.0,1817000.0,105908.0,13.290123224627493,71.06865917922285,15.641217596149657,3.798227060226104,3.1640689302639897,4.543678185048559,5.7,3.8,61.3,63.7,1.046,445238.0,2380901.0,524003.0,3350142.0,estimado,Histórico
2020,38,-6058.0,22881.0,18.413912185495807,42.05684466597486,23.64293248047905,128.3971175832044,64.97736518549078,11900.0,16823.0,1729000.0,2854000.0,1802000.0,96669.0,12.96235477339605,70.3943553266545,16.643289899949433,4.0548336617058025,2.900311305900651,4.229593773215979,5.0,4.0,60.6,63.1,0.945,432970.0,2351320.0,555921.0,3340211.0,estimado,Histórico
2021,38,-7830.0,23392.0,18.13488872461001,43.41217421847255,25.27728549386254,139.3848392328976,60.328486532488604,10531.0,15562.0,1732000.0,2855000.0,1805000.0,91836.0,12.645292370355893,69.72908718869367,17.625620440950428,4.328307067899224,2.7779164174932873,3.95612100137416,4.7,4.1,60.7,63.2,0.903,419240.0,2311787.0,584357.0,3315384.0,estimado,Histórico
2022,38,-13368.0,27385.0,17.673829492558227,44.65723486197107,26.98340536941284,152.67435606286978,56.19693056530222,10504.0,14017.0,1740000.0,2851000.0,1800000.0,96303.0,12.217729385897794,69.12893094867873,18.65333966542347,4.607934198184889,2.935325187627883,3.7059814590101903,4.3,3.3,61.1,63.1,0.838,401592.0,2272241.0,613128.0,3286961.0,estimado,Histórico
2023,38,-13337.0,26386.0,16.933339515673122,45.63498574197886,28.701646226305737,169.49784890180777,53.58648290654441,10232.0,13049.0,1760000.0,2840000.0,1805000.0,117235.0,11.627247003459647,68.66481943917636,19.707933557364004,4.871396658887739,3.583909991232436,3.4841207090186916,4.0,2.5,62.0,63.6,0.799,379806.0,2242948.0,643763.0,3266517.0,proyeccion_oficial,Histórico
2024,38,-13782.0,26849.0,16.280779158548548,46.87351105043555,30.592731891887006,187.90705035651612,51.16746724394496,11429.0,13067.0,1758000.0,2830000.0,1799000.0,128519.0,11.084898183551845,68.08579660471284,20.829305211735306,5.034790351467652,3.9371762457635664,3.2687502493531593,4.0,2.3,62.1,63.6,0.82,360152.0,2212130.0,676751.0,3249033.0,proyeccion_oficial,Histórico
2025,38,-13450.0,27252.0,15.708828483849885,48.67568139768219,32.966852913832305,209.861944496531,49.633849795378936,11970.0,13802.0,1799000.0,2840000.0,1835000.0,135564.0,10.5658358758965,67.26049550263502,22.17366862146848,5.248525230811904,4.167822140456012,3.0333499003188678,4.3,2.0,63.3,64.6,0.88,341312.0,2172740.0,716284.0,3230336.0,proyeccion_oficial,Histórico
2026,38,,,14.99934790339212,50.68948660762456,35.69013870423244,237.94460221941424,49.55353838018859,,,,,,,9.953811802709525,66.36163029766419,23.684557899626284,5.2864564848403335,,2.8018944064272064,,,,,,319724.0,2131586.0,760766.0,3212076.0,proyeccion_oficial,Proyección
2027,38,,,14.254339503707127,52.08066223166586,37.82632272795874,265.36706746826985,49.50854239797628,,,,,,,9.37288100573455,65.75457953205719,24.872539462208255,5.566658589835339,,2.6436616828758392,,,,,,299400.0,2100413.0,794509.0,3194322.0,proyeccion_oficial,Proyección
2028,38,,,13.581775063911927,53.838904651974794,40.25712958806286,296.40550957900854,49.900161392577346,,,,,,,8.828569791651583,65.00306292886513,26.16836727948329,5.87046675510231,,2.4840320465782098,,,,,,280457.0,2064951.0,831290.0,3176698.0,proyeccion_oficial,Proyección
2029,38,,,12.921103953261317,54.91064620231035,41.98954224904904,324.9686899891459,48.9677238301794,,,,,,,8.341004488733848,64.5533424922919,27.10565301897424,6.1811574475628515,,2.3815453716279738,,,,,,263494.0,2039253.0,856273.0,3159020.0,proyeccion_oficial,Proyección
2030,38,,,12.303103802549249,56.49728802175562,44.19418421920637,359.2116666531673,48.92752534212742,,,,,,,7.861544412730605,63.89887087762084,28.239584709648557,6.510704615027054,,2.2627411675706632,,,,,,246926.0,2007022.0,886987.0,3140935.0,proyeccion_oficial,Proyección
2031,38,,,11.742448050249688,58.2635533649489,46.521105314699206,396.17893232842533,49.153460367033134,,,,,,,7.419552891733772,63.18574167825256,29.39470543001367,6.742846930706578,,2.1495619960775767,,,,,,231663.0,1972868.0,917800.0,3122331.0,proyeccion_oficial,Proyección
2032,38,,,11.354335165777302,60.27273872902348,48.91840356324617,430.8345918014592,48.70975739836006,,,,,,,7.084383317972945,62.39364273238765,30.52197394963941,7.146447883166518,,2.044220430675152,,,,,,219844.0,1936212.0,947164.0,3103220.0,proyeccion_oficial,Proyección
2033,38,,,11.13014665042785,62.64926532371171,51.519118673283856,462.8790643230512,47.39261031750622,,,,,,,6.843035305616748,61.481986900448405,31.67497779393485,7.546300334963778,,1.941026992991958,,,,,,211013.0,1895869.0,976735.0,3083617.0,proyeccion_oficial,Proyección
2034,38,,,11.074404404371904,65.77006702446236,54.69566262009046,493.892588918804,46.42568901546002,,,,,,,6.680581484435109,60.324521667258054,32.99489684830683,7.937909532575069,,1.8282985379405323,,,,,,204653.0,1847982.0,1010766.0,3063401.0,proyeccion_oficial,Proyección
2035,38,,,11.117952556029213,68.92700850695736,57.80905595092815,519.9613477355466,44.482281083358025,,,,,,,6.5815127221478695,59.1971650263856,34.221322251466525,8.605592381172746,,1.7298327806094274,,,,,,200247.0,1801114.0,1041207.0,3042568.0,proyeccion_oficial,Proyección
2036,38,,,11.27234104725835,72.43122187750406,61.15888083024571,542.5570480332542,41.90375616018553,,,,,,,6.537296972393011,57.99413755302416,35.468565474582824,9.22051167987968,,1.6350855123978278,,,,,,197509.0,1752156.0,1071599.0,3021264.0,proyeccion_oficial,Proyección
2037,38,,,11.50588137300276,75.95409167938085,64.4482103063781,560.1327548674235,39.287647607416034,,,,,,,6.539138284984294,56.83300629474278,36.62785542027292,9.88916692169676,,1.5516334670057321,,,,,,196151.0,1704789.0,1098706.0,2999646.0,proyeccion_oficial,Proyección
2038,38,,,11.7833282139079,79.68857398555417,67.90524577164628,576.2823927071596,36.96560374354769,,,,,,,6.557639115581831,55.65184128404256,37.7905196003756,10.602311394829924,,1.4726402778407268,,,,,,195260.0,1657087.0,1125249.0,2977596.0,proyeccion_oficial,Proyección
2039,38,,,12.081371695717204,83.31777257638367,71.23640088066648,589.6383512968107,35.01660788815514,,,,,,,6.590398479058115,54.55008458513353,38.85951693580836,11.366962762575165,,1.403776703535565,,,,,,194747.0,1611961.0,1148303.0,2955011.0,proyeccion_oficial,Proyección
2040,38,,,12.39608854885621,86.68914685642392,74.2930583075677,599.3266183502919,32.976507208520225,,,,,,,6.639962074704646,53.56497776322611,39.79506016206925,12.27596109246678,,1.346020776073149,,,,,,194689.0,1570568.0,1166823.0,2932080.0,proyeccion_oficial,Proyección
2041,38,,,12.70042260155028,89.75683775571048,77.05641515416019,606.7232372626269,30.963979346238506,,,,,,,6.692998656470326,52.69902322504878,40.607978118480894,13.319370892574009,,1.297750483200374,,,,,,194683.0,1532886.0,1181187.0,2908756.0,proyeccion_oficial,Proyección
2042,38,,,12.955959147341547,92.50607545170533,79.55011630436378,614.0040687044524,29.570830827768713,,,,,,,6.730155979202773,51.94641247833622,41.323431542461,14.048214904679377,,1.2570691866419612,,,,,,194165.0,1498654.0,1192181.0,2885000.0,proyeccion_oficial,Proyección
2043,38,,,13.19788457820345,95.43712727851573,82.23924270031229,623.1244273505158,28.823006912887323,,,,,,,6.753007866000435,51.167350540049064,42.0796415939505,14.860455572233878,,1.2159645044934282,,,,,,193181.0,1463727.0,1203758.0,2860666.0,proyeccion_oficial,Proyección
2044,38,,,13.422619651621003,98.44110511063633,85.01848545901532,633.3971137202561,28.563821711549757,,,,,,,6.7640318996094715,50.39278527714672,42.8431828232438,15.331673981872207,,1.1762147897613018,,,,,,191804.0,1428961.0,1214881.0,2835646.0,proyeccion_oficial,Proyección
2045,38,,,13.668707774066311,102.06006824465963,88.39136047059331,646.6694725766146,28.89238720949278,,,,,,,6.764675421922495,49.49023370561143,43.74509087246607,15.97121805441422,,1.131332287087817,,,,,,190075.0,1390585.0,1229157.0,2809817.0,proyeccion_oficial,Proyección
2046,38,,,13.906607885206048,105.82519245603407,91.91858457082803,660.9705639907464,29.658469784079237,,,,,,,6.756513971523001,48.58491752478784,44.65856850368916,16.605138737873776,,1.0879192762476104,,,,,,188035.0,1352127.0,1242856.0,2783018.0,proyeccion_oficial,Proyección
2047,38,,,14.113110090467096,109.39701017004286,95.28390007957577,675.1445958317627,30.386684037001725,,,,,,,6.739881376055182,47.756173748036815,45.503944875908,17.19604383590681,,1.0494952443853116,,,,,,185690.0,1315727.0,1253676.0,2755093.0,proyeccion_oficial,Proyección
2048,38,,,14.273383920133984,112.54167485349475,98.26829093336077,688.4722745721418,31.0028538502248,,,,,,,6.715569513589579,47.04959630572692,46.2348341806835,17.800626497414296,,1.0176222568866446,,,,,,183063.0,1282548.0,1260338.0,2725949.0,proyeccion_oficial,Proyección
2049,38,,,14.354725473336261,114.80712329334774,100.4523978200115,699.7862690345466,31.481019230385204,,,,,,,6.682611476404798,46.55339099878763,46.76399752480757,18.558378481852298,,0.9954963960061751,,,,,,180133.0,1254869.0,1260546.0,2695548.0,proyeccion_oficial,Proyección
2050,38,,,14.368547646182952,116.39447200463347,102.02592435845052,710.0642797781585,31.816376241334083,,,,,,,6.639979068354061,46.2119013825172,47.148119549128744,19.21638464376974,,0.98014304333737,,,,,,176883.0,1231043.0,1255983.0,2663909.0,proyeccion_oficial,Proyección
2051,38,,,14.3475107667802,117.8254995107138,103.4779887439336,721.2260748639651,32.13773565107901,,,,,,,6.586699352926086,45.90830744087493,47.50499320619899,19.8943397660652,,0.9663890960178959,,,,,,173301.0,1207882.0,1249892.0,2631075.0,proyeccion_oficial,Proyección
2052,38,,,14.273792886031178,118.91478174084706,104.6409888548159,733.0986913591912,32.301740329906885,,,,,,,6.5202508357469435,45.67987561405549,47.79987355019757,20.490990259052673,,0.955648461414532,,,,,,169336.0,1186342.0,1241400.0,2597078.0,proyeccion_oficial,Proyección
2000,39,5584.0,3049.0,33.14869103280654,45.10670221100158,11.958011178195045,36.0738563292302,187.126488939308,4022.0,8633.0,261000.0,394000.0,268000.0,,22.84435558641846,68.91480439999847,8.24084001358307,1.540495476761888,,8.36259462462671,16.0,2.7,66.1,68.0,1.783,119746.0,361239.0,43197.0,524182.0,estimado,Histórico
2001,39,4483.0,2970.0,33.252439902155714,45.7606786223481,12.50823872019238,37.61600278655487,180.505317955392,3708.0,7453.0,265000.0,398000.0,272000.0,,22.813038616751776,68.60560814147304,8.581353241775187,1.601353128257715,,7.994730692065172,13.7,2.5,66.5,68.2,1.564,120579.0,362617.0,45357.0,528553.0,estimado,Histórico
2002,39,3624.0,2906.0,33.22614867143104,46.313094347174136,13.086945675743097,39.387489068197944,172.0581783081783,3574.0,6530.0,273000.0,402000.0,279000.0,,22.708937173177052,68.34658268023391,8.94448014658905,1.6804156354159445,,7.641202346041056,11.9,2.2,67.8,69.4,1.394,121206.0,364791.0,47740.0,533737.0,estimado,Histórico
2003,39,3713.0,2870.0,33.12807578571878,46.78941998101527,13.661344195296493,41.2379646909217,163.084592015746,3379.0,6583.0,282000.0,406000.0,287000.0,,22.568435647476047,68.12480082892439,9.30676352359956,1.7933317057989298,,7.319923908690429,11.9,1.9,69.5,70.8,1.438,121102.0,365557.0,49940.0,536599.0,estimado,Histórico
2004,39,3214.0,2883.0,32.94983817887102,47.19582812576749,14.245989946896472,43.23538667947592,155.19420533277346,3325.0,6097.0,281000.0,409000.0,288000.0,,22.385035363038906,67.9367080394138,9.678256597547298,1.8867085028874409,,7.019519203141462,11.0,2.4,68.6,70.3,1.365,120746.0,366454.0,52205.0,539405.0,estimado,Histórico
2005,39,2766.0,2968.0,32.46508465356633,47.367376079417966,14.902291425851635,45.902518305044985,149.5046407341746,3382.0,5734.0,284000.0,413000.0,292000.0,,22.03003508461094,67.85762402806769,10.112340887321372,1.9422958734517832,,6.710377427361658,10.3,2.5,68.9,70.6,1.31,119366.0,367675.0,54792.0,541833.0,estimado,Histórico
2006,39,2830.0,3023.0,31.6459191048097,47.16883074699343,15.52291164218373,49.051859074696566,143.53806121184584,3576.0,5853.0,289000.0,418000.0,295000.0,,21.503139587494623,67.94917068541223,10.54768972709315,2.0060621443364197,,6.442090395480226,10.5,2.1,69.1,70.6,1.372,116913.0,369441.0,57348.0,543702.0,estimado,Histórico
2007,39,3247.0,2931.0,30.86688665290398,47.14532637613312,16.278439723229138,52.737549809538855,139.33476306347177,3495.0,6178.0,287000.0,421000.0,293000.0,,20.977143761944568,67.96002459798135,11.062831640074089,2.0970883796632136,,6.14309489731385,11.1,2.1,68.2,69.7,1.489,113934.0,369114.0,60086.0,543134.0,estimado,Histórico
2008,39,2780.0,2813.0,29.97252235091957,46.95111572224068,16.978593371321114,56.64719562983396,136.93231730985312,3445.0,5593.0,289000.0,425000.0,294000.0,,20.396253681783584,68.04984059393927,11.553905724277156,2.1691726696746056,,5.889769418055091,10.0,1.8,68.0,69.2,1.386,110934.0,370119.0,62841.0,543894.0,estimado,Histórico
2009,39,2610.0,2823.0,28.85260238106735,46.36267550848503,17.510073127417687,60.68802008274836,134.2810431453864,3279.0,5433.0,289000.0,430000.0,293000.0,,19.71308756199574,68.32342989945052,11.963482538553745,2.2851822390680385,,5.710998422012164,9.7,1.6,67.1,68.2,1.378,107555.0,372774.0,65273.0,545602.0,estimado,Histórico
2010,39,2640.0,3017.0,27.792634220196422,45.79278854980722,18.000154329610794,64.76591670655816,129.9337169771903,3515.0,5657.0,284000.0,436000.0,289000.0,,19.063106273395423,68.59049819589464,12.346395530709943,2.4355878718857054,,5.5555079233680225,10.0,1.8,65.2,66.3,1.463,104450.0,375819.0,67648.0,547917.0,estimado,Histórico
2011,39,2607.0,3021.0,26.573763116872247,44.85970308527667,18.285939968404424,68.81200787401575,126.94146507422064,3582.0,5628.0,294000.0,445000.0,299000.0,,18.344482662116658,69.03231048398017,12.623206853903168,2.5635331184717747,,5.468682505399568,9.9,1.7,66.0,67.1,1.487,101600.0,382332.0,69913.0,553845.0,estimado,Histórico
2012,39,2754.0,3238.0,25.681736796139766,44.480025144076066,18.798288347936303,73.19710694473702,124.60154593337438,3482.0,5992.0,303000.0,454000.0,307000.0,,17.775285386702993,69.2137199590598,13.010994654237203,2.6951702691425736,,5.3196332638965025,10.4,1.5,66.7,67.7,1.598,99687.0,388163.0,72968.0,560818.0,estimado,Histórico
2013,39,2011.0,3317.0,24.8326387853455,44.05674991976265,19.22411113441715,77.41469322125317,121.62671344117454,3638.0,5328.0,309000.0,465000.0,315000.0,,17.23809456979759,69.4170874018041,13.344818028398306,2.8729865236108725,,5.201800972788221,9.1,1.8,66.4,67.7,1.427,98263.0,395701.0,76070.0,570034.0,estimado,Histórico
2014,39,2226.0,3300.0,24.07975233660959,43.551991101442574,19.47223876483298,80.86561062851302,115.8041788143829,3593.0,5526.0,322000.0,479000.0,329000.0,,16.774237787892034,69.6611723966503,13.56458981545767,3.044562729820772,,5.1355163218623225,9.3,2.0,67.3,68.7,1.481,97850.0,406358.0,79127.0,583335.0,estimado,Histórico
2015,39,2261.0,3339.0,23.116556587825773,42.67836819824667,19.561811610420904,84.6225151920898,108.51759707041624,3676.0,5600.0,339000.0,495000.0,346000.0,,16.20186499168964,70.08770934431593,13.710425663994446,3.18563809549238,,5.112000973709835,9.2,1.9,68.5,69.8,1.477,97090.0,420002.0,82160.0,599252.0,estimado,Histórico
2016,39,1952.0,3542.0,22.346488103718478,42.038200460501216,19.69171235678274,88.11994200335229,100.31908758890242,3705.0,5494.0,355000.0,512000.0,363000.0,17476.0,15.732731076054934,70.40359542418207,13.86367349976299,3.354693837270817,2.803642360732322,5.078278525917801,8.7,2.2,69.3,70.8,1.432,97247.0,435178.0,85694.0,618119.0,estimado,Histórico
2017,39,1299.0,3738.0,21.687418488256736,41.54763629878164,19.860217810524908,91.5748355263158,93.16271004006458,3654.0,5037.0,374000.0,528000.0,382000.0,20400.0,15.321639453221591,70.64759441755562,14.030766129222783,3.4859564763379267,3.178773273996232,5.035191504647299,7.8,1.9,70.9,72.3,1.305,97280.0,448555.0,89084.0,634919.0,estimado,Histórico
2018,39,869.0,3912.0,21.14914583521926,41.07685543212591,19.92770959690664,94.22465451877217,86.29574392307008,3638.0,4781.0,372000.0,544000.0,379000.0,25287.0,14.991222883752481,70.88334914589262,14.12542797035489,3.5863190042518216,3.8413628201895236,5.018138161523735,7.3,2.0,68.4,69.8,1.22,98124.0,463962.0,92457.0,654543.0,estimado,Histórico
2019,39,541.0,3959.0,20.683009542670035,41.04771759986231,20.364708057192274,98.461048500601,80.1431697007031,3358.0,4500.0,382000.0,558000.0,390000.0,28017.0,14.663838518355595,70.89799232603649,14.438169155607913,3.7889253287496443,4.2127786265051546,4.910455859183439,6.8,2.1,68.4,69.9,1.145,97339.0,470623.0,95841.0,663803.0,estimado,Histórico
2020,39,37.0,3952.0,20.416373157255975,41.881529700323355,21.46515654306738,105.13697206518124,76.96873927914254,2981.0,3989.0,378000.0,563000.0,388000.0,26831.0,14.389732899256616,70.48133764219776,15.128929458545622,3.9853506585175094,3.999505111364849,4.658712821374559,6.0,2.5,67.1,68.8,1.021,96224.0,471308.0,101167.0,668699.0,estimado,Histórico
2021,39,-501.0,4229.0,20.275020722195062,42.840534738900345,22.565514016705276,111.29711937607448,70.85327395645471,2661.0,3728.0,383000.0,568000.0,395000.0,25210.0,14.194164674093374,70.00813892414433,15.797696401762293,4.212451214812544,3.7453183520599254,4.431540975577595,5.6,3.1,67.4,69.6,0.951,95396.0,470510.0,106173.0,672079.0,estimado,Histórico
2022,39,-1207.0,4806.0,19.821777042740347,43.38678888317298,23.565011840432636,118.88445616970165,66.20524777899118,2718.0,3599.0,402000.0,574000.0,410000.0,26150.0,13.823991175986587,69.74143209349421,16.434576730519197,4.40103599135982,3.8661984845684714,4.24357945063371,5.3,2.1,69.9,71.4,0.919,93246.0,470422.0,110855.0,674523.0,estimado,Histórico
2023,39,-1455.0,4677.0,19.017847282982643,43.67806083876284,24.660213555780192,129.66879578345544,63.30730265934994,2614.0,3222.0,401000.0,579000.0,409000.0,28824.0,13.23643092895351,69.60004848076363,17.163520590282857,4.596212883762935,4.259072915789334,4.055114923226634,4.8,1.9,69.2,70.6,0.827,89552.0,470884.0,116121.0,676557.0,proyeccion_oficial,Histórico
2024,39,-1746.0,4902.0,18.366271973963126,44.45774361390061,26.091471639937474,142.06188211154637,60.29685121010303,2744.0,3156.0,400000.0,578000.0,410000.0,30511.0,12.71394077914686,69.22439565944971,18.06166356140343,4.791443406392247,4.521373942861546,3.8326699766115464,4.7,2.3,69.3,71.0,0.826,85776.0,467030.0,121855.0,674661.0,proyeccion_oficial,Histórico
2025,39,-1382.0,4661.0,17.803214597873872,45.5012421798642,27.69802758199033,155.57879971462086,58.261117550735044,2783.0,3279.0,403000.0,577000.0,412000.0,30447.0,12.235781860794068,68.72793558448322,19.03628255472271,4.975571936282851,4.548714133328553,3.6103653844659136,4.9,2.2,69.8,71.4,0.87,82697.0,464506.0,128659.0,675862.0,proyeccion_oficial,Histórico
2026,39,,,17.06717410342628,46.35997015925874,29.29279605583246,171.63237380904116,57.03731767380186,,,,,,,11.661094276566857,68.32469280445122,20.01421291898193,5.126106413690498,,3.413808630947987,,,,,,78928.0,462455.0,135466.0,676849.0,proyeccion_oficial,Proyección
2027,39,,,16.326690011585676,47.04326620584317,30.716576194257495,188.1371923669803,56.530570790168596,,,,,,,11.103323826288136,68.0071944675194,20.889481706192463,5.377111973122555,,3.255571173283796,,,,,,75252.0,460914.0,141577.0,677743.0,proyeccion_oficial,Proyección
2028,39,,,15.71588318030524,48.18943450950929,32.47355132920405,206.6288668389894,56.67404097550739,,,,,,,10.605265640106586,67.48119414247647,21.913540217416934,5.631735326714929,,3.079429132534334,,,,,,71958.0,457868.0,148686.0,678512.0,proyeccion_oficial,Proyección
2029,39,,,15.135023634073445,49.02786494564382,33.89284131157038,223.93649412788167,55.617172142053896,,,,,,,10.155834708894048,67.10154509458606,22.74262019651989,5.871300527007865,,2.9504755615122145,,,,,,68970.0,455698.0,154449.0,679117.0,proyeccion_oficial,Proyección
2030,39,,,14.56032620567462,49.93700505945354,35.37667885377893,242.96625195108277,55.2955927635002,,,,,,,9.710962413782447,66.69467618107194,23.59436140514561,6.050643752823639,,2.826720970991262,,,,,,65989.0,453211.0,160331.0,679531.0,proyeccion_oficial,Proyección
2031,39,,,14.067927784474286,51.1762377294542,37.108309944979915,263.7795026637368,55.62153025063711,,,,,,,9.305647498418583,66.14796181061241,24.546390690969005,6.239316239316239,,2.6948141844311664,,,,,,63257.0,449654.0,166859.0,679770.0,proyeccion_oficial,Proyección
2032,39,,,13.694248957819713,52.363171814066064,38.668922856246354,282.3734472430893,54.771169009256084,,,,,,,8.987899631369757,65.63265834478254,25.379442023847698,6.464709464647683,,2.586056000880991,,,,,,61101.0,446180.0,172533.0,679814.0,proyeccion_oficial,Proyección
2033,39,,,13.477026662709587,53.98264171290181,40.505615050192226,300.55305271651423,53.81076508769507,,,,,,,8.752302540592392,64.94238499067212,26.30531246873547,6.703114976959881,,2.468793520999144,,,,,,59488.0,441403.0,178793.0,679684.0,proyeccion_oficial,Proyección
2034,39,,,13.415940596335549,56.190487137635344,42.7745465412998,318.8337502998732,52.97099359394527,,,,,,,8.589473560264523,64.02438575652806,27.386140683207415,6.949822861793931,,2.337838927256604,,,,,,58358.0,434990.0,186065.0,679413.0,proyeccion_oficial,Proyección
2035,39,,,13.473450811063135,58.47683510327927,45.003384292216126,334.01527881234085,51.22262869545431,,,,,,,8.501842431597334,63.10070486631694,28.397452702085737,7.451170407985932,,2.222055109248666,,,,,,57727.0,428450.0,192817.0,678994.0,proyeccion_oficial,Proyección
2036,39,,,13.649385695688942,61.16437510095876,47.51498940526981,348.1108268504499,48.92224889850408,,,,,,,8.469232537983975,62.04845204615267,29.482315415863358,7.906916414619334,,2.104599017103204,,,,,,57459.0,420964.0,200021.0,678444.0,proyeccion_oficial,Proyección
2037,39,,,13.932485348928894,63.93429934865317,50.00181399972428,358.88653565724604,46.305969820561835,,,,,,,8.498822640707713,61.0000472124027,30.501130146889587,8.37577531617556,,1.9999274426434097,,,,,,57604.0,413451.0,206733.0,677788.0,proyeccion_oficial,Proyección
2038,39,,,14.24911565028033,66.7671721501276,52.518056499847276,368.57063826844615,44.12216587774531,,,,,,,8.54431688597139,59.96383983172523,31.49184328230338,8.90104403623107,,1.9041070188934126,,,,,,57844.0,405948.0,213196.0,676988.0,proyeccion_oficial,Proyección
2039,39,,,14.629340508737492,69.68433576473777,55.05499525600028,376.3327213767308,42.25210903770074,,,,,,,8.62150324177279,58.9329589848806,32.44553777334661,9.479171443406177,,1.8163656092423566,,,,,,58283.0,398398.0,219338.0,676019.0,proyeccion_oficial,Proyección
2040,39,,,15.00617611629474,72.23708119806447,57.230905081769734,381.3823364342931,40.09997528083716,,,,,,,8.712511853959223,58.05950687529635,33.22798127074443,10.160324798482694,,1.7473076803018073,,,,,,58799.0,391832.0,224249.0,674880.0,proyeccion_oficial,Proyección
2041,39,,,15.365656440000622,74.56550923406262,59.199852794062004,385.2738281974734,37.91045327715875,,,,,,,8.802229322058055,57.285084802128374,33.91268587581357,10.847457123853864,,1.689193389515158,,,,,,59289.0,385854.0,228425.0,673568.0,proyeccion_oficial,Proyección
2042,39,,,15.683596371416616,76.87764978959585,61.19405341817924,390.1787062673043,36.43293395811704,,,,,,,8.866918115473029,56.536255495793064,34.5968263887339,11.435564383541262,,1.6341457121108516,,,,,,59595.0,379983.0,232527.0,672105.0,proyeccion_oficial,Proyección
2043,39,,,15.947029275965294,79.04270290623306,63.09567363026777,395.6578528727163,35.540244699906175,,,,,,,8.906830056244715,55.852597384195704,35.24057255955959,12.126396236630507,,1.5848947201354353,,,,,,59717.0,374471.0,236275.0,670463.0,proyeccion_oficial,Proyección
2044,39,,,16.190977459928156,81.40661117562156,65.2156337156934,402.7899728543182,35.20502970258899,,,,,,,8.92524112269178,55.12478258203556,35.94997629527266,12.638134251012872,,1.5333746573091436,,,,,,59678.0,368588.0,240377.0,668643.0,proyeccion_oficial,Proyección
2045,39,,,16.433826271689796,84.15294809919912,67.71912182750933,412.0715450434549,35.50857873260902,,,,,,,8.924009331003083,54.30268753891043,36.77330313008648,13.16991576594484,,1.4766877847990243,,,,,,59487.0,361979.0,245129.0,666595.0,proyeccion_oficial,Proyección
2046,39,,,16.65235737388352,86.97948188162039,70.32712450773687,422.3253376608009,36.19954548197011,,,,,,,8.905981130285937,53.481803989226776,37.612214880487294,13.775312801566905,,1.421926471471171,,,,,,59157.0,355247.0,249835.0,664239.0,proyeccion_oficial,Proyección
2047,39,,,16.839946065352727,89.8003270505207,72.96038098516797,433.25780677694684,36.97322895722553,,,,,,,8.872453660667455,52.68694820182379,38.44059813750874,14.263279054757728,,1.37060687800313,,,,,,58699.0,348570.0,254318.0,661587.0,proyeccion_oficial,Proyección
2048,39,,,16.956892174998977,92.17295650702319,75.2160643320242,443.5722274799965,37.40189306728063,,,,,,,8.823766092384217,52.03645810400247,39.13977580361332,14.832399308249533,,1.3295032236540953,,,,,,58115.0,342722.0,257782.0,658619.0,proyeccion_oficial,Proyección
2049,39,,,16.990338664575596,93.90551716995368,76.9151785053781,452.69950189835936,37.83257955425172,,,,,,,8.762173924986342,51.57150836113256,39.6663177138811,15.527381602761508,,1.3001334969665026,,,,,,57418.0,337945.0,259931.0,655294.0,proyeccion_oficial,Proyección
2050,39,,,16.95737885660529,95.21807908250393,78.26070022589865,461.5141342756184,38.11641107851143,,,,,,,8.68637727422709,51.224763848709706,40.0888588770632,16.152364582294215,,1.2777805426139952,,,,,,56600.0,333778.0,261217.0,651595.0,proyeccion_oficial,Proyección
2051,39,,,16.88560299007354,96.44777079338883,79.5621678033153,471.18345640417544,38.37951602928562,,,,,,,8.595466836746512,50.904115427796626,40.500417735456864,16.83852246737262,,1.2568787749374657,,,,,,55659.0,329624.0,262256.0,647539.0,proyeccion_oficial,Proyección
2052,39,,,16.765812385793037,97.50840716797445,80.74259478218141,481.5907092614302,38.55574115623734,,,,,,,8.488657584856254,50.63075614546031,40.880586269683434,17.463229863306363,,1.238503670457571,,,,,,54592.0,325615.0,262910.0,643117.0,proyeccion_oficial,Proyección
2000,CNSJ,9779.0,14954.0,29.60807750623668,47.10294844006722,17.494870933830544,59.088169200264375,154.07617508223387,12097.0,24733.0,892000.0,1459000.0,917000.0,,20.12745347405434,67.97960276149195,11.89294376445372,1.7619037990202602,,5.715961002411622,,2.8353326063249726,61.13776559287183,62.85126799177518,,378250.0,1277523.0,223501.0,1879274.0,estimado,Histórico
2001,CNSJ,7710.0,14252.0,29.63558485280984,47.815496421673096,18.179911568863254,61.34487191380521,151.4389998321866,11113.0,21962.0,897000.0,1463000.0,924000.0,,20.049037868308773,67.6519055314269,12.29905660026432,1.8529491006270025,,5.5005768109053985,,2.922077922077922,61.31237183868763,63.1578947368421,,377285.0,1273081.0,231445.0,1881811.0,estimado,Histórico
2002,CNSJ,4389.0,14670.0,29.245424589848007,48.224412297135494,18.978987707287484,64.89557930328587,148.6201195472466,10421.0,19059.0,911000.0,1466000.0,936000.0,,19.730504669650283,67.4652700255183,12.804225304831423,1.9661180597998713,,5.268984918600393,,2.6709401709401708,62.1418826739427,63.847203274215545,,370281.0,1266116.0,240296.0,1876693.0,estimado,Histórico
2003,CNSJ,4321.0,14306.0,28.728334789440552,48.41178606481606,19.68345127537551,68.51580998217271,147.01598436370452,10551.0,18627.0,908000.0,1472000.0,935000.0,,19.3571788004047,67.3800933548006,13.262727844794705,2.063410324156329,,5.08040986313729,,2.8877005347593583,61.684782608695656,63.51902173913043,,362366.0,1261354.0,248278.0,1871998.0,estimado,Histórico
2004,CNSJ,4553.0,14087.0,28.230161750340333,48.438558017096966,20.208396266756637,71.58441544003202,146.96099525989678,11418.0,18640.0,943000.0,1493000.0,966000.0,,19.018078676760535,67.36794087455506,13.613980448684405,2.1566811604774605,,4.948438197666518,,2.380952380952381,63.16141995981246,64.70194239785666,,359792.0,1274495.0,257555.0,1891842.0,estimado,Histórico
2005,CNSJ,3503.0,14018.0,27.57612550970189,47.97646615949754,20.400340649795655,73.97827023458524,145.06414159216413,12107.0,17521.0,954000.0,1521000.0,980000.0,,18.635480509433677,67.57831335978402,13.786206130782308,2.2262049422218886,,4.901878930193338,,2.7551020408163267,62.721893491124256,64.43129520052597,,357482.0,1296346.0,264459.0,1918287.0,estimado,Histórico
2006,CNSJ,5008.0,13617.0,27.043262187348976,47.85317721552705,20.80991502817807,76.95046139039059,140.68627711400234,13373.0,18625.0,994000.0,1554000.0,1019000.0,,18.290619583999703,67.63466425495139,14.074716161048912,2.3286195417912543,,4.805401649386509,,2.4533856722276743,63.96396396396396,65.57271557271557,,355339.0,1313965.0,273435.0,1942739.0,estimado,Histórico
2007,CNSJ,6677.0,13953.0,26.222258753904327,47.418812487857366,21.196553733953046,80.83420247234429,140.28148968134735,13766.0,20630.0,1027000.0,1590000.0,1051000.0,,17.787593259892937,67.83394758944814,14.378459150658921,2.413263674273778,,4.717748047873371,,2.378686964795433,64.59119496855345,66.1006289308176,,350922.0,1338260.0,283665.0,1972847.0,estimado,Histórico
2008,CNSJ,6157.0,13592.0,25.306074522682735,46.777347239877685,21.471272717194946,84.84631900514431,139.2199394709388,13354.0,19749.0,1013000.0,1632000.0,1039000.0,,17.241130868324735,68.13040423504205,14.628464896633215,2.5239721705186775,,4.657385769215092,,2.5024061597690084,62.07107843137255,63.6642156862745,,346985.0,1371153.0,294404.0,2012542.0,estimado,Histórico
2009,CNSJ,5702.0,13555.0,24.383588107137363,45.975551731662904,21.591963624525544,88.55121538985199,138.0463291088554,12708.0,19257.0,1005000.0,1668000.0,1037000.0,,16.703884875160522,68.50462205056319,14.791493074276305,2.6833870857064435,,4.6313527448894725,,3.085824493731919,60.251798561151084,62.170263788968825,,340796.0,1397645.0,301779.0,2040220.0,estimado,Histórico
2010,CNSJ,6228.0,14014.0,23.520716776072444,45.13492991021438,21.614213134141938,91.89436418931763,135.18599271955102,13185.0,20242.0,1029000.0,1709000.0,1061000.0,,16.206103376095054,68.90140096657886,14.892495657326087,2.8286461975792694,,4.626585264954171,,2.9217719132893496,60.21064950263312,62.08308952603861,,336704.0,1431521.0,309412.0,2077637.0,estimado,Histórico
2011,CNSJ,6373.0,14025.0,22.792297318368206,44.18729021968974,21.39499290132153,93.86940071231611,128.4900475839421,13216.0,20398.0,1063000.0,1743000.0,1089000.0,,15.807424693009292,69.35424047961222,14.838334827378496,2.9481068313436447,,4.673990800614997,,2.3875114784205693,60.98680436029834,62.47848537005164,,333279.0,1462244.0,312847.0,2108370.0,estimado,Histórico
2012,CNSJ,6688.0,14814.0,22.156525492803674,43.76876836618691,21.612242873383238,97.54346583088032,124.10610120383072,13483.0,21502.0,1095000.0,1780000.0,1121000.0,,15.411222996895816,69.55613596500635,15.032641038097841,3.139292984204926,,4.627007043454798,,2.31935771632471,61.51685393258427,62.977528089887635,,330547.0,1491872.0,322427.0,2144846.0,estimado,Histórico
2013,CNSJ,5073.0,14666.0,21.687181962497714,43.40961191697782,21.722429954480113,100.16252914760133,119.83960337102016,13225.0,19739.0,1141000.0,1821000.0,1173000.0,,15.122544209277116,69.7303330392468,15.147122751476088,3.3318598436144398,,4.603536538479004,,2.7280477408354646,62.65788028555739,64.41515650741351,,329787.0,1520654.0,330323.0,2180764.0,estimado,Histórico
2014,CNSJ,4542.0,15002.0,21.050541560391594,42.88241809659334,21.831876536201747,103.71170961834208,115.04053902822102,12960.0,19544.0,1163000.0,1865000.0,1203000.0,,14.732772471810154,69.98761732349506,15.279610204694787,3.519671068545254,,4.580458296114831,,3.3250207813798838,62.35924932975871,64.50402144772119,,327073.0,1553751.0,339213.0,2220037.0,estimado,Histórico
2015,CNSJ,5864.0,15448.0,20.816840993501042,42.60921063447661,21.79236964097557,104.68624729265636,109.78766416189754,13829.0,21312.0,1199000.0,1925000.0,1242000.0,,14.597122374414468,70.12169799909432,15.281179626491204,3.660939916061612,,4.588762105612089,,3.462157809983897,62.28571428571429,64.51948051948052,,334276.0,1605796.0,349941.0,2290013.0,estimado,Histórico
2016,CNSJ,4934.0,15665.0,20.483377571873323,42.17670480998508,21.69332723811176,105.90698317205202,103.20459420280348,13404.0,20599.0,1226000.0,1987000.0,1266000.0,82368.0,14.406985728955208,70.33501031948026,15.258003951564527,3.874507325305941,,4.609712419970126,,3.15955766192733,61.70105686965274,63.714141922496225,,340089.0,1660317.0,360178.0,2360584.0,estimado,Histórico
2017,CNSJ,2694.0,16480.0,20.3243523255061,42.391082960024015,22.066730634517917,108.5728601881459,97.28727161826993,12689.0,19174.0,1269000.0,2042000.0,1306000.0,90042.0,14.27361313855034,70.22911682473459,15.49727003671508,4.079793393435107,,4.531708917657918,,2.756508422664625,62.144955925563174,63.95690499510284,,345264.0,1698770.0,374863.0,2418897.0,estimado,Histórico
2018,CNSJ,1022.0,17061.0,20.13764539541465,42.38637420848729,22.24872881307264,110.4832684070337,90.83259599552323,13008.0,18083.0,1327000.0,2095000.0,1368000.0,102324.0,14.142958206048833,70.23143931846764,15.625602475483532,4.237192429963612,,4.494638810161739,,3.070175438596491,63.34128878281623,65.29832935560859,,350654.0,1741286.0,387414.0,2479354.0,estimado,Histórico
2019,CNSJ,230.0,16817.0,19.813900590437015,42.50575018318542,22.691849592748405,114.52489876577054,86.55614227132737,11865.0,17047.0,1364000.0,2146000.0,1403000.0,111847.0,13.903930588742588,70.17260698003696,15.923462431220454,4.456485745391999,,4.406868624404986,,2.851033499643621,63.560111835973906,65.37744641192917,,350178.0,1767335.0,401041.0,2518554.0,estimado,Histórico
2020,CNSJ,-1921.0,17339.0,19.722034203205137,43.73879594835306,24.016761745147925,121.77629091244975,79.7486709884764,10347.0,15418.0,1356000.0,2172000.0,1403000.0,106410.0,13.72074537920262,69.5706398124631,16.70861480833429,4.666402370271329,,4.163758672428138,,3.3499643620812543,62.430939226519335,64.59484346224677,,346441.0,1756619.0,421883.0,2524943.0,estimado,Histórico
2021,CNSJ,-3126.0,17680.0,19.475567006605456,44.62909832676666,25.153531320161203,129.15429528511277,75.14174881244793,9643.0,14554.0,1378000.0,2189000.0,1410000.0,105603.0,13.465870445104677,69.1423794775141,17.39175007738122,4.839549789148491,,3.9755849279042352,,2.269503546099291,62.95111923252627,64.41297396071265,,341514.0,1753551.0,441080.0,2536145.0,estimado,Histórico
2022,CNSJ,-7967.0,21397.0,18.86513567251,44.84109224285884,25.975956570348846,137.69292212512752,73.98836917964474,9681.0,13430.0,1423000.0,2218000.0,1456000.0,115816.0,13.024712379880658,69.04118054586841,17.934107074250917,5.073086643344818,,3.8497138586283466,,2.2664835164835164,64.15689810640217,65.64472497745717,,334267.0,1771877.0,460262.0,2566406.0,estimado,Histórico
2023,CNSJ,-8179.0,20376.0,,,,,,9969.0,12197.0,1456000.0,2248000.0,1493000.0,134644.0,,,,,,,,2.478231748158071,64.76868327402136,66.41459074733096,,,,,,proyeccion_oficial,Histórico
2024,CNSJ,-7707.0,20457.0,,,,,,11018.0,12750.0,1474000.0,2275000.0,1516000.0,147103.0,,,,,,,,2.7704485488126647,64.79120879120879,66.63736263736264,,,,,,proyeccion_oficial,Histórico
2025,CNSJ,-7242.0,20438.0,,,,,,11382.0,13196.0,1508000.0,2306000.0,1549000.0,155675.0,,,,,,,,2.646868947708199,65.39462272333044,67.17259323503903,,,,,,proyeccion_oficial,Histórico
